ISO-10303-21;
HEADER;
/* Generated by software containing ST-Developer
 * from STEP Tools, Inc. (www.steptools.com) 
 */

FILE_DESCRIPTION(
/* description */ (''),
/* implementation_level */ '2;1');

FILE_NAME(
/* name */ 'link Nema.step',
/* time_stamp */ '2026-03-04T15:16:55+01:00',
/* author */ (''),
/* organization */ (''),
/* preprocessor_version */ 'ST-DEVELOPER v20.1',
/* originating_system */ 'Autodesk Translation Framework v14.24.0.0',
/* authorisation */ '');

FILE_SCHEMA (('AUTOMOTIVE_DESIGN { 1 0 10303 214 3 1 1 }'));
ENDSEC;

DATA;
#10=MECHANICAL_DESIGN_GEOMETRIC_PRESENTATION_REPRESENTATION('',(#13),#4881);
#11=SHAPE_REPRESENTATION_RELATIONSHIP('SRR','None',#4888,#12);
#12=ADVANCED_BREP_SHAPE_REPRESENTATION('',(#14),#4880);
#13=STYLED_ITEM('',(#4897),#14);
#14=MANIFOLD_SOLID_BREP('Bry\X2\0142\X0\a1',#2659);
#15=FACE_BOUND('',#683,.T.);
#16=FACE_BOUND('',#684,.T.);
#17=FACE_BOUND('',#686,.T.);
#18=FACE_BOUND('',#687,.T.);
#19=B_SPLINE_CURVE_WITH_KNOTS('',3,(#3867,#3868,#3869,#3870),
 .UNSPECIFIED.,.F.,.F.,(4,4),(1.55039792980465,1.59897209047484),
 .UNSPECIFIED.);
#20=B_SPLINE_CURVE_WITH_KNOTS('',3,(#3879,#3880,#3881,#3882),
 .UNSPECIFIED.,.F.,.F.,(4,4),(1.96300662605172,2.01158078672257),
 .UNSPECIFIED.);
#21=B_SPLINE_CURVE_WITH_KNOTS('',3,(#3892,#3893,#3894,#3895),
 .UNSPECIFIED.,.F.,.F.,(4,4),(1.96300662605172,2.01158078672257),
 .UNSPECIFIED.);
#22=B_SPLINE_CURVE_WITH_KNOTS('',3,(#3899,#3900,#3901,#3902),
 .UNSPECIFIED.,.F.,.F.,(4,4),(1.55039792980465,1.59897209047484),
 .UNSPECIFIED.);
#23=B_SPLINE_CURVE_WITH_KNOTS('',3,(#3970,#3971,#3972,#3973),
 .UNSPECIFIED.,.F.,.F.,(4,4),(0.358787651102864,0.407361811773268),
 .UNSPECIFIED.);
#24=B_SPLINE_CURVE_WITH_KNOTS('',3,(#3981,#3982,#3983,#3984),
 .UNSPECIFIED.,.F.,.F.,(4,4),(3.15461690475395,3.20319106542436),
 .UNSPECIFIED.);
#25=B_SPLINE_CURVE_WITH_KNOTS('',3,(#3995,#3996,#3997,#3998),
 .UNSPECIFIED.,.F.,.F.,(4,4),(3.15461690475416,3.20319106542436),
 .UNSPECIFIED.);
#26=B_SPLINE_CURVE_WITH_KNOTS('',3,(#4001,#4002,#4003,#4004),
 .UNSPECIFIED.,.F.,.F.,(4,4),(0.358787651102865,0.407361811773061),
 .UNSPECIFIED.);
#27=B_SPLINE_CURVE_WITH_KNOTS('',3,(#4010,#4011,#4012,#4013),
 .UNSPECIFIED.,.F.,.F.,(4,4),(1.96300662605172,2.01158078672257),
 .UNSPECIFIED.);
#28=B_SPLINE_CURVE_WITH_KNOTS('',3,(#4017,#4018,#4019,#4020),
 .UNSPECIFIED.,.F.,.F.,(4,4),(1.55039792980465,1.59897209047484),
 .UNSPECIFIED.);
#29=B_SPLINE_CURVE_WITH_KNOTS('',3,(#4038,#4039,#4040,#4041),
 .UNSPECIFIED.,.F.,.F.,(4,4),(3.15461690475416,3.20319106542436),
 .UNSPECIFIED.);
#30=B_SPLINE_CURVE_WITH_KNOTS('',3,(#4045,#4046,#4047,#4048),
 .UNSPECIFIED.,.F.,.F.,(4,4),(0.358787651102864,0.40736181177306),
 .UNSPECIFIED.);
#31=B_SPLINE_CURVE_WITH_KNOTS('',3,(#4055,#4056,#4057,#4058),
 .UNSPECIFIED.,.F.,.F.,(4,4),(3.15461690475416,3.20319106542436),
 .UNSPECIFIED.);
#32=B_SPLINE_CURVE_WITH_KNOTS('',3,(#4067,#4068,#4069,#4070),
 .UNSPECIFIED.,.F.,.F.,(4,4),(0.358787651102864,0.40736181177306),
 .UNSPECIFIED.);
#33=B_SPLINE_CURVE_WITH_KNOTS('',3,(#4075,#4076,#4077,#4078),
 .UNSPECIFIED.,.F.,.F.,(4,4),(1.96300662605172,2.01158078672257),
 .UNSPECIFIED.);
#34=B_SPLINE_CURVE_WITH_KNOTS('',3,(#4087,#4088,#4089,#4090),
 .UNSPECIFIED.,.F.,.F.,(4,4),(1.55039792980465,1.59897209047484),
 .UNSPECIFIED.);
#35=B_SPLINE_CURVE_WITH_KNOTS('',3,(#4095,#4096,#4097,#4098),
 .UNSPECIFIED.,.F.,.F.,(4,4),(1.96300662605172,2.01158078672257),
 .UNSPECIFIED.);
#36=B_SPLINE_CURVE_WITH_KNOTS('',3,(#4102,#4103,#4104,#4105),
 .UNSPECIFIED.,.F.,.F.,(4,4),(0.358787651102864,0.40736181177306),
 .UNSPECIFIED.);
#37=B_SPLINE_CURVE_WITH_KNOTS('',3,(#4115,#4116,#4117,#4118),
 .UNSPECIFIED.,.F.,.F.,(4,4),(1.55039792980465,1.59897209047484),
 .UNSPECIFIED.);
#38=B_SPLINE_CURVE_WITH_KNOTS('',3,(#4120,#4121,#4122,#4123),
 .UNSPECIFIED.,.F.,.F.,(4,4),(3.15461690475416,3.20319106542436),
 .UNSPECIFIED.);
#39=B_SPLINE_CURVE_WITH_KNOTS('',3,(#4128,#4129,#4130,#4131),
 .UNSPECIFIED.,.F.,.F.,(4,4),(1.96300662605172,2.01158078672257),
 .UNSPECIFIED.);
#40=B_SPLINE_CURVE_WITH_KNOTS('',3,(#4135,#4136,#4137,#4138),
 .UNSPECIFIED.,.F.,.F.,(4,4),(0.358787651102865,0.407361811773061),
 .UNSPECIFIED.);
#41=B_SPLINE_CURVE_WITH_KNOTS('',3,(#4148,#4149,#4150,#4151),
 .UNSPECIFIED.,.F.,.F.,(4,4),(1.55039792980465,1.59897209047484),
 .UNSPECIFIED.);
#42=B_SPLINE_CURVE_WITH_KNOTS('',3,(#4153,#4154,#4155,#4156),
 .UNSPECIFIED.,.F.,.F.,(4,4),(3.15461690475416,3.20319106542436),
 .UNSPECIFIED.);
#43=B_SPLINE_CURVE_WITH_KNOTS('',3,(#4161,#4162,#4163,#4164),
 .UNSPECIFIED.,.F.,.F.,(4,4),(1.96300662605172,2.01158078672257),
 .UNSPECIFIED.);
#44=B_SPLINE_CURVE_WITH_KNOTS('',3,(#4173,#4174,#4175,#4176),
 .UNSPECIFIED.,.F.,.F.,(4,4),(1.55039792980465,1.59897209047484),
 .UNSPECIFIED.);
#45=B_SPLINE_CURVE_WITH_KNOTS('',3,(#4181,#4182,#4183,#4184),
 .UNSPECIFIED.,.F.,.F.,(4,4),(1.96300662605172,2.01158078672257),
 .UNSPECIFIED.);
#46=B_SPLINE_CURVE_WITH_KNOTS('',3,(#4193,#4194,#4195,#4196),
 .UNSPECIFIED.,.F.,.F.,(4,4),(1.55039792980465,1.59897209047484),
 .UNSPECIFIED.);
#47=B_SPLINE_CURVE_WITH_KNOTS('',3,(#4201,#4202,#4203,#4204),
 .UNSPECIFIED.,.F.,.F.,(4,4),(1.96300662605172,2.01158078672257),
 .UNSPECIFIED.);
#48=B_SPLINE_CURVE_WITH_KNOTS('',3,(#4208,#4209,#4210,#4211),
 .UNSPECIFIED.,.F.,.F.,(4,4),(0.358787651102864,0.407361811773061),
 .UNSPECIFIED.);
#49=B_SPLINE_CURVE_WITH_KNOTS('',3,(#4221,#4222,#4223,#4224),
 .UNSPECIFIED.,.F.,.F.,(4,4),(1.55039792980465,1.59897209047484),
 .UNSPECIFIED.);
#50=B_SPLINE_CURVE_WITH_KNOTS('',3,(#4226,#4227,#4228,#4229),
 .UNSPECIFIED.,.F.,.F.,(4,4),(3.15461690475416,3.20319106542436),
 .UNSPECIFIED.);
#51=B_SPLINE_CURVE_WITH_KNOTS('',3,(#4234,#4235,#4236,#4237),
 .UNSPECIFIED.,.F.,.F.,(4,4),(3.15461690475416,3.20319106542436),
 .UNSPECIFIED.);
#52=B_SPLINE_CURVE_WITH_KNOTS('',3,(#4241,#4242,#4243,#4244),
 .UNSPECIFIED.,.F.,.F.,(4,4),(1.55039792980465,1.59897209047484),
 .UNSPECIFIED.);
#53=B_SPLINE_CURVE_WITH_KNOTS('',3,(#4254,#4255,#4256,#4257),
 .UNSPECIFIED.,.F.,.F.,(4,4),(0.358787651102864,0.40736181177306),
 .UNSPECIFIED.);
#54=B_SPLINE_CURVE_WITH_KNOTS('',3,(#4259,#4260,#4261,#4262),
 .UNSPECIFIED.,.F.,.F.,(4,4),(1.96300662605172,2.01158078672257),
 .UNSPECIFIED.);
#55=B_SPLINE_CURVE_WITH_KNOTS('',3,(#4267,#4268,#4269,#4270),
 .UNSPECIFIED.,.F.,.F.,(4,4),(1.96300662605172,2.01158078672257),
 .UNSPECIFIED.);
#56=B_SPLINE_CURVE_WITH_KNOTS('',3,(#4274,#4275,#4276,#4277),
 .UNSPECIFIED.,.F.,.F.,(4,4),(0.358787651102864,0.40736181177306),
 .UNSPECIFIED.);
#57=B_SPLINE_CURVE_WITH_KNOTS('',3,(#4287,#4288,#4289,#4290),
 .UNSPECIFIED.,.F.,.F.,(4,4),(1.55039792980465,1.59897209047484),
 .UNSPECIFIED.);
#58=B_SPLINE_CURVE_WITH_KNOTS('',3,(#4292,#4293,#4294,#4295),
 .UNSPECIFIED.,.F.,.F.,(4,4),(3.15461690475416,3.20319106542436),
 .UNSPECIFIED.);
#59=B_SPLINE_CURVE_WITH_KNOTS('',3,(#4300,#4301,#4302,#4303),
 .UNSPECIFIED.,.F.,.F.,(4,4),(1.96300662605172,2.01158078672257),
 .UNSPECIFIED.);
#60=B_SPLINE_CURVE_WITH_KNOTS('',3,(#4307,#4308,#4309,#4310),
 .UNSPECIFIED.,.F.,.F.,(4,4),(0.358787651102864,0.40736181177306),
 .UNSPECIFIED.);
#61=B_SPLINE_CURVE_WITH_KNOTS('',3,(#4320,#4321,#4322,#4323),
 .UNSPECIFIED.,.F.,.F.,(4,4),(1.55039792980465,1.59897209047484),
 .UNSPECIFIED.);
#62=B_SPLINE_CURVE_WITH_KNOTS('',3,(#4325,#4326,#4327,#4328),
 .UNSPECIFIED.,.F.,.F.,(4,4),(3.15461690475416,3.20319106542436),
 .UNSPECIFIED.);
#63=B_SPLINE_CURVE_WITH_KNOTS('',3,(#4333,#4334,#4335,#4336),
 .UNSPECIFIED.,.F.,.F.,(4,4),(1.96300662605172,2.01158078672257),
 .UNSPECIFIED.);
#64=B_SPLINE_CURVE_WITH_KNOTS('',3,(#4340,#4341,#4342,#4343),
 .UNSPECIFIED.,.F.,.F.,(4,4),(0.358787651102864,0.40736181177306),
 .UNSPECIFIED.);
#65=B_SPLINE_CURVE_WITH_KNOTS('',3,(#4353,#4354,#4355,#4356),
 .UNSPECIFIED.,.F.,.F.,(4,4),(1.55039792980465,1.59897209047484),
 .UNSPECIFIED.);
#66=B_SPLINE_CURVE_WITH_KNOTS('',3,(#4358,#4359,#4360,#4361),
 .UNSPECIFIED.,.F.,.F.,(4,4),(3.15461690475416,3.20319106542436),
 .UNSPECIFIED.);
#67=B_SPLINE_CURVE_WITH_KNOTS('',3,(#4366,#4367,#4368,#4369),
 .UNSPECIFIED.,.F.,.F.,(4,4),(3.15461690475416,3.20319106542436),
 .UNSPECIFIED.);
#68=B_SPLINE_CURVE_WITH_KNOTS('',3,(#4378,#4379,#4380,#4381),
 .UNSPECIFIED.,.F.,.F.,(4,4),(0.358787651102865,0.40736181177306),
 .UNSPECIFIED.);
#69=B_SPLINE_CURVE_WITH_KNOTS('',3,(#4386,#4387,#4388,#4389),
 .UNSPECIFIED.,.F.,.F.,(4,4),(3.15461690475416,3.20319106542436),
 .UNSPECIFIED.);
#70=B_SPLINE_CURVE_WITH_KNOTS('',3,(#4393,#4394,#4395,#4396),
 .UNSPECIFIED.,.F.,.F.,(4,4),(1.55039792980465,1.59897209047484),
 .UNSPECIFIED.);
#71=B_SPLINE_CURVE_WITH_KNOTS('',3,(#4406,#4407,#4408,#4409),
 .UNSPECIFIED.,.F.,.F.,(4,4),(0.358787651102865,0.407361811773061),
 .UNSPECIFIED.);
#72=B_SPLINE_CURVE_WITH_KNOTS('',3,(#4411,#4412,#4413,#4414),
 .UNSPECIFIED.,.F.,.F.,(4,4),(1.96300662605172,2.01158078672257),
 .UNSPECIFIED.);
#73=B_SPLINE_CURVE_WITH_KNOTS('',3,(#4419,#4420,#4421,#4422),
 .UNSPECIFIED.,.F.,.F.,(4,4),(3.15461690475416,3.20319106542436),
 .UNSPECIFIED.);
#74=B_SPLINE_CURVE_WITH_KNOTS('',3,(#4426,#4427,#4428,#4429),
 .UNSPECIFIED.,.F.,.F.,(4,4),(1.55039792980465,1.59897209047484),
 .UNSPECIFIED.);
#75=B_SPLINE_CURVE_WITH_KNOTS('',3,(#4439,#4440,#4441,#4442),
 .UNSPECIFIED.,.F.,.F.,(4,4),(0.358787651102865,0.407361811773061),
 .UNSPECIFIED.);
#76=B_SPLINE_CURVE_WITH_KNOTS('',3,(#4444,#4445,#4446,#4447),
 .UNSPECIFIED.,.F.,.F.,(4,4),(1.96300662605172,2.01158078672257),
 .UNSPECIFIED.);
#77=B_SPLINE_CURVE_WITH_KNOTS('',3,(#4452,#4453,#4454,#4455),
 .UNSPECIFIED.,.F.,.F.,(4,4),(1.96300662605172,2.01158078672257),
 .UNSPECIFIED.);
#78=B_SPLINE_CURVE_WITH_KNOTS('',3,(#4459,#4460,#4461,#4462),
 .UNSPECIFIED.,.F.,.F.,(4,4),(0.358787651102865,0.407361811773061),
 .UNSPECIFIED.);
#79=B_SPLINE_CURVE_WITH_KNOTS('',3,(#4472,#4473,#4474,#4475),
 .UNSPECIFIED.,.F.,.F.,(4,4),(1.55039792980465,1.59897209047484),
 .UNSPECIFIED.);
#80=B_SPLINE_CURVE_WITH_KNOTS('',3,(#4477,#4478,#4479,#4480),
 .UNSPECIFIED.,.F.,.F.,(4,4),(3.15461690475416,3.20319106542436),
 .UNSPECIFIED.);
#81=B_SPLINE_CURVE_WITH_KNOTS('',3,(#4485,#4486,#4487,#4488),
 .UNSPECIFIED.,.F.,.F.,(4,4),(3.15461690475416,3.20319106542436),
 .UNSPECIFIED.);
#82=B_SPLINE_CURVE_WITH_KNOTS('',3,(#4492,#4493,#4494,#4495),
 .UNSPECIFIED.,.F.,.F.,(4,4),(1.55039792980465,1.59897209047484),
 .UNSPECIFIED.);
#83=B_SPLINE_CURVE_WITH_KNOTS('',3,(#4505,#4506,#4507,#4508),
 .UNSPECIFIED.,.F.,.F.,(4,4),(0.358787651102864,0.407361811773061),
 .UNSPECIFIED.);
#84=B_SPLINE_CURVE_WITH_KNOTS('',3,(#4510,#4511,#4512,#4513),
 .UNSPECIFIED.,.F.,.F.,(4,4),(1.96300662605172,2.01158078672257),
 .UNSPECIFIED.);
#85=(
BOUNDED_CURVE()
B_SPLINE_CURVE(2,(#3861,#3862,#3863),.UNSPECIFIED.,.F.,.F.)
B_SPLINE_CURVE_WITH_KNOTS((3,3),(0.,0.0514124486937513),.UNSPECIFIED.)
CURVE()
GEOMETRIC_REPRESENTATION_ITEM()
RATIONAL_B_SPLINE_CURVE((1.,1.00016298899506,1.0000027293669))
REPRESENTATION_ITEM('')
);
#86=(
BOUNDED_CURVE()
B_SPLINE_CURVE(2,(#4521,#4522,#4523),.UNSPECIFIED.,.F.,.F.)
B_SPLINE_CURVE_WITH_KNOTS((3,3),(0.0004341037382425,0.0518465524319494),
 .UNSPECIFIED.)
CURVE()
GEOMETRIC_REPRESENTATION_ITEM()
RATIONAL_B_SPLINE_CURVE((1.00000272936456,1.00016298885507,1.))
REPRESENTATION_ITEM('')
);
#87=CONICAL_SURFACE('',#2677,10.6644949641686,0.785398163397443);
#88=CONICAL_SURFACE('',#2720,10.6644949641686,0.785398163397443);
#89=CONICAL_SURFACE('',#2725,11.,0.785398163397451);
#90=CONICAL_SURFACE('',#2727,11.,0.785398163397451);
#91=CONICAL_SURFACE('',#2732,10.6644949641686,0.785398163397443);
#92=CONICAL_SURFACE('',#2734,11.,0.785398163397451);
#93=CONICAL_SURFACE('',#2739,10.6644949641686,0.785398163397443);
#94=CONICAL_SURFACE('',#2741,11.,0.785398163397451);
#95=CONICAL_SURFACE('',#2746,10.6644949641686,0.785398163397443);
#96=CONICAL_SURFACE('',#2748,11.,0.785398163397451);
#97=CONICAL_SURFACE('',#2753,10.6644949641686,0.785398163397443);
#98=CONICAL_SURFACE('',#2755,11.,0.785398163397451);
#99=CONICAL_SURFACE('',#2760,10.6644949641686,0.785398163397443);
#100=CONICAL_SURFACE('',#2762,11.,0.785398163397451);
#101=CONICAL_SURFACE('',#2767,10.6644949641686,0.785398163397443);
#102=CONICAL_SURFACE('',#2769,10.6644949641686,0.785398163397443);
#103=CONICAL_SURFACE('',#2774,11.,0.785398163397451);
#104=CONICAL_SURFACE('',#2776,11.,0.785398163397451);
#105=CONICAL_SURFACE('',#2781,10.6644949641686,0.785398163397443);
#106=CONICAL_SURFACE('',#2783,11.,0.785398163397451);
#107=CONICAL_SURFACE('',#2788,10.6644949641686,0.785398163397443);
#108=CONICAL_SURFACE('',#2790,11.,0.785398163397451);
#109=CONICAL_SURFACE('',#2795,10.6644949641686,0.785398163397443);
#110=CONICAL_SURFACE('',#2797,10.6644949641686,0.785398163397443);
#111=CONICAL_SURFACE('',#2802,11.,0.785398163397451);
#112=CONICAL_SURFACE('',#2804,10.6644949641686,0.785398163397443);
#113=CONICAL_SURFACE('',#2809,11.,0.785398163397451);
#114=CONICAL_SURFACE('',#2811,10.6644949641686,0.785398163397443);
#115=CONICAL_SURFACE('',#2816,11.,0.785398163397451);
#116=CONICAL_SURFACE('',#2818,11.,0.785398163397451);
#117=CONICAL_SURFACE('',#2823,10.6644949641686,0.785398163397443);
#118=CONICAL_SURFACE('',#2825,10.6644949641686,0.785398163397443);
#119=CONICAL_SURFACE('',#2830,11.,0.785398163397451);
#120=CONICAL_SURFACE('',#2834,11.,0.785398163397451);
#121=CIRCLE('',#2675,2.55);
#122=CIRCLE('',#2676,2.55);
#123=CIRCLE('',#2678,10.6644949641686);
#124=CIRCLE('',#2679,11.);
#125=CIRCLE('',#2681,4.88120154036331);
#126=CIRCLE('',#2682,4.88120154036331);
#127=CIRCLE('',#2684,4.88120154036331);
#128=CIRCLE('',#2685,4.88120154036331);
#129=CIRCLE('',#2687,0.392699081698724);
#130=CIRCLE('',#2688,0.392699081698724);
#131=CIRCLE('',#2690,0.392699081698724);
#132=CIRCLE('',#2691,0.392699081698724);
#133=CIRCLE('',#2693,0.392699081698724);
#134=CIRCLE('',#2694,0.392699081698724);
#135=CIRCLE('',#2696,0.392699081698724);
#136=CIRCLE('',#2697,0.392699081698724);
#137=CIRCLE('',#2699,0.392699081698724);
#138=CIRCLE('',#2700,0.392699081698724);
#139=CIRCLE('',#2702,0.392699081698724);
#140=CIRCLE('',#2703,0.392699081698724);
#141=CIRCLE('',#2705,0.392699081698724);
#142=CIRCLE('',#2706,0.392699081698724);
#143=CIRCLE('',#2708,4.88120154036331);
#144=CIRCLE('',#2709,4.88120154036331);
#145=CIRCLE('',#2711,4.88120154036331);
#146=CIRCLE('',#2712,4.88120154036331);
#147=CIRCLE('',#2714,4.88120154036331);
#148=CIRCLE('',#2715,4.88120154036331);
#149=CIRCLE('',#2718,4.88120154036331);
#150=CIRCLE('',#2719,4.88120154036331);
#151=CIRCLE('',#2721,10.6644949641686);
#152=CIRCLE('',#2722,11.);
#153=CIRCLE('',#2724,11.);
#154=CIRCLE('',#2726,10.6644949641686);
#155=CIRCLE('',#2728,10.6644949641686);
#156=CIRCLE('',#2729,11.);
#157=CIRCLE('',#2731,11.);
#158=CIRCLE('',#2733,10.6644949641686);
#159=CIRCLE('',#2735,10.6644949641686);
#160=CIRCLE('',#2736,11.);
#161=CIRCLE('',#2738,11.);
#162=CIRCLE('',#2740,10.6644949641686);
#163=CIRCLE('',#2742,10.6644949641686);
#164=CIRCLE('',#2743,11.);
#165=CIRCLE('',#2745,11.);
#166=CIRCLE('',#2747,10.6644949641686);
#167=CIRCLE('',#2749,10.6644949641686);
#168=CIRCLE('',#2750,11.);
#169=CIRCLE('',#2752,11.);
#170=CIRCLE('',#2754,10.6644949641686);
#171=CIRCLE('',#2756,10.6644949641686);
#172=CIRCLE('',#2757,11.);
#173=CIRCLE('',#2759,11.);
#174=CIRCLE('',#2761,10.6644949641686);
#175=CIRCLE('',#2763,10.6644949641686);
#176=CIRCLE('',#2764,11.);
#177=CIRCLE('',#2766,11.);
#178=CIRCLE('',#2768,10.6644949641686);
#179=CIRCLE('',#2770,10.6644949641686);
#180=CIRCLE('',#2771,11.);
#181=CIRCLE('',#2773,11.);
#182=CIRCLE('',#2775,10.6644949641686);
#183=CIRCLE('',#2777,10.6644949641686);
#184=CIRCLE('',#2778,11.);
#185=CIRCLE('',#2780,11.);
#186=CIRCLE('',#2782,10.6644949641686);
#187=CIRCLE('',#2784,10.6644949641686);
#188=CIRCLE('',#2785,11.);
#189=CIRCLE('',#2787,11.);
#190=CIRCLE('',#2789,10.6644949641686);
#191=CIRCLE('',#2791,10.6644949641686);
#192=CIRCLE('',#2792,11.);
#193=CIRCLE('',#2794,11.);
#194=CIRCLE('',#2796,10.6644949641686);
#195=CIRCLE('',#2798,10.6644949641686);
#196=CIRCLE('',#2799,11.);
#197=CIRCLE('',#2801,11.);
#198=CIRCLE('',#2803,10.6644949641686);
#199=CIRCLE('',#2805,10.6644949641686);
#200=CIRCLE('',#2806,11.);
#201=CIRCLE('',#2808,11.);
#202=CIRCLE('',#2810,10.6644949641686);
#203=CIRCLE('',#2812,10.6644949641686);
#204=CIRCLE('',#2813,11.);
#205=CIRCLE('',#2815,11.);
#206=CIRCLE('',#2817,10.6644949641686);
#207=CIRCLE('',#2819,10.6644949641686);
#208=CIRCLE('',#2820,11.);
#209=CIRCLE('',#2822,11.);
#210=CIRCLE('',#2824,10.6644949641686);
#211=CIRCLE('',#2826,10.6644949641686);
#212=CIRCLE('',#2827,11.);
#213=CIRCLE('',#2829,11.);
#214=CIRCLE('',#2831,10.6644949641686);
#215=CIRCLE('',#2833,11.);
#216=CIRCLE('',#2835,10.6644949641686);
#217=CIRCLE('',#2837,4.88120154036331);
#218=CIRCLE('',#2838,4.88120154036331);
#219=CIRCLE('',#2841,4.88120154036331);
#220=CIRCLE('',#2842,4.88120154036331);
#221=CIRCLE('',#2845,4.88120154036331);
#222=CIRCLE('',#2846,4.88120154036331);
#223=CIRCLE('',#2848,4.88120154036331);
#224=CIRCLE('',#2849,4.88120154036331);
#225=CIRCLE('',#2852,4.88120154036331);
#226=CIRCLE('',#2853,4.88120154036331);
#227=CIRCLE('',#2855,4.88120154036331);
#228=CIRCLE('',#2856,4.88120154036331);
#229=CIRCLE('',#2859,4.88120154036331);
#230=CIRCLE('',#2860,4.88120154036331);
#231=CIRCLE('',#2862,4.88120154036331);
#232=CIRCLE('',#2863,4.88120154036331);
#233=CIRCLE('',#2866,4.88120154036331);
#234=CIRCLE('',#2867,4.88120154036331);
#235=CIRCLE('',#2869,4.88120154036331);
#236=CIRCLE('',#2870,4.88120154036331);
#237=CIRCLE('',#2873,4.88120154036331);
#238=CIRCLE('',#2874,4.88120154036331);
#239=CIRCLE('',#2876,4.88120154036331);
#240=CIRCLE('',#2877,4.88120154036331);
#241=CIRCLE('',#2880,4.88120154036331);
#242=CIRCLE('',#2881,4.88120154036331);
#243=CIRCLE('',#2883,4.88120154036331);
#244=CIRCLE('',#2884,4.88120154036331);
#245=CIRCLE('',#2887,4.88120154036331);
#246=CIRCLE('',#2888,4.88120154036331);
#247=CIRCLE('',#2890,4.88120154036331);
#248=CIRCLE('',#2891,4.88120154036331);
#249=CIRCLE('',#2894,4.88120154036331);
#250=CIRCLE('',#2895,4.88120154036331);
#251=CIRCLE('',#2897,4.88120154036331);
#252=CIRCLE('',#2898,4.88120154036331);
#253=CIRCLE('',#2901,4.88120154036331);
#254=CIRCLE('',#2902,4.88120154036331);
#255=CIRCLE('',#2904,4.88120154036331);
#256=CIRCLE('',#2905,4.88120154036331);
#257=CIRCLE('',#2908,4.88120154036331);
#258=CIRCLE('',#2909,4.88120154036331);
#259=CIRCLE('',#2911,4.88120154036331);
#260=CIRCLE('',#2912,4.88120154036331);
#261=CIRCLE('',#2915,4.88120154036331);
#262=CIRCLE('',#2916,4.88120154036331);
#263=CIRCLE('',#2919,4.88120154036331);
#264=CIRCLE('',#2920,4.88120154036331);
#265=CIRCLE('',#2923,4.88120154036331);
#266=CIRCLE('',#2924,4.88120154036331);
#267=CIRCLE('',#2926,4.88120154036331);
#268=CIRCLE('',#2927,4.88120154036331);
#269=CIRCLE('',#2930,4.88120154036331);
#270=CIRCLE('',#2931,4.88120154036331);
#271=CIRCLE('',#2933,0.392699081698724);
#272=CIRCLE('',#2934,0.392699081698724);
#273=CIRCLE('',#2936,0.392699081698724);
#274=CIRCLE('',#2937,0.392699081698724);
#275=CIRCLE('',#2939,0.392699081698724);
#276=CIRCLE('',#2940,0.392699081698724);
#277=CIRCLE('',#2942,0.392699081698725);
#278=CIRCLE('',#2943,0.392699081698725);
#279=CIRCLE('',#2945,0.392699081698724);
#280=CIRCLE('',#2946,0.392699081698724);
#281=CIRCLE('',#2948,0.392699081698724);
#282=CIRCLE('',#2949,0.392699081698724);
#283=CIRCLE('',#2951,0.392699081698724);
#284=CIRCLE('',#2952,0.392699081698724);
#285=CIRCLE('',#2954,0.392699081698724);
#286=CIRCLE('',#2955,0.392699081698724);
#287=CIRCLE('',#2957,0.392699081698724);
#288=CIRCLE('',#2958,0.392699081698724);
#289=CIRCLE('',#2960,0.392699081698724);
#290=CIRCLE('',#2961,0.392699081698724);
#291=CIRCLE('',#2963,0.392699081698724);
#292=CIRCLE('',#2964,0.392699081698724);
#293=CIRCLE('',#2966,0.392699081698724);
#294=CIRCLE('',#2967,0.392699081698724);
#295=CIRCLE('',#2969,0.392699081698724);
#296=CIRCLE('',#2970,0.392699081698724);
#297=CIRCLE('',#2972,0.392699081698724);
#298=CIRCLE('',#2973,0.392699081698724);
#299=CIRCLE('',#2975,0.392699081698724);
#300=CIRCLE('',#2976,0.392699081698724);
#301=CIRCLE('',#2978,0.392699081698724);
#302=CIRCLE('',#2979,0.392699081698724);
#303=CIRCLE('',#2981,0.392699081698724);
#304=CIRCLE('',#2982,0.392699081698724);
#305=CIRCLE('',#2984,0.392699081698724);
#306=CIRCLE('',#2985,0.392699081698724);
#307=CIRCLE('',#2987,0.392699081698724);
#308=CIRCLE('',#2988,0.392699081698724);
#309=CIRCLE('',#2990,0.392699081698724);
#310=CIRCLE('',#2991,0.392699081698724);
#311=CIRCLE('',#2993,0.392699081698724);
#312=CIRCLE('',#2994,0.392699081698724);
#313=CIRCLE('',#2996,0.392699081698724);
#314=CIRCLE('',#2997,0.392699081698724);
#315=CIRCLE('',#2999,0.392699081698724);
#316=CIRCLE('',#3000,0.392699081698724);
#317=CIRCLE('',#3002,0.392699081698724);
#318=CIRCLE('',#3003,0.392699081698724);
#319=CIRCLE('',#3007,5.50000000000001);
#320=CIRCLE('',#3008,2.1);
#321=CIRCLE('',#3010,5.50000000000001);
#322=CIRCLE('',#3011,2.1);
#323=CYLINDRICAL_SURFACE('',#2674,2.55);
#324=CYLINDRICAL_SURFACE('',#2680,4.88120154036331);
#325=CYLINDRICAL_SURFACE('',#2683,4.88120154036331);
#326=CYLINDRICAL_SURFACE('',#2686,0.392699081698724);
#327=CYLINDRICAL_SURFACE('',#2689,0.392699081698724);
#328=CYLINDRICAL_SURFACE('',#2692,0.392699081698724);
#329=CYLINDRICAL_SURFACE('',#2695,0.392699081698724);
#330=CYLINDRICAL_SURFACE('',#2698,0.392699081698724);
#331=CYLINDRICAL_SURFACE('',#2701,0.392699081698724);
#332=CYLINDRICAL_SURFACE('',#2704,0.392699081698724);
#333=CYLINDRICAL_SURFACE('',#2707,4.88120154036331);
#334=CYLINDRICAL_SURFACE('',#2710,4.88120154036331);
#335=CYLINDRICAL_SURFACE('',#2713,4.88120154036331);
#336=CYLINDRICAL_SURFACE('',#2717,4.88120154036331);
#337=CYLINDRICAL_SURFACE('',#2723,11.);
#338=CYLINDRICAL_SURFACE('',#2730,11.);
#339=CYLINDRICAL_SURFACE('',#2737,11.);
#340=CYLINDRICAL_SURFACE('',#2744,11.);
#341=CYLINDRICAL_SURFACE('',#2751,11.);
#342=CYLINDRICAL_SURFACE('',#2758,11.);
#343=CYLINDRICAL_SURFACE('',#2765,11.);
#344=CYLINDRICAL_SURFACE('',#2772,11.);
#345=CYLINDRICAL_SURFACE('',#2779,11.);
#346=CYLINDRICAL_SURFACE('',#2786,11.);
#347=CYLINDRICAL_SURFACE('',#2793,11.);
#348=CYLINDRICAL_SURFACE('',#2800,11.);
#349=CYLINDRICAL_SURFACE('',#2807,11.);
#350=CYLINDRICAL_SURFACE('',#2814,11.);
#351=CYLINDRICAL_SURFACE('',#2821,11.);
#352=CYLINDRICAL_SURFACE('',#2828,11.);
#353=CYLINDRICAL_SURFACE('',#2832,11.);
#354=CYLINDRICAL_SURFACE('',#2836,4.88120154036331);
#355=CYLINDRICAL_SURFACE('',#2840,4.88120154036331);
#356=CYLINDRICAL_SURFACE('',#2844,4.88120154036331);
#357=CYLINDRICAL_SURFACE('',#2847,4.88120154036331);
#358=CYLINDRICAL_SURFACE('',#2851,4.88120154036331);
#359=CYLINDRICAL_SURFACE('',#2854,4.88120154036331);
#360=CYLINDRICAL_SURFACE('',#2858,4.88120154036331);
#361=CYLINDRICAL_SURFACE('',#2861,4.88120154036331);
#362=CYLINDRICAL_SURFACE('',#2865,4.88120154036331);
#363=CYLINDRICAL_SURFACE('',#2868,4.88120154036331);
#364=CYLINDRICAL_SURFACE('',#2872,4.88120154036331);
#365=CYLINDRICAL_SURFACE('',#2875,4.88120154036331);
#366=CYLINDRICAL_SURFACE('',#2879,4.88120154036331);
#367=CYLINDRICAL_SURFACE('',#2882,4.88120154036331);
#368=CYLINDRICAL_SURFACE('',#2886,4.88120154036331);
#369=CYLINDRICAL_SURFACE('',#2889,4.88120154036331);
#370=CYLINDRICAL_SURFACE('',#2893,4.88120154036331);
#371=CYLINDRICAL_SURFACE('',#2896,4.88120154036331);
#372=CYLINDRICAL_SURFACE('',#2900,4.88120154036331);
#373=CYLINDRICAL_SURFACE('',#2903,4.88120154036331);
#374=CYLINDRICAL_SURFACE('',#2907,4.88120154036331);
#375=CYLINDRICAL_SURFACE('',#2910,4.88120154036331);
#376=CYLINDRICAL_SURFACE('',#2914,4.88120154036331);
#377=CYLINDRICAL_SURFACE('',#2918,4.88120154036331);
#378=CYLINDRICAL_SURFACE('',#2922,4.88120154036331);
#379=CYLINDRICAL_SURFACE('',#2925,4.88120154036331);
#380=CYLINDRICAL_SURFACE('',#2929,4.88120154036331);
#381=CYLINDRICAL_SURFACE('',#2932,0.392699081698724);
#382=CYLINDRICAL_SURFACE('',#2935,0.392699081698724);
#383=CYLINDRICAL_SURFACE('',#2938,0.392699081698724);
#384=CYLINDRICAL_SURFACE('',#2941,0.392699081698725);
#385=CYLINDRICAL_SURFACE('',#2944,0.392699081698724);
#386=CYLINDRICAL_SURFACE('',#2947,0.392699081698724);
#387=CYLINDRICAL_SURFACE('',#2950,0.392699081698724);
#388=CYLINDRICAL_SURFACE('',#2953,0.392699081698724);
#389=CYLINDRICAL_SURFACE('',#2956,0.392699081698724);
#390=CYLINDRICAL_SURFACE('',#2959,0.392699081698724);
#391=CYLINDRICAL_SURFACE('',#2962,0.392699081698724);
#392=CYLINDRICAL_SURFACE('',#2965,0.392699081698724);
#393=CYLINDRICAL_SURFACE('',#2968,0.392699081698724);
#394=CYLINDRICAL_SURFACE('',#2971,0.392699081698724);
#395=CYLINDRICAL_SURFACE('',#2974,0.392699081698724);
#396=CYLINDRICAL_SURFACE('',#2977,0.392699081698724);
#397=CYLINDRICAL_SURFACE('',#2980,0.392699081698724);
#398=CYLINDRICAL_SURFACE('',#2983,0.392699081698724);
#399=CYLINDRICAL_SURFACE('',#2986,0.392699081698724);
#400=CYLINDRICAL_SURFACE('',#2989,0.392699081698724);
#401=CYLINDRICAL_SURFACE('',#2992,0.392699081698724);
#402=CYLINDRICAL_SURFACE('',#2995,0.392699081698724);
#403=CYLINDRICAL_SURFACE('',#2998,0.392699081698724);
#404=CYLINDRICAL_SURFACE('',#3001,0.392699081698724);
#405=CYLINDRICAL_SURFACE('',#3012,2.1);
#406=CYLINDRICAL_SURFACE('',#3014,5.50000000000001);
#407=FACE_OUTER_BOUND('',#547,.T.);
#408=FACE_OUTER_BOUND('',#548,.T.);
#409=FACE_OUTER_BOUND('',#549,.T.);
#410=FACE_OUTER_BOUND('',#550,.T.);
#411=FACE_OUTER_BOUND('',#551,.T.);
#412=FACE_OUTER_BOUND('',#552,.T.);
#413=FACE_OUTER_BOUND('',#553,.T.);
#414=FACE_OUTER_BOUND('',#554,.T.);
#415=FACE_OUTER_BOUND('',#555,.T.);
#416=FACE_OUTER_BOUND('',#556,.T.);
#417=FACE_OUTER_BOUND('',#557,.T.);
#418=FACE_OUTER_BOUND('',#558,.T.);
#419=FACE_OUTER_BOUND('',#559,.T.);
#420=FACE_OUTER_BOUND('',#560,.T.);
#421=FACE_OUTER_BOUND('',#561,.T.);
#422=FACE_OUTER_BOUND('',#562,.T.);
#423=FACE_OUTER_BOUND('',#563,.T.);
#424=FACE_OUTER_BOUND('',#564,.T.);
#425=FACE_OUTER_BOUND('',#565,.T.);
#426=FACE_OUTER_BOUND('',#566,.T.);
#427=FACE_OUTER_BOUND('',#567,.T.);
#428=FACE_OUTER_BOUND('',#568,.T.);
#429=FACE_OUTER_BOUND('',#569,.T.);
#430=FACE_OUTER_BOUND('',#570,.T.);
#431=FACE_OUTER_BOUND('',#571,.T.);
#432=FACE_OUTER_BOUND('',#572,.T.);
#433=FACE_OUTER_BOUND('',#573,.T.);
#434=FACE_OUTER_BOUND('',#574,.T.);
#435=FACE_OUTER_BOUND('',#575,.T.);
#436=FACE_OUTER_BOUND('',#576,.T.);
#437=FACE_OUTER_BOUND('',#577,.T.);
#438=FACE_OUTER_BOUND('',#578,.T.);
#439=FACE_OUTER_BOUND('',#579,.T.);
#440=FACE_OUTER_BOUND('',#580,.T.);
#441=FACE_OUTER_BOUND('',#581,.T.);
#442=FACE_OUTER_BOUND('',#582,.T.);
#443=FACE_OUTER_BOUND('',#583,.T.);
#444=FACE_OUTER_BOUND('',#584,.T.);
#445=FACE_OUTER_BOUND('',#585,.T.);
#446=FACE_OUTER_BOUND('',#586,.T.);
#447=FACE_OUTER_BOUND('',#587,.T.);
#448=FACE_OUTER_BOUND('',#588,.T.);
#449=FACE_OUTER_BOUND('',#589,.T.);
#450=FACE_OUTER_BOUND('',#590,.T.);
#451=FACE_OUTER_BOUND('',#591,.T.);
#452=FACE_OUTER_BOUND('',#592,.T.);
#453=FACE_OUTER_BOUND('',#593,.T.);
#454=FACE_OUTER_BOUND('',#594,.T.);
#455=FACE_OUTER_BOUND('',#595,.T.);
#456=FACE_OUTER_BOUND('',#596,.T.);
#457=FACE_OUTER_BOUND('',#597,.T.);
#458=FACE_OUTER_BOUND('',#598,.T.);
#459=FACE_OUTER_BOUND('',#599,.T.);
#460=FACE_OUTER_BOUND('',#600,.T.);
#461=FACE_OUTER_BOUND('',#601,.T.);
#462=FACE_OUTER_BOUND('',#602,.T.);
#463=FACE_OUTER_BOUND('',#603,.T.);
#464=FACE_OUTER_BOUND('',#604,.T.);
#465=FACE_OUTER_BOUND('',#605,.T.);
#466=FACE_OUTER_BOUND('',#606,.T.);
#467=FACE_OUTER_BOUND('',#607,.T.);
#468=FACE_OUTER_BOUND('',#608,.T.);
#469=FACE_OUTER_BOUND('',#609,.T.);
#470=FACE_OUTER_BOUND('',#610,.T.);
#471=FACE_OUTER_BOUND('',#611,.T.);
#472=FACE_OUTER_BOUND('',#612,.T.);
#473=FACE_OUTER_BOUND('',#613,.T.);
#474=FACE_OUTER_BOUND('',#614,.T.);
#475=FACE_OUTER_BOUND('',#615,.T.);
#476=FACE_OUTER_BOUND('',#616,.T.);
#477=FACE_OUTER_BOUND('',#617,.T.);
#478=FACE_OUTER_BOUND('',#618,.T.);
#479=FACE_OUTER_BOUND('',#619,.T.);
#480=FACE_OUTER_BOUND('',#620,.T.);
#481=FACE_OUTER_BOUND('',#621,.T.);
#482=FACE_OUTER_BOUND('',#622,.T.);
#483=FACE_OUTER_BOUND('',#623,.T.);
#484=FACE_OUTER_BOUND('',#624,.T.);
#485=FACE_OUTER_BOUND('',#625,.T.);
#486=FACE_OUTER_BOUND('',#626,.T.);
#487=FACE_OUTER_BOUND('',#627,.T.);
#488=FACE_OUTER_BOUND('',#628,.T.);
#489=FACE_OUTER_BOUND('',#629,.T.);
#490=FACE_OUTER_BOUND('',#630,.T.);
#491=FACE_OUTER_BOUND('',#631,.T.);
#492=FACE_OUTER_BOUND('',#632,.T.);
#493=FACE_OUTER_BOUND('',#633,.T.);
#494=FACE_OUTER_BOUND('',#634,.T.);
#495=FACE_OUTER_BOUND('',#635,.T.);
#496=FACE_OUTER_BOUND('',#636,.T.);
#497=FACE_OUTER_BOUND('',#637,.T.);
#498=FACE_OUTER_BOUND('',#638,.T.);
#499=FACE_OUTER_BOUND('',#639,.T.);
#500=FACE_OUTER_BOUND('',#640,.T.);
#501=FACE_OUTER_BOUND('',#641,.T.);
#502=FACE_OUTER_BOUND('',#642,.T.);
#503=FACE_OUTER_BOUND('',#643,.T.);
#504=FACE_OUTER_BOUND('',#644,.T.);
#505=FACE_OUTER_BOUND('',#645,.T.);
#506=FACE_OUTER_BOUND('',#646,.T.);
#507=FACE_OUTER_BOUND('',#647,.T.);
#508=FACE_OUTER_BOUND('',#648,.T.);
#509=FACE_OUTER_BOUND('',#649,.T.);
#510=FACE_OUTER_BOUND('',#650,.T.);
#511=FACE_OUTER_BOUND('',#651,.T.);
#512=FACE_OUTER_BOUND('',#652,.T.);
#513=FACE_OUTER_BOUND('',#653,.T.);
#514=FACE_OUTER_BOUND('',#654,.T.);
#515=FACE_OUTER_BOUND('',#655,.T.);
#516=FACE_OUTER_BOUND('',#656,.T.);
#517=FACE_OUTER_BOUND('',#657,.T.);
#518=FACE_OUTER_BOUND('',#658,.T.);
#519=FACE_OUTER_BOUND('',#659,.T.);
#520=FACE_OUTER_BOUND('',#660,.T.);
#521=FACE_OUTER_BOUND('',#661,.T.);
#522=FACE_OUTER_BOUND('',#662,.T.);
#523=FACE_OUTER_BOUND('',#663,.T.);
#524=FACE_OUTER_BOUND('',#664,.T.);
#525=FACE_OUTER_BOUND('',#665,.T.);
#526=FACE_OUTER_BOUND('',#666,.T.);
#527=FACE_OUTER_BOUND('',#667,.T.);
#528=FACE_OUTER_BOUND('',#668,.T.);
#529=FACE_OUTER_BOUND('',#669,.T.);
#530=FACE_OUTER_BOUND('',#670,.T.);
#531=FACE_OUTER_BOUND('',#671,.T.);
#532=FACE_OUTER_BOUND('',#672,.T.);
#533=FACE_OUTER_BOUND('',#673,.T.);
#534=FACE_OUTER_BOUND('',#674,.T.);
#535=FACE_OUTER_BOUND('',#675,.T.);
#536=FACE_OUTER_BOUND('',#676,.T.);
#537=FACE_OUTER_BOUND('',#677,.T.);
#538=FACE_OUTER_BOUND('',#678,.T.);
#539=FACE_OUTER_BOUND('',#679,.T.);
#540=FACE_OUTER_BOUND('',#680,.T.);
#541=FACE_OUTER_BOUND('',#681,.T.);
#542=FACE_OUTER_BOUND('',#682,.T.);
#543=FACE_OUTER_BOUND('',#685,.T.);
#544=FACE_OUTER_BOUND('',#688,.T.);
#545=FACE_OUTER_BOUND('',#689,.T.);
#546=FACE_OUTER_BOUND('',#690,.T.);
#547=EDGE_LOOP('',(#1669,#1670,#1671,#1672));
#548=EDGE_LOOP('',(#1673,#1674,#1675,#1676));
#549=EDGE_LOOP('',(#1677,#1678,#1679,#1680));
#550=EDGE_LOOP('',(#1681,#1682,#1683,#1684,#1685,#1686));
#551=EDGE_LOOP('',(#1687,#1688,#1689,#1690,#1691,#1692));
#552=EDGE_LOOP('',(#1693,#1694,#1695,#1696));
#553=EDGE_LOOP('',(#1697,#1698,#1699,#1700));
#554=EDGE_LOOP('',(#1701,#1702,#1703,#1704));
#555=EDGE_LOOP('',(#1705,#1706,#1707,#1708));
#556=EDGE_LOOP('',(#1709,#1710,#1711,#1712));
#557=EDGE_LOOP('',(#1713,#1714,#1715,#1716));
#558=EDGE_LOOP('',(#1717,#1718,#1719,#1720));
#559=EDGE_LOOP('',(#1721,#1722,#1723,#1724,#1725,#1726));
#560=EDGE_LOOP('',(#1727,#1728,#1729,#1730,#1731,#1732));
#561=EDGE_LOOP('',(#1733,#1734,#1735,#1736,#1737,#1738));
#562=EDGE_LOOP('',(#1739,#1740,#1741,#1742));
#563=EDGE_LOOP('',(#1743,#1744,#1745,#1746,#1747,#1748));
#564=EDGE_LOOP('',(#1749,#1750,#1751,#1752));
#565=EDGE_LOOP('',(#1753,#1754,#1755,#1756));
#566=EDGE_LOOP('',(#1757,#1758,#1759,#1760));
#567=EDGE_LOOP('',(#1761,#1762,#1763,#1764));
#568=EDGE_LOOP('',(#1765,#1766,#1767,#1768));
#569=EDGE_LOOP('',(#1769,#1770,#1771,#1772));
#570=EDGE_LOOP('',(#1773,#1774,#1775,#1776));
#571=EDGE_LOOP('',(#1777,#1778,#1779,#1780));
#572=EDGE_LOOP('',(#1781,#1782,#1783,#1784));
#573=EDGE_LOOP('',(#1785,#1786,#1787,#1788));
#574=EDGE_LOOP('',(#1789,#1790,#1791,#1792));
#575=EDGE_LOOP('',(#1793,#1794,#1795,#1796));
#576=EDGE_LOOP('',(#1797,#1798,#1799,#1800));
#577=EDGE_LOOP('',(#1801,#1802,#1803,#1804));
#578=EDGE_LOOP('',(#1805,#1806,#1807,#1808));
#579=EDGE_LOOP('',(#1809,#1810,#1811,#1812));
#580=EDGE_LOOP('',(#1813,#1814,#1815,#1816));
#581=EDGE_LOOP('',(#1817,#1818,#1819,#1820));
#582=EDGE_LOOP('',(#1821,#1822,#1823,#1824));
#583=EDGE_LOOP('',(#1825,#1826,#1827,#1828));
#584=EDGE_LOOP('',(#1829,#1830,#1831,#1832));
#585=EDGE_LOOP('',(#1833,#1834,#1835,#1836));
#586=EDGE_LOOP('',(#1837,#1838,#1839,#1840));
#587=EDGE_LOOP('',(#1841,#1842,#1843,#1844));
#588=EDGE_LOOP('',(#1845,#1846,#1847,#1848));
#589=EDGE_LOOP('',(#1849,#1850,#1851,#1852));
#590=EDGE_LOOP('',(#1853,#1854,#1855,#1856));
#591=EDGE_LOOP('',(#1857,#1858,#1859,#1860));
#592=EDGE_LOOP('',(#1861,#1862,#1863,#1864));
#593=EDGE_LOOP('',(#1865,#1866,#1867,#1868));
#594=EDGE_LOOP('',(#1869,#1870,#1871,#1872));
#595=EDGE_LOOP('',(#1873,#1874,#1875,#1876));
#596=EDGE_LOOP('',(#1877,#1878,#1879,#1880));
#597=EDGE_LOOP('',(#1881,#1882,#1883,#1884));
#598=EDGE_LOOP('',(#1885,#1886,#1887,#1888));
#599=EDGE_LOOP('',(#1889,#1890,#1891,#1892));
#600=EDGE_LOOP('',(#1893,#1894,#1895,#1896));
#601=EDGE_LOOP('',(#1897,#1898,#1899,#1900));
#602=EDGE_LOOP('',(#1901,#1902,#1903,#1904));
#603=EDGE_LOOP('',(#1905,#1906,#1907,#1908));
#604=EDGE_LOOP('',(#1909,#1910,#1911,#1912));
#605=EDGE_LOOP('',(#1913,#1914,#1915,#1916));
#606=EDGE_LOOP('',(#1917,#1918,#1919,#1920));
#607=EDGE_LOOP('',(#1921,#1922,#1923,#1924));
#608=EDGE_LOOP('',(#1925,#1926,#1927,#1928));
#609=EDGE_LOOP('',(#1929,#1930,#1931,#1932));
#610=EDGE_LOOP('',(#1933,#1934,#1935,#1936));
#611=EDGE_LOOP('',(#1937,#1938,#1939,#1940));
#612=EDGE_LOOP('',(#1941,#1942,#1943,#1944));
#613=EDGE_LOOP('',(#1945,#1946,#1947,#1948));
#614=EDGE_LOOP('',(#1949,#1950,#1951,#1952,#1953,#1954));
#615=EDGE_LOOP('',(#1955,#1956,#1957,#1958));
#616=EDGE_LOOP('',(#1959,#1960,#1961,#1962,#1963,#1964));
#617=EDGE_LOOP('',(#1965,#1966,#1967,#1968));
#618=EDGE_LOOP('',(#1969,#1970,#1971,#1972,#1973,#1974));
#619=EDGE_LOOP('',(#1975,#1976,#1977,#1978,#1979,#1980));
#620=EDGE_LOOP('',(#1981,#1982,#1983,#1984));
#621=EDGE_LOOP('',(#1985,#1986,#1987,#1988,#1989,#1990));
#622=EDGE_LOOP('',(#1991,#1992,#1993,#1994,#1995,#1996));
#623=EDGE_LOOP('',(#1997,#1998,#1999,#2000));
#624=EDGE_LOOP('',(#2001,#2002,#2003,#2004,#2005,#2006));
#625=EDGE_LOOP('',(#2007,#2008,#2009,#2010,#2011,#2012));
#626=EDGE_LOOP('',(#2013,#2014,#2015,#2016));
#627=EDGE_LOOP('',(#2017,#2018,#2019,#2020,#2021,#2022));
#628=EDGE_LOOP('',(#2023,#2024,#2025,#2026,#2027,#2028));
#629=EDGE_LOOP('',(#2029,#2030,#2031,#2032));
#630=EDGE_LOOP('',(#2033,#2034,#2035,#2036,#2037,#2038));
#631=EDGE_LOOP('',(#2039,#2040,#2041,#2042,#2043,#2044));
#632=EDGE_LOOP('',(#2045,#2046,#2047,#2048));
#633=EDGE_LOOP('',(#2049,#2050,#2051,#2052,#2053,#2054));
#634=EDGE_LOOP('',(#2055,#2056,#2057,#2058,#2059,#2060));
#635=EDGE_LOOP('',(#2061,#2062,#2063,#2064));
#636=EDGE_LOOP('',(#2065,#2066,#2067,#2068,#2069,#2070));
#637=EDGE_LOOP('',(#2071,#2072,#2073,#2074,#2075,#2076));
#638=EDGE_LOOP('',(#2077,#2078,#2079,#2080));
#639=EDGE_LOOP('',(#2081,#2082,#2083,#2084,#2085,#2086));
#640=EDGE_LOOP('',(#2087,#2088,#2089,#2090,#2091,#2092));
#641=EDGE_LOOP('',(#2093,#2094,#2095,#2096));
#642=EDGE_LOOP('',(#2097,#2098,#2099,#2100,#2101,#2102));
#643=EDGE_LOOP('',(#2103,#2104,#2105,#2106,#2107,#2108));
#644=EDGE_LOOP('',(#2109,#2110,#2111,#2112));
#645=EDGE_LOOP('',(#2113,#2114,#2115,#2116,#2117,#2118));
#646=EDGE_LOOP('',(#2119,#2120,#2121,#2122,#2123,#2124));
#647=EDGE_LOOP('',(#2125,#2126,#2127,#2128));
#648=EDGE_LOOP('',(#2129,#2130,#2131,#2132,#2133,#2134));
#649=EDGE_LOOP('',(#2135,#2136,#2137,#2138));
#650=EDGE_LOOP('',(#2139,#2140,#2141,#2142,#2143,#2144));
#651=EDGE_LOOP('',(#2145,#2146,#2147,#2148));
#652=EDGE_LOOP('',(#2149,#2150,#2151,#2152,#2153,#2154));
#653=EDGE_LOOP('',(#2155,#2156,#2157,#2158,#2159,#2160));
#654=EDGE_LOOP('',(#2161,#2162,#2163,#2164));
#655=EDGE_LOOP('',(#2165,#2166,#2167,#2168,#2169,#2170));
#656=EDGE_LOOP('',(#2171,#2172,#2173,#2174));
#657=EDGE_LOOP('',(#2175,#2176,#2177,#2178));
#658=EDGE_LOOP('',(#2179,#2180,#2181,#2182));
#659=EDGE_LOOP('',(#2183,#2184,#2185,#2186));
#660=EDGE_LOOP('',(#2187,#2188,#2189,#2190));
#661=EDGE_LOOP('',(#2191,#2192,#2193,#2194));
#662=EDGE_LOOP('',(#2195,#2196,#2197,#2198));
#663=EDGE_LOOP('',(#2199,#2200,#2201,#2202));
#664=EDGE_LOOP('',(#2203,#2204,#2205,#2206));
#665=EDGE_LOOP('',(#2207,#2208,#2209,#2210));
#666=EDGE_LOOP('',(#2211,#2212,#2213,#2214));
#667=EDGE_LOOP('',(#2215,#2216,#2217,#2218));
#668=EDGE_LOOP('',(#2219,#2220,#2221,#2222));
#669=EDGE_LOOP('',(#2223,#2224,#2225,#2226));
#670=EDGE_LOOP('',(#2227,#2228,#2229,#2230));
#671=EDGE_LOOP('',(#2231,#2232,#2233,#2234));
#672=EDGE_LOOP('',(#2235,#2236,#2237,#2238));
#673=EDGE_LOOP('',(#2239,#2240,#2241,#2242));
#674=EDGE_LOOP('',(#2243,#2244,#2245,#2246));
#675=EDGE_LOOP('',(#2247,#2248,#2249,#2250));
#676=EDGE_LOOP('',(#2251,#2252,#2253,#2254));
#677=EDGE_LOOP('',(#2255,#2256,#2257,#2258));
#678=EDGE_LOOP('',(#2259,#2260,#2261,#2262));
#679=EDGE_LOOP('',(#2263,#2264,#2265,#2266));
#680=EDGE_LOOP('',(#2267,#2268,#2269,#2270));
#681=EDGE_LOOP('',(#2271,#2272,#2273,#2274,#2275,#2276));
#682=EDGE_LOOP('',(#2277,#2278,#2279,#2280,#2281,#2282,#2283,#2284,#2285,
#2286,#2287,#2288,#2289,#2290,#2291,#2292,#2293,#2294,#2295,#2296,#2297,
#2298,#2299,#2300,#2301,#2302,#2303,#2304,#2305,#2306,#2307,#2308,#2309,
#2310,#2311,#2312,#2313,#2314,#2315,#2316,#2317,#2318,#2319,#2320,#2321,
#2322,#2323,#2324,#2325,#2326,#2327,#2328,#2329,#2330,#2331,#2332,#2333,
#2334,#2335,#2336,#2337,#2338,#2339,#2340,#2341,#2342,#2343,#2344,#2345,
#2346,#2347,#2348,#2349,#2350,#2351,#2352,#2353,#2354,#2355,#2356,#2357,
#2358,#2359,#2360,#2361,#2362,#2363,#2364,#2365,#2366,#2367,#2368,#2369,
#2370,#2371,#2372,#2373,#2374,#2375,#2376,#2377));
#683=EDGE_LOOP('',(#2378,#2379));
#684=EDGE_LOOP('',(#2380));
#685=EDGE_LOOP('',(#2381,#2382,#2383,#2384,#2385,#2386,#2387,#2388,#2389,
#2390,#2391,#2392,#2393,#2394,#2395,#2396,#2397,#2398,#2399,#2400,#2401,
#2402,#2403,#2404,#2405,#2406,#2407,#2408,#2409,#2410,#2411,#2412,#2413,
#2414,#2415,#2416,#2417,#2418,#2419,#2420,#2421,#2422,#2423,#2424,#2425,
#2426,#2427,#2428,#2429,#2430,#2431,#2432,#2433,#2434,#2435,#2436,#2437,
#2438,#2439,#2440,#2441,#2442,#2443,#2444,#2445,#2446,#2447,#2448,#2449,
#2450,#2451,#2452,#2453,#2454,#2455,#2456,#2457,#2458,#2459,#2460,#2461,
#2462,#2463,#2464,#2465,#2466,#2467,#2468,#2469,#2470,#2471,#2472,#2473,
#2474,#2475,#2476,#2477,#2478,#2479,#2480,#2481));
#686=EDGE_LOOP('',(#2482,#2483));
#687=EDGE_LOOP('',(#2484));
#688=EDGE_LOOP('',(#2485,#2486,#2487,#2488));
#689=EDGE_LOOP('',(#2489,#2490,#2491,#2492));
#690=EDGE_LOOP('',(#2493,#2494,#2495,#2496));
#691=LINE('',#3849,#835);
#692=LINE('',#3851,#836);
#693=LINE('',#3853,#837);
#694=LINE('',#3854,#838);
#695=LINE('',#3875,#839);
#696=LINE('',#3883,#840);
#697=LINE('',#3888,#841);
#698=LINE('',#3897,#842);
#699=LINE('',#3909,#843);
#700=LINE('',#3912,#844);
#701=LINE('',#3918,#845);
#702=LINE('',#3921,#846);
#703=LINE('',#3927,#847);
#704=LINE('',#3930,#848);
#705=LINE('',#3936,#849);
#706=LINE('',#3939,#850);
#707=LINE('',#3945,#851);
#708=LINE('',#3948,#852);
#709=LINE('',#3954,#853);
#710=LINE('',#3957,#854);
#711=LINE('',#3963,#855);
#712=LINE('',#3966,#856);
#713=LINE('',#3977,#857);
#714=LINE('',#3985,#858);
#715=LINE('',#3991,#859);
#716=LINE('',#4000,#860);
#717=LINE('',#4015,#861);
#718=LINE('',#4023,#862);
#719=LINE('',#4027,#863);
#720=LINE('',#4029,#864);
#721=LINE('',#4031,#865);
#722=LINE('',#4032,#866);
#723=LINE('',#4043,#867);
#724=LINE('',#4051,#868);
#725=LINE('',#4063,#869);
#726=LINE('',#4083,#870);
#727=LINE('',#4109,#871);
#728=LINE('',#4111,#872);
#729=LINE('',#4142,#873);
#730=LINE('',#4144,#874);
#731=LINE('',#4169,#875);
#732=LINE('',#4189,#876);
#733=LINE('',#4215,#877);
#734=LINE('',#4217,#878);
#735=LINE('',#4248,#879);
#736=LINE('',#4250,#880);
#737=LINE('',#4281,#881);
#738=LINE('',#4283,#882);
#739=LINE('',#4314,#883);
#740=LINE('',#4316,#884);
#741=LINE('',#4347,#885);
#742=LINE('',#4349,#886);
#743=LINE('',#4374,#887);
#744=LINE('',#4400,#888);
#745=LINE('',#4402,#889);
#746=LINE('',#4433,#890);
#747=LINE('',#4435,#891);
#748=LINE('',#4466,#892);
#749=LINE('',#4468,#893);
#750=LINE('',#4499,#894);
#751=LINE('',#4501,#895);
#752=LINE('',#4517,#896);
#753=LINE('',#4530,#897);
#754=LINE('',#4534,#898);
#755=LINE('',#4536,#899);
#756=LINE('',#4538,#900);
#757=LINE('',#4539,#901);
#758=LINE('',#4545,#902);
#759=LINE('',#4549,#903);
#760=LINE('',#4551,#904);
#761=LINE('',#4553,#905);
#762=LINE('',#4554,#906);
#763=LINE('',#4560,#907);
#764=LINE('',#4566,#908);
#765=LINE('',#4569,#909);
#766=LINE('',#4571,#910);
#767=LINE('',#4572,#911);
#768=LINE('',#4581,#912);
#769=LINE('',#4584,#913);
#770=LINE('',#4586,#914);
#771=LINE('',#4587,#915);
#772=LINE('',#4596,#916);
#773=LINE('',#4599,#917);
#774=LINE('',#4601,#918);
#775=LINE('',#4602,#919);
#776=LINE('',#4611,#920);
#777=LINE('',#4615,#921);
#778=LINE('',#4617,#922);
#779=LINE('',#4619,#923);
#780=LINE('',#4620,#924);
#781=LINE('',#4626,#925);
#782=LINE('',#4632,#926);
#783=LINE('',#4634,#927);
#784=LINE('',#4635,#928);
#785=LINE('',#4641,#929);
#786=LINE('',#4647,#930);
#787=LINE('',#4649,#931);
#788=LINE('',#4650,#932);
#789=LINE('',#4656,#933);
#790=LINE('',#4662,#934);
#791=LINE('',#4664,#935);
#792=LINE('',#4665,#936);
#793=LINE('',#4671,#937);
#794=LINE('',#4677,#938);
#795=LINE('',#4679,#939);
#796=LINE('',#4680,#940);
#797=LINE('',#4686,#941);
#798=LINE('',#4692,#942);
#799=LINE('',#4696,#943);
#800=LINE('',#4698,#944);
#801=LINE('',#4700,#945);
#802=LINE('',#4701,#946);
#803=LINE('',#4707,#947);
#804=LINE('',#4713,#948);
#805=LINE('',#4717,#949);
#806=LINE('',#4719,#950);
#807=LINE('',#4721,#951);
#808=LINE('',#4722,#952);
#809=LINE('',#4728,#953);
#810=LINE('',#4732,#954);
#811=LINE('',#4734,#955);
#812=LINE('',#4736,#956);
#813=LINE('',#4737,#957);
#814=LINE('',#4743,#958);
#815=LINE('',#4747,#959);
#816=LINE('',#4749,#960);
#817=LINE('',#4751,#961);
#818=LINE('',#4752,#962);
#819=LINE('',#4758,#963);
#820=LINE('',#4764,#964);
#821=LINE('',#4768,#965);
#822=LINE('',#4770,#966);
#823=LINE('',#4772,#967);
#824=LINE('',#4773,#968);
#825=LINE('',#4779,#969);
#826=LINE('',#4853,#970);
#827=LINE('',#4854,#971);
#828=LINE('',#4857,#972);
#829=LINE('',#4859,#973);
#830=LINE('',#4860,#974);
#831=LINE('',#4864,#975);
#832=LINE('',#4869,#976);
#833=LINE('',#4874,#977);
#834=LINE('',#4876,#978);
#835=VECTOR('',#3019,10.);
#836=VECTOR('',#3020,10.);
#837=VECTOR('',#3021,10.);
#838=VECTOR('',#3022,10.);
#839=VECTOR('',#3037,10.);
#840=VECTOR('',#3040,1000.);
#841=VECTOR('',#3045,10.);
#842=VECTOR('',#3048,1000.);
#843=VECTOR('',#3055,1000.);
#844=VECTOR('',#3058,1000.);
#845=VECTOR('',#3063,1000.);
#846=VECTOR('',#3066,1000.);
#847=VECTOR('',#3071,1000.);
#848=VECTOR('',#3074,1000.);
#849=VECTOR('',#3079,1000.);
#850=VECTOR('',#3082,1000.);
#851=VECTOR('',#3087,1000.);
#852=VECTOR('',#3090,1000.);
#853=VECTOR('',#3095,1000.);
#854=VECTOR('',#3098,1000.);
#855=VECTOR('',#3103,1000.);
#856=VECTOR('',#3106,1000.);
#857=VECTOR('',#3111,1000.);
#858=VECTOR('',#3114,1000.);
#859=VECTOR('',#3119,1000.);
#860=VECTOR('',#3122,1000.);
#861=VECTOR('',#3127,1000.);
#862=VECTOR('',#3130,1000.);
#863=VECTOR('',#3133,1000.);
#864=VECTOR('',#3134,1000.);
#865=VECTOR('',#3135,1000.);
#866=VECTOR('',#3136,1000.);
#867=VECTOR('',#3141,1000.);
#868=VECTOR('',#3144,1000.);
#869=VECTOR('',#3153,1000.);
#870=VECTOR('',#3168,1000.);
#871=VECTOR('',#3183,1000.);
#872=VECTOR('',#3184,1000.);
#873=VECTOR('',#3199,1000.);
#874=VECTOR('',#3200,1000.);
#875=VECTOR('',#3215,1000.);
#876=VECTOR('',#3230,1000.);
#877=VECTOR('',#3245,1000.);
#878=VECTOR('',#3246,1000.);
#879=VECTOR('',#3261,1000.);
#880=VECTOR('',#3262,1000.);
#881=VECTOR('',#3277,1000.);
#882=VECTOR('',#3278,1000.);
#883=VECTOR('',#3293,1000.);
#884=VECTOR('',#3294,1000.);
#885=VECTOR('',#3309,1000.);
#886=VECTOR('',#3310,1000.);
#887=VECTOR('',#3325,1000.);
#888=VECTOR('',#3340,1000.);
#889=VECTOR('',#3341,1000.);
#890=VECTOR('',#3356,1000.);
#891=VECTOR('',#3357,1000.);
#892=VECTOR('',#3372,1000.);
#893=VECTOR('',#3373,1000.);
#894=VECTOR('',#3388,1000.);
#895=VECTOR('',#3389,1000.);
#896=VECTOR('',#3398,10.);
#897=VECTOR('',#3411,1000.);
#898=VECTOR('',#3414,1000.);
#899=VECTOR('',#3415,1000.);
#900=VECTOR('',#3416,1000.);
#901=VECTOR('',#3417,1000.);
#902=VECTOR('',#3424,1000.);
#903=VECTOR('',#3427,10.);
#904=VECTOR('',#3428,1000.);
#905=VECTOR('',#3429,1000.);
#906=VECTOR('',#3430,1000.);
#907=VECTOR('',#3437,1000.);
#908=VECTOR('',#3444,1000.);
#909=VECTOR('',#3447,1000.);
#910=VECTOR('',#3448,1000.);
#911=VECTOR('',#3449,1000.);
#912=VECTOR('',#3462,1000.);
#913=VECTOR('',#3465,1000.);
#914=VECTOR('',#3466,1000.);
#915=VECTOR('',#3467,1000.);
#916=VECTOR('',#3480,1000.);
#917=VECTOR('',#3483,1000.);
#918=VECTOR('',#3484,1000.);
#919=VECTOR('',#3485,1000.);
#920=VECTOR('',#3498,1000.);
#921=VECTOR('',#3501,1000.);
#922=VECTOR('',#3502,1000.);
#923=VECTOR('',#3503,1000.);
#924=VECTOR('',#3504,1000.);
#925=VECTOR('',#3511,1000.);
#926=VECTOR('',#3520,1000.);
#927=VECTOR('',#3521,1000.);
#928=VECTOR('',#3522,1000.);
#929=VECTOR('',#3529,1000.);
#930=VECTOR('',#3538,1000.);
#931=VECTOR('',#3539,1000.);
#932=VECTOR('',#3540,1000.);
#933=VECTOR('',#3547,1000.);
#934=VECTOR('',#3556,1000.);
#935=VECTOR('',#3557,1000.);
#936=VECTOR('',#3558,1000.);
#937=VECTOR('',#3565,1000.);
#938=VECTOR('',#3574,1000.);
#939=VECTOR('',#3575,1000.);
#940=VECTOR('',#3576,1000.);
#941=VECTOR('',#3583,1000.);
#942=VECTOR('',#3590,1000.);
#943=VECTOR('',#3593,1000.);
#944=VECTOR('',#3594,1000.);
#945=VECTOR('',#3595,1000.);
#946=VECTOR('',#3596,1000.);
#947=VECTOR('',#3603,1000.);
#948=VECTOR('',#3610,1000.);
#949=VECTOR('',#3613,1000.);
#950=VECTOR('',#3614,1000.);
#951=VECTOR('',#3615,1000.);
#952=VECTOR('',#3616,1000.);
#953=VECTOR('',#3623,1000.);
#954=VECTOR('',#3626,1000.);
#955=VECTOR('',#3627,1000.);
#956=VECTOR('',#3628,1000.);
#957=VECTOR('',#3629,1000.);
#958=VECTOR('',#3636,1000.);
#959=VECTOR('',#3639,1000.);
#960=VECTOR('',#3640,1000.);
#961=VECTOR('',#3641,1000.);
#962=VECTOR('',#3642,1000.);
#963=VECTOR('',#3649,1000.);
#964=VECTOR('',#3656,1000.);
#965=VECTOR('',#3659,1000.);
#966=VECTOR('',#3660,1000.);
#967=VECTOR('',#3661,1000.);
#968=VECTOR('',#3662,1000.);
#969=VECTOR('',#3669,1000.);
#970=VECTOR('',#3816,10.);
#971=VECTOR('',#3817,10.);
#972=VECTOR('',#3820,10.);
#973=VECTOR('',#3821,10.);
#974=VECTOR('',#3822,10.);
#975=VECTOR('',#3827,10.);
#976=VECTOR('',#3832,10.);
#977=VECTOR('',#3839,2.1);
#978=VECTOR('',#3842,10.);
#979=VERTEX_POINT('',#3847);
#980=VERTEX_POINT('',#3848);
#981=VERTEX_POINT('',#3850);
#982=VERTEX_POINT('',#3852);
#983=VERTEX_POINT('',#3859);
#984=VERTEX_POINT('',#3860);
#985=VERTEX_POINT('',#3864);
#986=VERTEX_POINT('',#3866);
#987=VERTEX_POINT('',#3873);
#988=VERTEX_POINT('',#3874);
#989=VERTEX_POINT('',#3876);
#990=VERTEX_POINT('',#3878);
#991=VERTEX_POINT('',#3886);
#992=VERTEX_POINT('',#3887);
#993=VERTEX_POINT('',#3889);
#994=VERTEX_POINT('',#3891);
#995=VERTEX_POINT('',#3896);
#996=VERTEX_POINT('',#3898);
#997=VERTEX_POINT('',#3905);
#998=VERTEX_POINT('',#3906);
#999=VERTEX_POINT('',#3908);
#1000=VERTEX_POINT('',#3910);
#1001=VERTEX_POINT('',#3914);
#1002=VERTEX_POINT('',#3915);
#1003=VERTEX_POINT('',#3917);
#1004=VERTEX_POINT('',#3919);
#1005=VERTEX_POINT('',#3923);
#1006=VERTEX_POINT('',#3924);
#1007=VERTEX_POINT('',#3926);
#1008=VERTEX_POINT('',#3928);
#1009=VERTEX_POINT('',#3932);
#1010=VERTEX_POINT('',#3933);
#1011=VERTEX_POINT('',#3935);
#1012=VERTEX_POINT('',#3937);
#1013=VERTEX_POINT('',#3941);
#1014=VERTEX_POINT('',#3942);
#1015=VERTEX_POINT('',#3944);
#1016=VERTEX_POINT('',#3946);
#1017=VERTEX_POINT('',#3950);
#1018=VERTEX_POINT('',#3951);
#1019=VERTEX_POINT('',#3953);
#1020=VERTEX_POINT('',#3955);
#1021=VERTEX_POINT('',#3959);
#1022=VERTEX_POINT('',#3960);
#1023=VERTEX_POINT('',#3962);
#1024=VERTEX_POINT('',#3964);
#1025=VERTEX_POINT('',#3968);
#1026=VERTEX_POINT('',#3969);
#1027=VERTEX_POINT('',#3974);
#1028=VERTEX_POINT('',#3976);
#1029=VERTEX_POINT('',#3978);
#1030=VERTEX_POINT('',#3980);
#1031=VERTEX_POINT('',#3987);
#1032=VERTEX_POINT('',#3988);
#1033=VERTEX_POINT('',#3990);
#1034=VERTEX_POINT('',#3992);
#1035=VERTEX_POINT('',#3994);
#1036=VERTEX_POINT('',#3999);
#1037=VERTEX_POINT('',#4006);
#1038=VERTEX_POINT('',#4007);
#1039=VERTEX_POINT('',#4009);
#1040=VERTEX_POINT('',#4014);
#1041=VERTEX_POINT('',#4016);
#1042=VERTEX_POINT('',#4021);
#1043=VERTEX_POINT('',#4025);
#1044=VERTEX_POINT('',#4026);
#1045=VERTEX_POINT('',#4028);
#1046=VERTEX_POINT('',#4030);
#1047=VERTEX_POINT('',#4034);
#1048=VERTEX_POINT('',#4035);
#1049=VERTEX_POINT('',#4037);
#1050=VERTEX_POINT('',#4042);
#1051=VERTEX_POINT('',#4044);
#1052=VERTEX_POINT('',#4049);
#1053=VERTEX_POINT('',#4053);
#1054=VERTEX_POINT('',#4054);
#1055=VERTEX_POINT('',#4062);
#1056=VERTEX_POINT('',#4066);
#1057=VERTEX_POINT('',#4073);
#1058=VERTEX_POINT('',#4074);
#1059=VERTEX_POINT('',#4082);
#1060=VERTEX_POINT('',#4086);
#1061=VERTEX_POINT('',#4093);
#1062=VERTEX_POINT('',#4094);
#1063=VERTEX_POINT('',#4099);
#1064=VERTEX_POINT('',#4101);
#1065=VERTEX_POINT('',#4108);
#1066=VERTEX_POINT('',#4110);
#1067=VERTEX_POINT('',#4114);
#1068=VERTEX_POINT('',#4119);
#1069=VERTEX_POINT('',#4126);
#1070=VERTEX_POINT('',#4127);
#1071=VERTEX_POINT('',#4132);
#1072=VERTEX_POINT('',#4134);
#1073=VERTEX_POINT('',#4141);
#1074=VERTEX_POINT('',#4143);
#1075=VERTEX_POINT('',#4147);
#1076=VERTEX_POINT('',#4152);
#1077=VERTEX_POINT('',#4159);
#1078=VERTEX_POINT('',#4160);
#1079=VERTEX_POINT('',#4168);
#1080=VERTEX_POINT('',#4172);
#1081=VERTEX_POINT('',#4179);
#1082=VERTEX_POINT('',#4180);
#1083=VERTEX_POINT('',#4188);
#1084=VERTEX_POINT('',#4192);
#1085=VERTEX_POINT('',#4199);
#1086=VERTEX_POINT('',#4200);
#1087=VERTEX_POINT('',#4205);
#1088=VERTEX_POINT('',#4207);
#1089=VERTEX_POINT('',#4214);
#1090=VERTEX_POINT('',#4216);
#1091=VERTEX_POINT('',#4220);
#1092=VERTEX_POINT('',#4225);
#1093=VERTEX_POINT('',#4232);
#1094=VERTEX_POINT('',#4233);
#1095=VERTEX_POINT('',#4238);
#1096=VERTEX_POINT('',#4240);
#1097=VERTEX_POINT('',#4247);
#1098=VERTEX_POINT('',#4249);
#1099=VERTEX_POINT('',#4253);
#1100=VERTEX_POINT('',#4258);
#1101=VERTEX_POINT('',#4265);
#1102=VERTEX_POINT('',#4266);
#1103=VERTEX_POINT('',#4271);
#1104=VERTEX_POINT('',#4273);
#1105=VERTEX_POINT('',#4280);
#1106=VERTEX_POINT('',#4282);
#1107=VERTEX_POINT('',#4286);
#1108=VERTEX_POINT('',#4291);
#1109=VERTEX_POINT('',#4298);
#1110=VERTEX_POINT('',#4299);
#1111=VERTEX_POINT('',#4304);
#1112=VERTEX_POINT('',#4306);
#1113=VERTEX_POINT('',#4313);
#1114=VERTEX_POINT('',#4315);
#1115=VERTEX_POINT('',#4319);
#1116=VERTEX_POINT('',#4324);
#1117=VERTEX_POINT('',#4331);
#1118=VERTEX_POINT('',#4332);
#1119=VERTEX_POINT('',#4337);
#1120=VERTEX_POINT('',#4339);
#1121=VERTEX_POINT('',#4346);
#1122=VERTEX_POINT('',#4348);
#1123=VERTEX_POINT('',#4352);
#1124=VERTEX_POINT('',#4357);
#1125=VERTEX_POINT('',#4364);
#1126=VERTEX_POINT('',#4365);
#1127=VERTEX_POINT('',#4373);
#1128=VERTEX_POINT('',#4377);
#1129=VERTEX_POINT('',#4384);
#1130=VERTEX_POINT('',#4385);
#1131=VERTEX_POINT('',#4390);
#1132=VERTEX_POINT('',#4392);
#1133=VERTEX_POINT('',#4399);
#1134=VERTEX_POINT('',#4401);
#1135=VERTEX_POINT('',#4405);
#1136=VERTEX_POINT('',#4410);
#1137=VERTEX_POINT('',#4417);
#1138=VERTEX_POINT('',#4418);
#1139=VERTEX_POINT('',#4423);
#1140=VERTEX_POINT('',#4425);
#1141=VERTEX_POINT('',#4432);
#1142=VERTEX_POINT('',#4434);
#1143=VERTEX_POINT('',#4438);
#1144=VERTEX_POINT('',#4443);
#1145=VERTEX_POINT('',#4450);
#1146=VERTEX_POINT('',#4451);
#1147=VERTEX_POINT('',#4456);
#1148=VERTEX_POINT('',#4458);
#1149=VERTEX_POINT('',#4465);
#1150=VERTEX_POINT('',#4467);
#1151=VERTEX_POINT('',#4471);
#1152=VERTEX_POINT('',#4476);
#1153=VERTEX_POINT('',#4483);
#1154=VERTEX_POINT('',#4484);
#1155=VERTEX_POINT('',#4489);
#1156=VERTEX_POINT('',#4491);
#1157=VERTEX_POINT('',#4498);
#1158=VERTEX_POINT('',#4500);
#1159=VERTEX_POINT('',#4504);
#1160=VERTEX_POINT('',#4509);
#1161=VERTEX_POINT('',#4516);
#1162=VERTEX_POINT('',#4520);
#1163=VERTEX_POINT('',#4526);
#1164=VERTEX_POINT('',#4528);
#1165=VERTEX_POINT('',#4532);
#1166=VERTEX_POINT('',#4533);
#1167=VERTEX_POINT('',#4535);
#1168=VERTEX_POINT('',#4537);
#1169=VERTEX_POINT('',#4541);
#1170=VERTEX_POINT('',#4543);
#1171=VERTEX_POINT('',#4547);
#1172=VERTEX_POINT('',#4548);
#1173=VERTEX_POINT('',#4550);
#1174=VERTEX_POINT('',#4552);
#1175=VERTEX_POINT('',#4556);
#1176=VERTEX_POINT('',#4558);
#1177=VERTEX_POINT('',#4562);
#1178=VERTEX_POINT('',#4564);
#1179=VERTEX_POINT('',#4568);
#1180=VERTEX_POINT('',#4570);
#1181=VERTEX_POINT('',#4577);
#1182=VERTEX_POINT('',#4579);
#1183=VERTEX_POINT('',#4583);
#1184=VERTEX_POINT('',#4585);
#1185=VERTEX_POINT('',#4592);
#1186=VERTEX_POINT('',#4594);
#1187=VERTEX_POINT('',#4598);
#1188=VERTEX_POINT('',#4600);
#1189=VERTEX_POINT('',#4607);
#1190=VERTEX_POINT('',#4609);
#1191=VERTEX_POINT('',#4613);
#1192=VERTEX_POINT('',#4614);
#1193=VERTEX_POINT('',#4616);
#1194=VERTEX_POINT('',#4618);
#1195=VERTEX_POINT('',#4622);
#1196=VERTEX_POINT('',#4624);
#1197=VERTEX_POINT('',#4631);
#1198=VERTEX_POINT('',#4633);
#1199=VERTEX_POINT('',#4637);
#1200=VERTEX_POINT('',#4639);
#1201=VERTEX_POINT('',#4646);
#1202=VERTEX_POINT('',#4648);
#1203=VERTEX_POINT('',#4652);
#1204=VERTEX_POINT('',#4654);
#1205=VERTEX_POINT('',#4661);
#1206=VERTEX_POINT('',#4663);
#1207=VERTEX_POINT('',#4667);
#1208=VERTEX_POINT('',#4669);
#1209=VERTEX_POINT('',#4676);
#1210=VERTEX_POINT('',#4678);
#1211=VERTEX_POINT('',#4682);
#1212=VERTEX_POINT('',#4684);
#1213=VERTEX_POINT('',#4688);
#1214=VERTEX_POINT('',#4690);
#1215=VERTEX_POINT('',#4694);
#1216=VERTEX_POINT('',#4695);
#1217=VERTEX_POINT('',#4697);
#1218=VERTEX_POINT('',#4699);
#1219=VERTEX_POINT('',#4703);
#1220=VERTEX_POINT('',#4705);
#1221=VERTEX_POINT('',#4709);
#1222=VERTEX_POINT('',#4711);
#1223=VERTEX_POINT('',#4715);
#1224=VERTEX_POINT('',#4716);
#1225=VERTEX_POINT('',#4718);
#1226=VERTEX_POINT('',#4720);
#1227=VERTEX_POINT('',#4724);
#1228=VERTEX_POINT('',#4726);
#1229=VERTEX_POINT('',#4730);
#1230=VERTEX_POINT('',#4731);
#1231=VERTEX_POINT('',#4733);
#1232=VERTEX_POINT('',#4735);
#1233=VERTEX_POINT('',#4739);
#1234=VERTEX_POINT('',#4741);
#1235=VERTEX_POINT('',#4745);
#1236=VERTEX_POINT('',#4746);
#1237=VERTEX_POINT('',#4748);
#1238=VERTEX_POINT('',#4750);
#1239=VERTEX_POINT('',#4754);
#1240=VERTEX_POINT('',#4756);
#1241=VERTEX_POINT('',#4760);
#1242=VERTEX_POINT('',#4762);
#1243=VERTEX_POINT('',#4766);
#1244=VERTEX_POINT('',#4767);
#1245=VERTEX_POINT('',#4769);
#1246=VERTEX_POINT('',#4771);
#1247=VERTEX_POINT('',#4775);
#1248=VERTEX_POINT('',#4777);
#1249=VERTEX_POINT('',#4856);
#1250=VERTEX_POINT('',#4858);
#1251=VERTEX_POINT('',#4862);
#1252=VERTEX_POINT('',#4865);
#1253=VERTEX_POINT('',#4868);
#1254=VERTEX_POINT('',#4871);
#1255=EDGE_CURVE('',#979,#980,#691,.T.);
#1256=EDGE_CURVE('',#979,#981,#692,.T.);
#1257=EDGE_CURVE('',#982,#981,#693,.T.);
#1258=EDGE_CURVE('',#980,#982,#694,.T.);
#1259=EDGE_CURVE('',#980,#979,#121,.T.);
#1260=EDGE_CURVE('',#981,#982,#122,.T.);
#1261=EDGE_CURVE('',#983,#984,#85,.T.);
#1262=EDGE_CURVE('',#983,#985,#123,.T.);
#1263=EDGE_CURVE('',#985,#986,#19,.T.);
#1264=EDGE_CURVE('',#986,#984,#124,.T.);
#1265=EDGE_CURVE('',#987,#988,#695,.T.);
#1266=EDGE_CURVE('',#987,#989,#125,.T.);
#1267=EDGE_CURVE('',#990,#989,#20,.T.);
#1268=EDGE_CURVE('',#990,#986,#696,.T.);
#1269=EDGE_CURVE('',#988,#985,#126,.T.);
#1270=EDGE_CURVE('',#991,#992,#697,.T.);
#1271=EDGE_CURVE('',#991,#993,#127,.T.);
#1272=EDGE_CURVE('',#994,#993,#21,.T.);
#1273=EDGE_CURVE('',#994,#995,#698,.T.);
#1274=EDGE_CURVE('',#996,#995,#22,.T.);
#1275=EDGE_CURVE('',#992,#996,#128,.T.);
#1276=EDGE_CURVE('',#997,#998,#129,.T.);
#1277=EDGE_CURVE('',#998,#999,#699,.T.);
#1278=EDGE_CURVE('',#999,#1000,#130,.T.);
#1279=EDGE_CURVE('',#1000,#997,#700,.T.);
#1280=EDGE_CURVE('',#1001,#1002,#131,.T.);
#1281=EDGE_CURVE('',#1002,#1003,#701,.T.);
#1282=EDGE_CURVE('',#1003,#1004,#132,.T.);
#1283=EDGE_CURVE('',#1004,#1001,#702,.T.);
#1284=EDGE_CURVE('',#1005,#1006,#133,.T.);
#1285=EDGE_CURVE('',#1006,#1007,#703,.T.);
#1286=EDGE_CURVE('',#1007,#1008,#134,.T.);
#1287=EDGE_CURVE('',#1008,#1005,#704,.T.);
#1288=EDGE_CURVE('',#1009,#1010,#135,.T.);
#1289=EDGE_CURVE('',#1010,#1011,#705,.T.);
#1290=EDGE_CURVE('',#1011,#1012,#136,.T.);
#1291=EDGE_CURVE('',#1012,#1009,#706,.T.);
#1292=EDGE_CURVE('',#1013,#1014,#137,.T.);
#1293=EDGE_CURVE('',#1014,#1015,#707,.T.);
#1294=EDGE_CURVE('',#1015,#1016,#138,.T.);
#1295=EDGE_CURVE('',#1016,#1013,#708,.T.);
#1296=EDGE_CURVE('',#1017,#1018,#139,.T.);
#1297=EDGE_CURVE('',#1018,#1019,#709,.T.);
#1298=EDGE_CURVE('',#1019,#1020,#140,.T.);
#1299=EDGE_CURVE('',#1020,#1017,#710,.T.);
#1300=EDGE_CURVE('',#1021,#1022,#141,.T.);
#1301=EDGE_CURVE('',#1022,#1023,#711,.T.);
#1302=EDGE_CURVE('',#1023,#1024,#142,.T.);
#1303=EDGE_CURVE('',#1024,#1021,#712,.T.);
#1304=EDGE_CURVE('',#1025,#1026,#23,.T.);
#1305=EDGE_CURVE('',#1025,#1027,#143,.T.);
#1306=EDGE_CURVE('',#1028,#1027,#713,.T.);
#1307=EDGE_CURVE('',#1029,#1028,#144,.T.);
#1308=EDGE_CURVE('',#1030,#1029,#24,.T.);
#1309=EDGE_CURVE('',#1026,#1030,#714,.T.);
#1310=EDGE_CURVE('',#1031,#1032,#145,.T.);
#1311=EDGE_CURVE('',#1033,#1032,#715,.T.);
#1312=EDGE_CURVE('',#1034,#1033,#146,.T.);
#1313=EDGE_CURVE('',#1035,#1034,#25,.T.);
#1314=EDGE_CURVE('',#1036,#1035,#716,.T.);
#1315=EDGE_CURVE('',#1031,#1036,#26,.T.);
#1316=EDGE_CURVE('',#1037,#1038,#147,.T.);
#1317=EDGE_CURVE('',#1039,#1038,#27,.T.);
#1318=EDGE_CURVE('',#1039,#1040,#717,.T.);
#1319=EDGE_CURVE('',#1041,#1040,#28,.T.);
#1320=EDGE_CURVE('',#1042,#1041,#148,.T.);
#1321=EDGE_CURVE('',#1037,#1042,#718,.T.);
#1322=EDGE_CURVE('',#1043,#1044,#719,.T.);
#1323=EDGE_CURVE('',#1045,#1043,#720,.T.);
#1324=EDGE_CURVE('',#1045,#1046,#721,.T.);
#1325=EDGE_CURVE('',#1044,#1046,#722,.T.);
#1326=EDGE_CURVE('',#1047,#1048,#149,.T.);
#1327=EDGE_CURVE('',#1049,#1047,#29,.T.);
#1328=EDGE_CURVE('',#1050,#1049,#723,.T.);
#1329=EDGE_CURVE('',#1051,#1050,#30,.T.);
#1330=EDGE_CURVE('',#1051,#1052,#150,.T.);
#1331=EDGE_CURVE('',#1048,#1052,#724,.T.);
#1332=EDGE_CURVE('',#1053,#1054,#31,.T.);
#1333=EDGE_CURVE('',#1054,#1041,#151,.T.);
#1334=EDGE_CURVE('',#1040,#1053,#152,.T.);
#1335=EDGE_CURVE('',#1055,#1053,#725,.T.);
#1336=EDGE_CURVE('',#1055,#1039,#153,.T.);
#1337=EDGE_CURVE('',#1056,#1055,#32,.T.);
#1338=EDGE_CURVE('',#1038,#1056,#154,.T.);
#1339=EDGE_CURVE('',#1057,#1058,#33,.T.);
#1340=EDGE_CURVE('',#1058,#1051,#155,.T.);
#1341=EDGE_CURVE('',#1050,#1057,#156,.T.);
#1342=EDGE_CURVE('',#1057,#1059,#726,.T.);
#1343=EDGE_CURVE('',#1059,#1049,#157,.T.);
#1344=EDGE_CURVE('',#1060,#1059,#34,.T.);
#1345=EDGE_CURVE('',#1047,#1060,#158,.T.);
#1346=EDGE_CURVE('',#1061,#1062,#35,.T.);
#1347=EDGE_CURVE('',#1062,#1063,#159,.T.);
#1348=EDGE_CURVE('',#1063,#1064,#36,.T.);
#1349=EDGE_CURVE('',#1064,#1061,#160,.T.);
#1350=EDGE_CURVE('',#1061,#1065,#727,.T.);
#1351=EDGE_CURVE('',#1064,#1066,#728,.T.);
#1352=EDGE_CURVE('',#1065,#1066,#161,.T.);
#1353=EDGE_CURVE('',#1067,#1065,#37,.T.);
#1354=EDGE_CURVE('',#1066,#1068,#38,.T.);
#1355=EDGE_CURVE('',#1068,#1067,#162,.T.);
#1356=EDGE_CURVE('',#1069,#1070,#39,.T.);
#1357=EDGE_CURVE('',#1070,#1071,#163,.T.);
#1358=EDGE_CURVE('',#1071,#1072,#40,.T.);
#1359=EDGE_CURVE('',#1072,#1069,#164,.T.);
#1360=EDGE_CURVE('',#1069,#1073,#729,.T.);
#1361=EDGE_CURVE('',#1072,#1074,#730,.T.);
#1362=EDGE_CURVE('',#1073,#1074,#165,.T.);
#1363=EDGE_CURVE('',#1075,#1073,#41,.T.);
#1364=EDGE_CURVE('',#1074,#1076,#42,.T.);
#1365=EDGE_CURVE('',#1076,#1075,#166,.T.);
#1366=EDGE_CURVE('',#1077,#1078,#43,.T.);
#1367=EDGE_CURVE('',#1078,#1025,#167,.T.);
#1368=EDGE_CURVE('',#1026,#1077,#168,.T.);
#1369=EDGE_CURVE('',#1077,#1079,#731,.T.);
#1370=EDGE_CURVE('',#1079,#1030,#169,.T.);
#1371=EDGE_CURVE('',#1080,#1079,#44,.T.);
#1372=EDGE_CURVE('',#1029,#1080,#170,.T.);
#1373=EDGE_CURVE('',#1081,#1082,#45,.T.);
#1374=EDGE_CURVE('',#1082,#1031,#171,.T.);
#1375=EDGE_CURVE('',#1036,#1081,#172,.T.);
#1376=EDGE_CURVE('',#1081,#1083,#732,.T.);
#1377=EDGE_CURVE('',#1083,#1035,#173,.T.);
#1378=EDGE_CURVE('',#1084,#1083,#46,.T.);
#1379=EDGE_CURVE('',#1034,#1084,#174,.T.);
#1380=EDGE_CURVE('',#1085,#1086,#47,.T.);
#1381=EDGE_CURVE('',#1086,#1087,#175,.T.);
#1382=EDGE_CURVE('',#1087,#1088,#48,.T.);
#1383=EDGE_CURVE('',#1088,#1085,#176,.T.);
#1384=EDGE_CURVE('',#1085,#1089,#733,.T.);
#1385=EDGE_CURVE('',#1088,#1090,#734,.T.);
#1386=EDGE_CURVE('',#1089,#1090,#177,.T.);
#1387=EDGE_CURVE('',#1091,#1089,#49,.T.);
#1388=EDGE_CURVE('',#1090,#1092,#50,.T.);
#1389=EDGE_CURVE('',#1092,#1091,#178,.T.);
#1390=EDGE_CURVE('',#1093,#1094,#51,.T.);
#1391=EDGE_CURVE('',#1094,#1095,#179,.T.);
#1392=EDGE_CURVE('',#1095,#1096,#52,.T.);
#1393=EDGE_CURVE('',#1096,#1093,#180,.T.);
#1394=EDGE_CURVE('',#1097,#1093,#735,.T.);
#1395=EDGE_CURVE('',#1098,#1096,#736,.T.);
#1396=EDGE_CURVE('',#1097,#1098,#181,.T.);
#1397=EDGE_CURVE('',#1099,#1097,#53,.T.);
#1398=EDGE_CURVE('',#1098,#1100,#54,.T.);
#1399=EDGE_CURVE('',#1100,#1099,#182,.T.);
#1400=EDGE_CURVE('',#1101,#1102,#55,.T.);
#1401=EDGE_CURVE('',#1102,#1103,#183,.T.);
#1402=EDGE_CURVE('',#1103,#1104,#56,.T.);
#1403=EDGE_CURVE('',#1104,#1101,#184,.T.);
#1404=EDGE_CURVE('',#1101,#1105,#737,.T.);
#1405=EDGE_CURVE('',#1104,#1106,#738,.T.);
#1406=EDGE_CURVE('',#1105,#1106,#185,.T.);
#1407=EDGE_CURVE('',#1107,#1105,#57,.T.);
#1408=EDGE_CURVE('',#1106,#1108,#58,.T.);
#1409=EDGE_CURVE('',#1108,#1107,#186,.T.);
#1410=EDGE_CURVE('',#1109,#1110,#59,.T.);
#1411=EDGE_CURVE('',#1110,#1111,#187,.T.);
#1412=EDGE_CURVE('',#1111,#1112,#60,.T.);
#1413=EDGE_CURVE('',#1112,#1109,#188,.T.);
#1414=EDGE_CURVE('',#1109,#1113,#739,.T.);
#1415=EDGE_CURVE('',#1112,#1114,#740,.T.);
#1416=EDGE_CURVE('',#1113,#1114,#189,.T.);
#1417=EDGE_CURVE('',#1115,#1113,#61,.T.);
#1418=EDGE_CURVE('',#1114,#1116,#62,.T.);
#1419=EDGE_CURVE('',#1116,#1115,#190,.T.);
#1420=EDGE_CURVE('',#1117,#1118,#63,.T.);
#1421=EDGE_CURVE('',#1118,#1119,#191,.T.);
#1422=EDGE_CURVE('',#1119,#1120,#64,.T.);
#1423=EDGE_CURVE('',#1120,#1117,#192,.T.);
#1424=EDGE_CURVE('',#1117,#1121,#741,.T.);
#1425=EDGE_CURVE('',#1120,#1122,#742,.T.);
#1426=EDGE_CURVE('',#1121,#1122,#193,.T.);
#1427=EDGE_CURVE('',#1123,#1121,#65,.T.);
#1428=EDGE_CURVE('',#1122,#1124,#66,.T.);
#1429=EDGE_CURVE('',#1124,#1123,#194,.T.);
#1430=EDGE_CURVE('',#1125,#1126,#67,.T.);
#1431=EDGE_CURVE('',#1126,#996,#195,.T.);
#1432=EDGE_CURVE('',#995,#1125,#196,.T.);
#1433=EDGE_CURVE('',#1127,#1125,#743,.T.);
#1434=EDGE_CURVE('',#1127,#994,#197,.T.);
#1435=EDGE_CURVE('',#1128,#1127,#68,.T.);
#1436=EDGE_CURVE('',#993,#1128,#198,.T.);
#1437=EDGE_CURVE('',#1129,#1130,#69,.T.);
#1438=EDGE_CURVE('',#1130,#1131,#199,.T.);
#1439=EDGE_CURVE('',#1131,#1132,#70,.T.);
#1440=EDGE_CURVE('',#1132,#1129,#200,.T.);
#1441=EDGE_CURVE('',#1133,#1129,#744,.T.);
#1442=EDGE_CURVE('',#1134,#1132,#745,.T.);
#1443=EDGE_CURVE('',#1133,#1134,#201,.T.);
#1444=EDGE_CURVE('',#1135,#1133,#71,.T.);
#1445=EDGE_CURVE('',#1134,#1136,#72,.T.);
#1446=EDGE_CURVE('',#1136,#1135,#202,.T.);
#1447=EDGE_CURVE('',#1137,#1138,#73,.T.);
#1448=EDGE_CURVE('',#1138,#1139,#203,.T.);
#1449=EDGE_CURVE('',#1139,#1140,#74,.T.);
#1450=EDGE_CURVE('',#1140,#1137,#204,.T.);
#1451=EDGE_CURVE('',#1141,#1137,#746,.T.);
#1452=EDGE_CURVE('',#1142,#1140,#747,.T.);
#1453=EDGE_CURVE('',#1141,#1142,#205,.T.);
#1454=EDGE_CURVE('',#1143,#1141,#75,.T.);
#1455=EDGE_CURVE('',#1142,#1144,#76,.T.);
#1456=EDGE_CURVE('',#1144,#1143,#206,.T.);
#1457=EDGE_CURVE('',#1145,#1146,#77,.T.);
#1458=EDGE_CURVE('',#1146,#1147,#207,.T.);
#1459=EDGE_CURVE('',#1147,#1148,#78,.T.);
#1460=EDGE_CURVE('',#1148,#1145,#208,.T.);
#1461=EDGE_CURVE('',#1145,#1149,#748,.T.);
#1462=EDGE_CURVE('',#1148,#1150,#749,.T.);
#1463=EDGE_CURVE('',#1149,#1150,#209,.T.);
#1464=EDGE_CURVE('',#1151,#1149,#79,.T.);
#1465=EDGE_CURVE('',#1150,#1152,#80,.T.);
#1466=EDGE_CURVE('',#1152,#1151,#210,.T.);
#1467=EDGE_CURVE('',#1153,#1154,#81,.T.);
#1468=EDGE_CURVE('',#1154,#1155,#211,.T.);
#1469=EDGE_CURVE('',#1155,#1156,#82,.T.);
#1470=EDGE_CURVE('',#1156,#1153,#212,.T.);
#1471=EDGE_CURVE('',#1157,#1153,#750,.T.);
#1472=EDGE_CURVE('',#1158,#1156,#751,.T.);
#1473=EDGE_CURVE('',#1157,#1158,#213,.T.);
#1474=EDGE_CURVE('',#1159,#1157,#83,.T.);
#1475=EDGE_CURVE('',#1158,#1160,#84,.T.);
#1476=EDGE_CURVE('',#1160,#1159,#214,.T.);
#1477=EDGE_CURVE('',#984,#1161,#752,.T.);
#1478=EDGE_CURVE('',#1161,#990,#215,.T.);
#1479=EDGE_CURVE('',#1161,#1162,#86,.T.);
#1480=EDGE_CURVE('',#989,#1162,#216,.T.);
#1481=EDGE_CURVE('',#1163,#1160,#217,.T.);
#1482=EDGE_CURVE('',#1164,#1155,#218,.T.);
#1483=EDGE_CURVE('',#1163,#1164,#753,.T.);
#1484=EDGE_CURVE('',#1165,#1166,#754,.T.);
#1485=EDGE_CURVE('',#1167,#1165,#755,.T.);
#1486=EDGE_CURVE('',#1167,#1168,#756,.T.);
#1487=EDGE_CURVE('',#1166,#1168,#757,.T.);
#1488=EDGE_CURVE('',#1054,#1169,#219,.T.);
#1489=EDGE_CURVE('',#1056,#1170,#220,.T.);
#1490=EDGE_CURVE('',#1169,#1170,#758,.T.);
#1491=EDGE_CURVE('',#1171,#1172,#759,.T.);
#1492=EDGE_CURVE('',#1173,#1171,#760,.T.);
#1493=EDGE_CURVE('',#1174,#1173,#761,.T.);
#1494=EDGE_CURVE('',#1174,#1172,#762,.T.);
#1495=EDGE_CURVE('',#1154,#1175,#221,.T.);
#1496=EDGE_CURVE('',#1159,#1176,#222,.T.);
#1497=EDGE_CURVE('',#1175,#1176,#763,.T.);
#1498=EDGE_CURVE('',#1177,#1136,#223,.T.);
#1499=EDGE_CURVE('',#1178,#1131,#224,.T.);
#1500=EDGE_CURVE('',#1177,#1178,#764,.T.);
#1501=EDGE_CURVE('',#999,#1179,#765,.T.);
#1502=EDGE_CURVE('',#998,#1180,#766,.T.);
#1503=EDGE_CURVE('',#1179,#1180,#767,.T.);
#1504=EDGE_CURVE('',#1126,#1000,#225,.T.);
#1505=EDGE_CURVE('',#1128,#997,#226,.T.);
#1506=EDGE_CURVE('',#1181,#1144,#227,.T.);
#1507=EDGE_CURVE('',#1182,#1139,#228,.T.);
#1508=EDGE_CURVE('',#1181,#1182,#768,.T.);
#1509=EDGE_CURVE('',#1003,#1183,#769,.T.);
#1510=EDGE_CURVE('',#1002,#1184,#770,.T.);
#1511=EDGE_CURVE('',#1183,#1184,#771,.T.);
#1512=EDGE_CURVE('',#1130,#1004,#229,.T.);
#1513=EDGE_CURVE('',#1135,#1001,#230,.T.);
#1514=EDGE_CURVE('',#1185,#1146,#231,.T.);
#1515=EDGE_CURVE('',#1186,#1151,#232,.T.);
#1516=EDGE_CURVE('',#1185,#1186,#772,.T.);
#1517=EDGE_CURVE('',#1007,#1187,#773,.T.);
#1518=EDGE_CURVE('',#1006,#1188,#774,.T.);
#1519=EDGE_CURVE('',#1187,#1188,#775,.T.);
#1520=EDGE_CURVE('',#1138,#1008,#233,.T.);
#1521=EDGE_CURVE('',#1143,#1005,#234,.T.);
#1522=EDGE_CURVE('',#1189,#1118,#235,.T.);
#1523=EDGE_CURVE('',#1190,#1123,#236,.T.);
#1524=EDGE_CURVE('',#1189,#1190,#776,.T.);
#1525=EDGE_CURVE('',#1191,#1192,#777,.T.);
#1526=EDGE_CURVE('',#1193,#1191,#778,.T.);
#1527=EDGE_CURVE('',#1193,#1194,#779,.T.);
#1528=EDGE_CURVE('',#1192,#1194,#780,.T.);
#1529=EDGE_CURVE('',#1152,#1195,#237,.T.);
#1530=EDGE_CURVE('',#1147,#1196,#238,.T.);
#1531=EDGE_CURVE('',#1195,#1196,#781,.T.);
#1532=EDGE_CURVE('',#1010,#1110,#239,.T.);
#1533=EDGE_CURVE('',#1011,#1115,#240,.T.);
#1534=EDGE_CURVE('',#1197,#1012,#782,.T.);
#1535=EDGE_CURVE('',#1198,#1197,#783,.T.);
#1536=EDGE_CURVE('',#1198,#1009,#784,.T.);
#1537=EDGE_CURVE('',#1124,#1199,#241,.T.);
#1538=EDGE_CURVE('',#1119,#1200,#242,.T.);
#1539=EDGE_CURVE('',#1199,#1200,#785,.T.);
#1540=EDGE_CURVE('',#1014,#1100,#243,.T.);
#1541=EDGE_CURVE('',#1015,#1095,#244,.T.);
#1542=EDGE_CURVE('',#1201,#1016,#786,.T.);
#1543=EDGE_CURVE('',#1202,#1201,#787,.T.);
#1544=EDGE_CURVE('',#1202,#1013,#788,.T.);
#1545=EDGE_CURVE('',#1116,#1203,#245,.T.);
#1546=EDGE_CURVE('',#1111,#1204,#246,.T.);
#1547=EDGE_CURVE('',#1203,#1204,#789,.T.);
#1548=EDGE_CURVE('',#1018,#1102,#247,.T.);
#1549=EDGE_CURVE('',#1019,#1107,#248,.T.);
#1550=EDGE_CURVE('',#1205,#1020,#790,.T.);
#1551=EDGE_CURVE('',#1206,#1205,#791,.T.);
#1552=EDGE_CURVE('',#1206,#1017,#792,.T.);
#1553=EDGE_CURVE('',#1094,#1207,#249,.T.);
#1554=EDGE_CURVE('',#1099,#1208,#250,.T.);
#1555=EDGE_CURVE('',#1207,#1208,#793,.T.);
#1556=EDGE_CURVE('',#1022,#1086,#251,.T.);
#1557=EDGE_CURVE('',#1023,#1091,#252,.T.);
#1558=EDGE_CURVE('',#1209,#1024,#794,.T.);
#1559=EDGE_CURVE('',#1210,#1209,#795,.T.);
#1560=EDGE_CURVE('',#1210,#1021,#796,.T.);
#1561=EDGE_CURVE('',#1108,#1211,#253,.T.);
#1562=EDGE_CURVE('',#1103,#1212,#254,.T.);
#1563=EDGE_CURVE('',#1211,#1212,#797,.T.);
#1564=EDGE_CURVE('',#1213,#1082,#255,.T.);
#1565=EDGE_CURVE('',#1214,#1084,#256,.T.);
#1566=EDGE_CURVE('',#1213,#1214,#798,.T.);
#1567=EDGE_CURVE('',#1215,#1216,#799,.T.);
#1568=EDGE_CURVE('',#1217,#1215,#800,.T.);
#1569=EDGE_CURVE('',#1217,#1218,#801,.T.);
#1570=EDGE_CURVE('',#1216,#1218,#802,.T.);
#1571=EDGE_CURVE('',#1092,#1219,#257,.T.);
#1572=EDGE_CURVE('',#1087,#1220,#258,.T.);
#1573=EDGE_CURVE('',#1219,#1220,#803,.T.);
#1574=EDGE_CURVE('',#1221,#1078,#259,.T.);
#1575=EDGE_CURVE('',#1222,#1080,#260,.T.);
#1576=EDGE_CURVE('',#1221,#1222,#804,.T.);
#1577=EDGE_CURVE('',#1223,#1224,#805,.T.);
#1578=EDGE_CURVE('',#1225,#1223,#806,.T.);
#1579=EDGE_CURVE('',#1225,#1226,#807,.T.);
#1580=EDGE_CURVE('',#1224,#1226,#808,.T.);
#1581=EDGE_CURVE('',#1227,#1070,#261,.T.);
#1582=EDGE_CURVE('',#1228,#1075,#262,.T.);
#1583=EDGE_CURVE('',#1227,#1228,#809,.T.);
#1584=EDGE_CURVE('',#1229,#1230,#810,.T.);
#1585=EDGE_CURVE('',#1231,#1229,#811,.T.);
#1586=EDGE_CURVE('',#1231,#1232,#812,.T.);
#1587=EDGE_CURVE('',#1230,#1232,#813,.T.);
#1588=EDGE_CURVE('',#1233,#1062,#263,.T.);
#1589=EDGE_CURVE('',#1234,#1067,#264,.T.);
#1590=EDGE_CURVE('',#1233,#1234,#814,.T.);
#1591=EDGE_CURVE('',#1235,#1236,#815,.T.);
#1592=EDGE_CURVE('',#1237,#1235,#816,.T.);
#1593=EDGE_CURVE('',#1237,#1238,#817,.T.);
#1594=EDGE_CURVE('',#1236,#1238,#818,.T.);
#1595=EDGE_CURVE('',#1076,#1239,#265,.T.);
#1596=EDGE_CURVE('',#1071,#1240,#266,.T.);
#1597=EDGE_CURVE('',#1239,#1240,#819,.T.);
#1598=EDGE_CURVE('',#1241,#1058,#267,.T.);
#1599=EDGE_CURVE('',#1242,#1060,#268,.T.);
#1600=EDGE_CURVE('',#1241,#1242,#820,.T.);
#1601=EDGE_CURVE('',#1243,#1244,#821,.T.);
#1602=EDGE_CURVE('',#1245,#1243,#822,.T.);
#1603=EDGE_CURVE('',#1245,#1246,#823,.T.);
#1604=EDGE_CURVE('',#1244,#1246,#824,.T.);
#1605=EDGE_CURVE('',#1068,#1247,#269,.T.);
#1606=EDGE_CURVE('',#1063,#1248,#270,.T.);
#1607=EDGE_CURVE('',#1247,#1248,#825,.T.);
#1608=EDGE_CURVE('',#1248,#1245,#271,.T.);
#1609=EDGE_CURVE('',#1243,#1247,#272,.T.);
#1610=EDGE_CURVE('',#1246,#1241,#273,.T.);
#1611=EDGE_CURVE('',#1242,#1244,#274,.T.);
#1612=EDGE_CURVE('',#1240,#1237,#275,.T.);
#1613=EDGE_CURVE('',#1235,#1239,#276,.T.);
#1614=EDGE_CURVE('',#1238,#1233,#277,.T.);
#1615=EDGE_CURVE('',#1234,#1236,#278,.T.);
#1616=EDGE_CURVE('',#1027,#1231,#279,.T.);
#1617=EDGE_CURVE('',#1229,#1028,#280,.T.);
#1618=EDGE_CURVE('',#1232,#1227,#281,.T.);
#1619=EDGE_CURVE('',#1228,#1230,#282,.T.);
#1620=EDGE_CURVE('',#1032,#1225,#283,.T.);
#1621=EDGE_CURVE('',#1223,#1033,#284,.T.);
#1622=EDGE_CURVE('',#1226,#1221,#285,.T.);
#1623=EDGE_CURVE('',#1222,#1224,#286,.T.);
#1624=EDGE_CURVE('',#1220,#1217,#287,.T.);
#1625=EDGE_CURVE('',#1215,#1219,#288,.T.);
#1626=EDGE_CURVE('',#1218,#1213,#289,.T.);
#1627=EDGE_CURVE('',#1214,#1216,#290,.T.);
#1628=EDGE_CURVE('',#1212,#1210,#291,.T.);
#1629=EDGE_CURVE('',#1209,#1211,#292,.T.);
#1630=EDGE_CURVE('',#1208,#1206,#293,.T.);
#1631=EDGE_CURVE('',#1205,#1207,#294,.T.);
#1632=EDGE_CURVE('',#1204,#1202,#295,.T.);
#1633=EDGE_CURVE('',#1201,#1203,#296,.T.);
#1634=EDGE_CURVE('',#1200,#1198,#297,.T.);
#1635=EDGE_CURVE('',#1197,#1199,#298,.T.);
#1636=EDGE_CURVE('',#1196,#1193,#299,.T.);
#1637=EDGE_CURVE('',#1191,#1195,#300,.T.);
#1638=EDGE_CURVE('',#1194,#1189,#301,.T.);
#1639=EDGE_CURVE('',#1190,#1192,#302,.T.);
#1640=EDGE_CURVE('',#1188,#1185,#303,.T.);
#1641=EDGE_CURVE('',#1186,#1187,#304,.T.);
#1642=EDGE_CURVE('',#1184,#1181,#305,.T.);
#1643=EDGE_CURVE('',#1182,#1183,#306,.T.);
#1644=EDGE_CURVE('',#1180,#1177,#307,.T.);
#1645=EDGE_CURVE('',#1178,#1179,#308,.T.);
#1646=EDGE_CURVE('',#1176,#1174,#309,.T.);
#1647=EDGE_CURVE('',#1173,#1175,#310,.T.);
#1648=EDGE_CURVE('',#1170,#1167,#311,.T.);
#1649=EDGE_CURVE('',#1165,#1169,#312,.T.);
#1650=EDGE_CURVE('',#1168,#1163,#313,.T.);
#1651=EDGE_CURVE('',#1164,#1166,#314,.T.);
#1652=EDGE_CURVE('',#1052,#1045,#315,.T.);
#1653=EDGE_CURVE('',#1043,#1048,#316,.T.);
#1654=EDGE_CURVE('',#1046,#1037,#317,.T.);
#1655=EDGE_CURVE('',#1042,#1044,#318,.T.);
#1656=EDGE_CURVE('',#988,#1171,#826,.T.);
#1657=EDGE_CURVE('',#1172,#987,#827,.T.);
#1658=EDGE_CURVE('',#1162,#1249,#828,.T.);
#1659=EDGE_CURVE('',#1249,#1250,#829,.T.);
#1660=EDGE_CURVE('',#1250,#983,#830,.T.);
#1661=EDGE_CURVE('',#1251,#1250,#319,.T.);
#1662=EDGE_CURVE('',#992,#1251,#831,.T.);
#1663=EDGE_CURVE('',#1252,#1252,#320,.T.);
#1664=EDGE_CURVE('',#1253,#991,#832,.T.);
#1665=EDGE_CURVE('',#1249,#1253,#321,.T.);
#1666=EDGE_CURVE('',#1254,#1254,#322,.T.);
#1667=EDGE_CURVE('',#1252,#1254,#833,.T.);
#1668=EDGE_CURVE('',#1251,#1253,#834,.T.);
#1669=ORIENTED_EDGE('',*,*,#1255,.F.);
#1670=ORIENTED_EDGE('',*,*,#1256,.T.);
#1671=ORIENTED_EDGE('',*,*,#1257,.F.);
#1672=ORIENTED_EDGE('',*,*,#1258,.F.);
#1673=ORIENTED_EDGE('',*,*,#1259,.F.);
#1674=ORIENTED_EDGE('',*,*,#1258,.T.);
#1675=ORIENTED_EDGE('',*,*,#1260,.F.);
#1676=ORIENTED_EDGE('',*,*,#1256,.F.);
#1677=ORIENTED_EDGE('',*,*,#1261,.F.);
#1678=ORIENTED_EDGE('',*,*,#1262,.T.);
#1679=ORIENTED_EDGE('',*,*,#1263,.T.);
#1680=ORIENTED_EDGE('',*,*,#1264,.T.);
#1681=ORIENTED_EDGE('',*,*,#1265,.F.);
#1682=ORIENTED_EDGE('',*,*,#1266,.T.);
#1683=ORIENTED_EDGE('',*,*,#1267,.F.);
#1684=ORIENTED_EDGE('',*,*,#1268,.T.);
#1685=ORIENTED_EDGE('',*,*,#1263,.F.);
#1686=ORIENTED_EDGE('',*,*,#1269,.F.);
#1687=ORIENTED_EDGE('',*,*,#1270,.F.);
#1688=ORIENTED_EDGE('',*,*,#1271,.T.);
#1689=ORIENTED_EDGE('',*,*,#1272,.F.);
#1690=ORIENTED_EDGE('',*,*,#1273,.T.);
#1691=ORIENTED_EDGE('',*,*,#1274,.F.);
#1692=ORIENTED_EDGE('',*,*,#1275,.F.);
#1693=ORIENTED_EDGE('',*,*,#1276,.T.);
#1694=ORIENTED_EDGE('',*,*,#1277,.T.);
#1695=ORIENTED_EDGE('',*,*,#1278,.T.);
#1696=ORIENTED_EDGE('',*,*,#1279,.T.);
#1697=ORIENTED_EDGE('',*,*,#1280,.T.);
#1698=ORIENTED_EDGE('',*,*,#1281,.T.);
#1699=ORIENTED_EDGE('',*,*,#1282,.T.);
#1700=ORIENTED_EDGE('',*,*,#1283,.T.);
#1701=ORIENTED_EDGE('',*,*,#1284,.T.);
#1702=ORIENTED_EDGE('',*,*,#1285,.T.);
#1703=ORIENTED_EDGE('',*,*,#1286,.T.);
#1704=ORIENTED_EDGE('',*,*,#1287,.T.);
#1705=ORIENTED_EDGE('',*,*,#1288,.T.);
#1706=ORIENTED_EDGE('',*,*,#1289,.T.);
#1707=ORIENTED_EDGE('',*,*,#1290,.T.);
#1708=ORIENTED_EDGE('',*,*,#1291,.T.);
#1709=ORIENTED_EDGE('',*,*,#1292,.T.);
#1710=ORIENTED_EDGE('',*,*,#1293,.T.);
#1711=ORIENTED_EDGE('',*,*,#1294,.T.);
#1712=ORIENTED_EDGE('',*,*,#1295,.T.);
#1713=ORIENTED_EDGE('',*,*,#1296,.T.);
#1714=ORIENTED_EDGE('',*,*,#1297,.T.);
#1715=ORIENTED_EDGE('',*,*,#1298,.T.);
#1716=ORIENTED_EDGE('',*,*,#1299,.T.);
#1717=ORIENTED_EDGE('',*,*,#1300,.T.);
#1718=ORIENTED_EDGE('',*,*,#1301,.T.);
#1719=ORIENTED_EDGE('',*,*,#1302,.T.);
#1720=ORIENTED_EDGE('',*,*,#1303,.T.);
#1721=ORIENTED_EDGE('',*,*,#1304,.F.);
#1722=ORIENTED_EDGE('',*,*,#1305,.T.);
#1723=ORIENTED_EDGE('',*,*,#1306,.F.);
#1724=ORIENTED_EDGE('',*,*,#1307,.F.);
#1725=ORIENTED_EDGE('',*,*,#1308,.F.);
#1726=ORIENTED_EDGE('',*,*,#1309,.F.);
#1727=ORIENTED_EDGE('',*,*,#1310,.T.);
#1728=ORIENTED_EDGE('',*,*,#1311,.F.);
#1729=ORIENTED_EDGE('',*,*,#1312,.F.);
#1730=ORIENTED_EDGE('',*,*,#1313,.F.);
#1731=ORIENTED_EDGE('',*,*,#1314,.F.);
#1732=ORIENTED_EDGE('',*,*,#1315,.F.);
#1733=ORIENTED_EDGE('',*,*,#1316,.T.);
#1734=ORIENTED_EDGE('',*,*,#1317,.F.);
#1735=ORIENTED_EDGE('',*,*,#1318,.T.);
#1736=ORIENTED_EDGE('',*,*,#1319,.F.);
#1737=ORIENTED_EDGE('',*,*,#1320,.F.);
#1738=ORIENTED_EDGE('',*,*,#1321,.F.);
#1739=ORIENTED_EDGE('',*,*,#1322,.F.);
#1740=ORIENTED_EDGE('',*,*,#1323,.F.);
#1741=ORIENTED_EDGE('',*,*,#1324,.T.);
#1742=ORIENTED_EDGE('',*,*,#1325,.F.);
#1743=ORIENTED_EDGE('',*,*,#1326,.F.);
#1744=ORIENTED_EDGE('',*,*,#1327,.F.);
#1745=ORIENTED_EDGE('',*,*,#1328,.F.);
#1746=ORIENTED_EDGE('',*,*,#1329,.F.);
#1747=ORIENTED_EDGE('',*,*,#1330,.T.);
#1748=ORIENTED_EDGE('',*,*,#1331,.F.);
#1749=ORIENTED_EDGE('',*,*,#1332,.T.);
#1750=ORIENTED_EDGE('',*,*,#1333,.T.);
#1751=ORIENTED_EDGE('',*,*,#1319,.T.);
#1752=ORIENTED_EDGE('',*,*,#1334,.T.);
#1753=ORIENTED_EDGE('',*,*,#1335,.T.);
#1754=ORIENTED_EDGE('',*,*,#1334,.F.);
#1755=ORIENTED_EDGE('',*,*,#1318,.F.);
#1756=ORIENTED_EDGE('',*,*,#1336,.F.);
#1757=ORIENTED_EDGE('',*,*,#1337,.T.);
#1758=ORIENTED_EDGE('',*,*,#1336,.T.);
#1759=ORIENTED_EDGE('',*,*,#1317,.T.);
#1760=ORIENTED_EDGE('',*,*,#1338,.T.);
#1761=ORIENTED_EDGE('',*,*,#1339,.T.);
#1762=ORIENTED_EDGE('',*,*,#1340,.T.);
#1763=ORIENTED_EDGE('',*,*,#1329,.T.);
#1764=ORIENTED_EDGE('',*,*,#1341,.T.);
#1765=ORIENTED_EDGE('',*,*,#1342,.F.);
#1766=ORIENTED_EDGE('',*,*,#1341,.F.);
#1767=ORIENTED_EDGE('',*,*,#1328,.T.);
#1768=ORIENTED_EDGE('',*,*,#1343,.F.);
#1769=ORIENTED_EDGE('',*,*,#1344,.T.);
#1770=ORIENTED_EDGE('',*,*,#1343,.T.);
#1771=ORIENTED_EDGE('',*,*,#1327,.T.);
#1772=ORIENTED_EDGE('',*,*,#1345,.T.);
#1773=ORIENTED_EDGE('',*,*,#1346,.T.);
#1774=ORIENTED_EDGE('',*,*,#1347,.T.);
#1775=ORIENTED_EDGE('',*,*,#1348,.T.);
#1776=ORIENTED_EDGE('',*,*,#1349,.T.);
#1777=ORIENTED_EDGE('',*,*,#1350,.F.);
#1778=ORIENTED_EDGE('',*,*,#1349,.F.);
#1779=ORIENTED_EDGE('',*,*,#1351,.T.);
#1780=ORIENTED_EDGE('',*,*,#1352,.F.);
#1781=ORIENTED_EDGE('',*,*,#1353,.T.);
#1782=ORIENTED_EDGE('',*,*,#1352,.T.);
#1783=ORIENTED_EDGE('',*,*,#1354,.T.);
#1784=ORIENTED_EDGE('',*,*,#1355,.T.);
#1785=ORIENTED_EDGE('',*,*,#1356,.T.);
#1786=ORIENTED_EDGE('',*,*,#1357,.T.);
#1787=ORIENTED_EDGE('',*,*,#1358,.T.);
#1788=ORIENTED_EDGE('',*,*,#1359,.T.);
#1789=ORIENTED_EDGE('',*,*,#1360,.F.);
#1790=ORIENTED_EDGE('',*,*,#1359,.F.);
#1791=ORIENTED_EDGE('',*,*,#1361,.T.);
#1792=ORIENTED_EDGE('',*,*,#1362,.F.);
#1793=ORIENTED_EDGE('',*,*,#1363,.T.);
#1794=ORIENTED_EDGE('',*,*,#1362,.T.);
#1795=ORIENTED_EDGE('',*,*,#1364,.T.);
#1796=ORIENTED_EDGE('',*,*,#1365,.T.);
#1797=ORIENTED_EDGE('',*,*,#1366,.T.);
#1798=ORIENTED_EDGE('',*,*,#1367,.T.);
#1799=ORIENTED_EDGE('',*,*,#1304,.T.);
#1800=ORIENTED_EDGE('',*,*,#1368,.T.);
#1801=ORIENTED_EDGE('',*,*,#1369,.F.);
#1802=ORIENTED_EDGE('',*,*,#1368,.F.);
#1803=ORIENTED_EDGE('',*,*,#1309,.T.);
#1804=ORIENTED_EDGE('',*,*,#1370,.F.);
#1805=ORIENTED_EDGE('',*,*,#1371,.T.);
#1806=ORIENTED_EDGE('',*,*,#1370,.T.);
#1807=ORIENTED_EDGE('',*,*,#1308,.T.);
#1808=ORIENTED_EDGE('',*,*,#1372,.T.);
#1809=ORIENTED_EDGE('',*,*,#1373,.T.);
#1810=ORIENTED_EDGE('',*,*,#1374,.T.);
#1811=ORIENTED_EDGE('',*,*,#1315,.T.);
#1812=ORIENTED_EDGE('',*,*,#1375,.T.);
#1813=ORIENTED_EDGE('',*,*,#1376,.F.);
#1814=ORIENTED_EDGE('',*,*,#1375,.F.);
#1815=ORIENTED_EDGE('',*,*,#1314,.T.);
#1816=ORIENTED_EDGE('',*,*,#1377,.F.);
#1817=ORIENTED_EDGE('',*,*,#1378,.T.);
#1818=ORIENTED_EDGE('',*,*,#1377,.T.);
#1819=ORIENTED_EDGE('',*,*,#1313,.T.);
#1820=ORIENTED_EDGE('',*,*,#1379,.T.);
#1821=ORIENTED_EDGE('',*,*,#1380,.T.);
#1822=ORIENTED_EDGE('',*,*,#1381,.T.);
#1823=ORIENTED_EDGE('',*,*,#1382,.T.);
#1824=ORIENTED_EDGE('',*,*,#1383,.T.);
#1825=ORIENTED_EDGE('',*,*,#1384,.F.);
#1826=ORIENTED_EDGE('',*,*,#1383,.F.);
#1827=ORIENTED_EDGE('',*,*,#1385,.T.);
#1828=ORIENTED_EDGE('',*,*,#1386,.F.);
#1829=ORIENTED_EDGE('',*,*,#1387,.T.);
#1830=ORIENTED_EDGE('',*,*,#1386,.T.);
#1831=ORIENTED_EDGE('',*,*,#1388,.T.);
#1832=ORIENTED_EDGE('',*,*,#1389,.T.);
#1833=ORIENTED_EDGE('',*,*,#1390,.T.);
#1834=ORIENTED_EDGE('',*,*,#1391,.T.);
#1835=ORIENTED_EDGE('',*,*,#1392,.T.);
#1836=ORIENTED_EDGE('',*,*,#1393,.T.);
#1837=ORIENTED_EDGE('',*,*,#1394,.T.);
#1838=ORIENTED_EDGE('',*,*,#1393,.F.);
#1839=ORIENTED_EDGE('',*,*,#1395,.F.);
#1840=ORIENTED_EDGE('',*,*,#1396,.F.);
#1841=ORIENTED_EDGE('',*,*,#1397,.T.);
#1842=ORIENTED_EDGE('',*,*,#1396,.T.);
#1843=ORIENTED_EDGE('',*,*,#1398,.T.);
#1844=ORIENTED_EDGE('',*,*,#1399,.T.);
#1845=ORIENTED_EDGE('',*,*,#1400,.T.);
#1846=ORIENTED_EDGE('',*,*,#1401,.T.);
#1847=ORIENTED_EDGE('',*,*,#1402,.T.);
#1848=ORIENTED_EDGE('',*,*,#1403,.T.);
#1849=ORIENTED_EDGE('',*,*,#1404,.F.);
#1850=ORIENTED_EDGE('',*,*,#1403,.F.);
#1851=ORIENTED_EDGE('',*,*,#1405,.T.);
#1852=ORIENTED_EDGE('',*,*,#1406,.F.);
#1853=ORIENTED_EDGE('',*,*,#1407,.T.);
#1854=ORIENTED_EDGE('',*,*,#1406,.T.);
#1855=ORIENTED_EDGE('',*,*,#1408,.T.);
#1856=ORIENTED_EDGE('',*,*,#1409,.T.);
#1857=ORIENTED_EDGE('',*,*,#1410,.T.);
#1858=ORIENTED_EDGE('',*,*,#1411,.T.);
#1859=ORIENTED_EDGE('',*,*,#1412,.T.);
#1860=ORIENTED_EDGE('',*,*,#1413,.T.);
#1861=ORIENTED_EDGE('',*,*,#1414,.F.);
#1862=ORIENTED_EDGE('',*,*,#1413,.F.);
#1863=ORIENTED_EDGE('',*,*,#1415,.T.);
#1864=ORIENTED_EDGE('',*,*,#1416,.F.);
#1865=ORIENTED_EDGE('',*,*,#1417,.T.);
#1866=ORIENTED_EDGE('',*,*,#1416,.T.);
#1867=ORIENTED_EDGE('',*,*,#1418,.T.);
#1868=ORIENTED_EDGE('',*,*,#1419,.T.);
#1869=ORIENTED_EDGE('',*,*,#1420,.T.);
#1870=ORIENTED_EDGE('',*,*,#1421,.T.);
#1871=ORIENTED_EDGE('',*,*,#1422,.T.);
#1872=ORIENTED_EDGE('',*,*,#1423,.T.);
#1873=ORIENTED_EDGE('',*,*,#1424,.F.);
#1874=ORIENTED_EDGE('',*,*,#1423,.F.);
#1875=ORIENTED_EDGE('',*,*,#1425,.T.);
#1876=ORIENTED_EDGE('',*,*,#1426,.F.);
#1877=ORIENTED_EDGE('',*,*,#1427,.T.);
#1878=ORIENTED_EDGE('',*,*,#1426,.T.);
#1879=ORIENTED_EDGE('',*,*,#1428,.T.);
#1880=ORIENTED_EDGE('',*,*,#1429,.T.);
#1881=ORIENTED_EDGE('',*,*,#1430,.T.);
#1882=ORIENTED_EDGE('',*,*,#1431,.T.);
#1883=ORIENTED_EDGE('',*,*,#1274,.T.);
#1884=ORIENTED_EDGE('',*,*,#1432,.T.);
#1885=ORIENTED_EDGE('',*,*,#1433,.T.);
#1886=ORIENTED_EDGE('',*,*,#1432,.F.);
#1887=ORIENTED_EDGE('',*,*,#1273,.F.);
#1888=ORIENTED_EDGE('',*,*,#1434,.F.);
#1889=ORIENTED_EDGE('',*,*,#1435,.T.);
#1890=ORIENTED_EDGE('',*,*,#1434,.T.);
#1891=ORIENTED_EDGE('',*,*,#1272,.T.);
#1892=ORIENTED_EDGE('',*,*,#1436,.T.);
#1893=ORIENTED_EDGE('',*,*,#1437,.T.);
#1894=ORIENTED_EDGE('',*,*,#1438,.T.);
#1895=ORIENTED_EDGE('',*,*,#1439,.T.);
#1896=ORIENTED_EDGE('',*,*,#1440,.T.);
#1897=ORIENTED_EDGE('',*,*,#1441,.T.);
#1898=ORIENTED_EDGE('',*,*,#1440,.F.);
#1899=ORIENTED_EDGE('',*,*,#1442,.F.);
#1900=ORIENTED_EDGE('',*,*,#1443,.F.);
#1901=ORIENTED_EDGE('',*,*,#1444,.T.);
#1902=ORIENTED_EDGE('',*,*,#1443,.T.);
#1903=ORIENTED_EDGE('',*,*,#1445,.T.);
#1904=ORIENTED_EDGE('',*,*,#1446,.T.);
#1905=ORIENTED_EDGE('',*,*,#1447,.T.);
#1906=ORIENTED_EDGE('',*,*,#1448,.T.);
#1907=ORIENTED_EDGE('',*,*,#1449,.T.);
#1908=ORIENTED_EDGE('',*,*,#1450,.T.);
#1909=ORIENTED_EDGE('',*,*,#1451,.T.);
#1910=ORIENTED_EDGE('',*,*,#1450,.F.);
#1911=ORIENTED_EDGE('',*,*,#1452,.F.);
#1912=ORIENTED_EDGE('',*,*,#1453,.F.);
#1913=ORIENTED_EDGE('',*,*,#1454,.T.);
#1914=ORIENTED_EDGE('',*,*,#1453,.T.);
#1915=ORIENTED_EDGE('',*,*,#1455,.T.);
#1916=ORIENTED_EDGE('',*,*,#1456,.T.);
#1917=ORIENTED_EDGE('',*,*,#1457,.T.);
#1918=ORIENTED_EDGE('',*,*,#1458,.T.);
#1919=ORIENTED_EDGE('',*,*,#1459,.T.);
#1920=ORIENTED_EDGE('',*,*,#1460,.T.);
#1921=ORIENTED_EDGE('',*,*,#1461,.F.);
#1922=ORIENTED_EDGE('',*,*,#1460,.F.);
#1923=ORIENTED_EDGE('',*,*,#1462,.T.);
#1924=ORIENTED_EDGE('',*,*,#1463,.F.);
#1925=ORIENTED_EDGE('',*,*,#1464,.T.);
#1926=ORIENTED_EDGE('',*,*,#1463,.T.);
#1927=ORIENTED_EDGE('',*,*,#1465,.T.);
#1928=ORIENTED_EDGE('',*,*,#1466,.T.);
#1929=ORIENTED_EDGE('',*,*,#1467,.T.);
#1930=ORIENTED_EDGE('',*,*,#1468,.T.);
#1931=ORIENTED_EDGE('',*,*,#1469,.T.);
#1932=ORIENTED_EDGE('',*,*,#1470,.T.);
#1933=ORIENTED_EDGE('',*,*,#1471,.T.);
#1934=ORIENTED_EDGE('',*,*,#1470,.F.);
#1935=ORIENTED_EDGE('',*,*,#1472,.F.);
#1936=ORIENTED_EDGE('',*,*,#1473,.F.);
#1937=ORIENTED_EDGE('',*,*,#1474,.T.);
#1938=ORIENTED_EDGE('',*,*,#1473,.T.);
#1939=ORIENTED_EDGE('',*,*,#1475,.T.);
#1940=ORIENTED_EDGE('',*,*,#1476,.T.);
#1941=ORIENTED_EDGE('',*,*,#1477,.F.);
#1942=ORIENTED_EDGE('',*,*,#1264,.F.);
#1943=ORIENTED_EDGE('',*,*,#1268,.F.);
#1944=ORIENTED_EDGE('',*,*,#1478,.F.);
#1945=ORIENTED_EDGE('',*,*,#1479,.F.);
#1946=ORIENTED_EDGE('',*,*,#1478,.T.);
#1947=ORIENTED_EDGE('',*,*,#1267,.T.);
#1948=ORIENTED_EDGE('',*,*,#1480,.T.);
#1949=ORIENTED_EDGE('',*,*,#1481,.T.);
#1950=ORIENTED_EDGE('',*,*,#1475,.F.);
#1951=ORIENTED_EDGE('',*,*,#1472,.T.);
#1952=ORIENTED_EDGE('',*,*,#1469,.F.);
#1953=ORIENTED_EDGE('',*,*,#1482,.F.);
#1954=ORIENTED_EDGE('',*,*,#1483,.F.);
#1955=ORIENTED_EDGE('',*,*,#1484,.F.);
#1956=ORIENTED_EDGE('',*,*,#1485,.F.);
#1957=ORIENTED_EDGE('',*,*,#1486,.T.);
#1958=ORIENTED_EDGE('',*,*,#1487,.F.);
#1959=ORIENTED_EDGE('',*,*,#1488,.F.);
#1960=ORIENTED_EDGE('',*,*,#1332,.F.);
#1961=ORIENTED_EDGE('',*,*,#1335,.F.);
#1962=ORIENTED_EDGE('',*,*,#1337,.F.);
#1963=ORIENTED_EDGE('',*,*,#1489,.T.);
#1964=ORIENTED_EDGE('',*,*,#1490,.F.);
#1965=ORIENTED_EDGE('',*,*,#1491,.F.);
#1966=ORIENTED_EDGE('',*,*,#1492,.F.);
#1967=ORIENTED_EDGE('',*,*,#1493,.F.);
#1968=ORIENTED_EDGE('',*,*,#1494,.T.);
#1969=ORIENTED_EDGE('',*,*,#1495,.F.);
#1970=ORIENTED_EDGE('',*,*,#1467,.F.);
#1971=ORIENTED_EDGE('',*,*,#1471,.F.);
#1972=ORIENTED_EDGE('',*,*,#1474,.F.);
#1973=ORIENTED_EDGE('',*,*,#1496,.T.);
#1974=ORIENTED_EDGE('',*,*,#1497,.F.);
#1975=ORIENTED_EDGE('',*,*,#1498,.T.);
#1976=ORIENTED_EDGE('',*,*,#1445,.F.);
#1977=ORIENTED_EDGE('',*,*,#1442,.T.);
#1978=ORIENTED_EDGE('',*,*,#1439,.F.);
#1979=ORIENTED_EDGE('',*,*,#1499,.F.);
#1980=ORIENTED_EDGE('',*,*,#1500,.F.);
#1981=ORIENTED_EDGE('',*,*,#1501,.F.);
#1982=ORIENTED_EDGE('',*,*,#1277,.F.);
#1983=ORIENTED_EDGE('',*,*,#1502,.T.);
#1984=ORIENTED_EDGE('',*,*,#1503,.F.);
#1985=ORIENTED_EDGE('',*,*,#1504,.F.);
#1986=ORIENTED_EDGE('',*,*,#1430,.F.);
#1987=ORIENTED_EDGE('',*,*,#1433,.F.);
#1988=ORIENTED_EDGE('',*,*,#1435,.F.);
#1989=ORIENTED_EDGE('',*,*,#1505,.T.);
#1990=ORIENTED_EDGE('',*,*,#1279,.F.);
#1991=ORIENTED_EDGE('',*,*,#1506,.T.);
#1992=ORIENTED_EDGE('',*,*,#1455,.F.);
#1993=ORIENTED_EDGE('',*,*,#1452,.T.);
#1994=ORIENTED_EDGE('',*,*,#1449,.F.);
#1995=ORIENTED_EDGE('',*,*,#1507,.F.);
#1996=ORIENTED_EDGE('',*,*,#1508,.F.);
#1997=ORIENTED_EDGE('',*,*,#1509,.F.);
#1998=ORIENTED_EDGE('',*,*,#1281,.F.);
#1999=ORIENTED_EDGE('',*,*,#1510,.T.);
#2000=ORIENTED_EDGE('',*,*,#1511,.F.);
#2001=ORIENTED_EDGE('',*,*,#1512,.F.);
#2002=ORIENTED_EDGE('',*,*,#1437,.F.);
#2003=ORIENTED_EDGE('',*,*,#1441,.F.);
#2004=ORIENTED_EDGE('',*,*,#1444,.F.);
#2005=ORIENTED_EDGE('',*,*,#1513,.T.);
#2006=ORIENTED_EDGE('',*,*,#1283,.F.);
#2007=ORIENTED_EDGE('',*,*,#1514,.T.);
#2008=ORIENTED_EDGE('',*,*,#1457,.F.);
#2009=ORIENTED_EDGE('',*,*,#1461,.T.);
#2010=ORIENTED_EDGE('',*,*,#1464,.F.);
#2011=ORIENTED_EDGE('',*,*,#1515,.F.);
#2012=ORIENTED_EDGE('',*,*,#1516,.F.);
#2013=ORIENTED_EDGE('',*,*,#1517,.F.);
#2014=ORIENTED_EDGE('',*,*,#1285,.F.);
#2015=ORIENTED_EDGE('',*,*,#1518,.T.);
#2016=ORIENTED_EDGE('',*,*,#1519,.F.);
#2017=ORIENTED_EDGE('',*,*,#1520,.F.);
#2018=ORIENTED_EDGE('',*,*,#1447,.F.);
#2019=ORIENTED_EDGE('',*,*,#1451,.F.);
#2020=ORIENTED_EDGE('',*,*,#1454,.F.);
#2021=ORIENTED_EDGE('',*,*,#1521,.T.);
#2022=ORIENTED_EDGE('',*,*,#1287,.F.);
#2023=ORIENTED_EDGE('',*,*,#1522,.T.);
#2024=ORIENTED_EDGE('',*,*,#1420,.F.);
#2025=ORIENTED_EDGE('',*,*,#1424,.T.);
#2026=ORIENTED_EDGE('',*,*,#1427,.F.);
#2027=ORIENTED_EDGE('',*,*,#1523,.F.);
#2028=ORIENTED_EDGE('',*,*,#1524,.F.);
#2029=ORIENTED_EDGE('',*,*,#1525,.F.);
#2030=ORIENTED_EDGE('',*,*,#1526,.F.);
#2031=ORIENTED_EDGE('',*,*,#1527,.T.);
#2032=ORIENTED_EDGE('',*,*,#1528,.F.);
#2033=ORIENTED_EDGE('',*,*,#1529,.F.);
#2034=ORIENTED_EDGE('',*,*,#1465,.F.);
#2035=ORIENTED_EDGE('',*,*,#1462,.F.);
#2036=ORIENTED_EDGE('',*,*,#1459,.F.);
#2037=ORIENTED_EDGE('',*,*,#1530,.T.);
#2038=ORIENTED_EDGE('',*,*,#1531,.F.);
#2039=ORIENTED_EDGE('',*,*,#1532,.T.);
#2040=ORIENTED_EDGE('',*,*,#1410,.F.);
#2041=ORIENTED_EDGE('',*,*,#1414,.T.);
#2042=ORIENTED_EDGE('',*,*,#1417,.F.);
#2043=ORIENTED_EDGE('',*,*,#1533,.F.);
#2044=ORIENTED_EDGE('',*,*,#1289,.F.);
#2045=ORIENTED_EDGE('',*,*,#1534,.F.);
#2046=ORIENTED_EDGE('',*,*,#1535,.F.);
#2047=ORIENTED_EDGE('',*,*,#1536,.T.);
#2048=ORIENTED_EDGE('',*,*,#1291,.F.);
#2049=ORIENTED_EDGE('',*,*,#1537,.F.);
#2050=ORIENTED_EDGE('',*,*,#1428,.F.);
#2051=ORIENTED_EDGE('',*,*,#1425,.F.);
#2052=ORIENTED_EDGE('',*,*,#1422,.F.);
#2053=ORIENTED_EDGE('',*,*,#1538,.T.);
#2054=ORIENTED_EDGE('',*,*,#1539,.F.);
#2055=ORIENTED_EDGE('',*,*,#1540,.T.);
#2056=ORIENTED_EDGE('',*,*,#1398,.F.);
#2057=ORIENTED_EDGE('',*,*,#1395,.T.);
#2058=ORIENTED_EDGE('',*,*,#1392,.F.);
#2059=ORIENTED_EDGE('',*,*,#1541,.F.);
#2060=ORIENTED_EDGE('',*,*,#1293,.F.);
#2061=ORIENTED_EDGE('',*,*,#1542,.F.);
#2062=ORIENTED_EDGE('',*,*,#1543,.F.);
#2063=ORIENTED_EDGE('',*,*,#1544,.T.);
#2064=ORIENTED_EDGE('',*,*,#1295,.F.);
#2065=ORIENTED_EDGE('',*,*,#1545,.F.);
#2066=ORIENTED_EDGE('',*,*,#1418,.F.);
#2067=ORIENTED_EDGE('',*,*,#1415,.F.);
#2068=ORIENTED_EDGE('',*,*,#1412,.F.);
#2069=ORIENTED_EDGE('',*,*,#1546,.T.);
#2070=ORIENTED_EDGE('',*,*,#1547,.F.);
#2071=ORIENTED_EDGE('',*,*,#1548,.T.);
#2072=ORIENTED_EDGE('',*,*,#1400,.F.);
#2073=ORIENTED_EDGE('',*,*,#1404,.T.);
#2074=ORIENTED_EDGE('',*,*,#1407,.F.);
#2075=ORIENTED_EDGE('',*,*,#1549,.F.);
#2076=ORIENTED_EDGE('',*,*,#1297,.F.);
#2077=ORIENTED_EDGE('',*,*,#1550,.F.);
#2078=ORIENTED_EDGE('',*,*,#1551,.F.);
#2079=ORIENTED_EDGE('',*,*,#1552,.T.);
#2080=ORIENTED_EDGE('',*,*,#1299,.F.);
#2081=ORIENTED_EDGE('',*,*,#1553,.F.);
#2082=ORIENTED_EDGE('',*,*,#1390,.F.);
#2083=ORIENTED_EDGE('',*,*,#1394,.F.);
#2084=ORIENTED_EDGE('',*,*,#1397,.F.);
#2085=ORIENTED_EDGE('',*,*,#1554,.T.);
#2086=ORIENTED_EDGE('',*,*,#1555,.F.);
#2087=ORIENTED_EDGE('',*,*,#1556,.T.);
#2088=ORIENTED_EDGE('',*,*,#1380,.F.);
#2089=ORIENTED_EDGE('',*,*,#1384,.T.);
#2090=ORIENTED_EDGE('',*,*,#1387,.F.);
#2091=ORIENTED_EDGE('',*,*,#1557,.F.);
#2092=ORIENTED_EDGE('',*,*,#1301,.F.);
#2093=ORIENTED_EDGE('',*,*,#1558,.F.);
#2094=ORIENTED_EDGE('',*,*,#1559,.F.);
#2095=ORIENTED_EDGE('',*,*,#1560,.T.);
#2096=ORIENTED_EDGE('',*,*,#1303,.F.);
#2097=ORIENTED_EDGE('',*,*,#1561,.F.);
#2098=ORIENTED_EDGE('',*,*,#1408,.F.);
#2099=ORIENTED_EDGE('',*,*,#1405,.F.);
#2100=ORIENTED_EDGE('',*,*,#1402,.F.);
#2101=ORIENTED_EDGE('',*,*,#1562,.T.);
#2102=ORIENTED_EDGE('',*,*,#1563,.F.);
#2103=ORIENTED_EDGE('',*,*,#1564,.T.);
#2104=ORIENTED_EDGE('',*,*,#1373,.F.);
#2105=ORIENTED_EDGE('',*,*,#1376,.T.);
#2106=ORIENTED_EDGE('',*,*,#1378,.F.);
#2107=ORIENTED_EDGE('',*,*,#1565,.F.);
#2108=ORIENTED_EDGE('',*,*,#1566,.F.);
#2109=ORIENTED_EDGE('',*,*,#1567,.F.);
#2110=ORIENTED_EDGE('',*,*,#1568,.F.);
#2111=ORIENTED_EDGE('',*,*,#1569,.T.);
#2112=ORIENTED_EDGE('',*,*,#1570,.F.);
#2113=ORIENTED_EDGE('',*,*,#1571,.F.);
#2114=ORIENTED_EDGE('',*,*,#1388,.F.);
#2115=ORIENTED_EDGE('',*,*,#1385,.F.);
#2116=ORIENTED_EDGE('',*,*,#1382,.F.);
#2117=ORIENTED_EDGE('',*,*,#1572,.T.);
#2118=ORIENTED_EDGE('',*,*,#1573,.F.);
#2119=ORIENTED_EDGE('',*,*,#1574,.T.);
#2120=ORIENTED_EDGE('',*,*,#1366,.F.);
#2121=ORIENTED_EDGE('',*,*,#1369,.T.);
#2122=ORIENTED_EDGE('',*,*,#1371,.F.);
#2123=ORIENTED_EDGE('',*,*,#1575,.F.);
#2124=ORIENTED_EDGE('',*,*,#1576,.F.);
#2125=ORIENTED_EDGE('',*,*,#1577,.F.);
#2126=ORIENTED_EDGE('',*,*,#1578,.F.);
#2127=ORIENTED_EDGE('',*,*,#1579,.T.);
#2128=ORIENTED_EDGE('',*,*,#1580,.F.);
#2129=ORIENTED_EDGE('',*,*,#1581,.T.);
#2130=ORIENTED_EDGE('',*,*,#1356,.F.);
#2131=ORIENTED_EDGE('',*,*,#1360,.T.);
#2132=ORIENTED_EDGE('',*,*,#1363,.F.);
#2133=ORIENTED_EDGE('',*,*,#1582,.F.);
#2134=ORIENTED_EDGE('',*,*,#1583,.F.);
#2135=ORIENTED_EDGE('',*,*,#1584,.F.);
#2136=ORIENTED_EDGE('',*,*,#1585,.F.);
#2137=ORIENTED_EDGE('',*,*,#1586,.T.);
#2138=ORIENTED_EDGE('',*,*,#1587,.F.);
#2139=ORIENTED_EDGE('',*,*,#1588,.T.);
#2140=ORIENTED_EDGE('',*,*,#1346,.F.);
#2141=ORIENTED_EDGE('',*,*,#1350,.T.);
#2142=ORIENTED_EDGE('',*,*,#1353,.F.);
#2143=ORIENTED_EDGE('',*,*,#1589,.F.);
#2144=ORIENTED_EDGE('',*,*,#1590,.F.);
#2145=ORIENTED_EDGE('',*,*,#1591,.F.);
#2146=ORIENTED_EDGE('',*,*,#1592,.F.);
#2147=ORIENTED_EDGE('',*,*,#1593,.T.);
#2148=ORIENTED_EDGE('',*,*,#1594,.F.);
#2149=ORIENTED_EDGE('',*,*,#1595,.F.);
#2150=ORIENTED_EDGE('',*,*,#1364,.F.);
#2151=ORIENTED_EDGE('',*,*,#1361,.F.);
#2152=ORIENTED_EDGE('',*,*,#1358,.F.);
#2153=ORIENTED_EDGE('',*,*,#1596,.T.);
#2154=ORIENTED_EDGE('',*,*,#1597,.F.);
#2155=ORIENTED_EDGE('',*,*,#1598,.T.);
#2156=ORIENTED_EDGE('',*,*,#1339,.F.);
#2157=ORIENTED_EDGE('',*,*,#1342,.T.);
#2158=ORIENTED_EDGE('',*,*,#1344,.F.);
#2159=ORIENTED_EDGE('',*,*,#1599,.F.);
#2160=ORIENTED_EDGE('',*,*,#1600,.F.);
#2161=ORIENTED_EDGE('',*,*,#1601,.F.);
#2162=ORIENTED_EDGE('',*,*,#1602,.F.);
#2163=ORIENTED_EDGE('',*,*,#1603,.T.);
#2164=ORIENTED_EDGE('',*,*,#1604,.F.);
#2165=ORIENTED_EDGE('',*,*,#1605,.F.);
#2166=ORIENTED_EDGE('',*,*,#1354,.F.);
#2167=ORIENTED_EDGE('',*,*,#1351,.F.);
#2168=ORIENTED_EDGE('',*,*,#1348,.F.);
#2169=ORIENTED_EDGE('',*,*,#1606,.T.);
#2170=ORIENTED_EDGE('',*,*,#1607,.F.);
#2171=ORIENTED_EDGE('',*,*,#1608,.T.);
#2172=ORIENTED_EDGE('',*,*,#1602,.T.);
#2173=ORIENTED_EDGE('',*,*,#1609,.T.);
#2174=ORIENTED_EDGE('',*,*,#1607,.T.);
#2175=ORIENTED_EDGE('',*,*,#1610,.T.);
#2176=ORIENTED_EDGE('',*,*,#1600,.T.);
#2177=ORIENTED_EDGE('',*,*,#1611,.T.);
#2178=ORIENTED_EDGE('',*,*,#1604,.T.);
#2179=ORIENTED_EDGE('',*,*,#1612,.T.);
#2180=ORIENTED_EDGE('',*,*,#1592,.T.);
#2181=ORIENTED_EDGE('',*,*,#1613,.T.);
#2182=ORIENTED_EDGE('',*,*,#1597,.T.);
#2183=ORIENTED_EDGE('',*,*,#1614,.T.);
#2184=ORIENTED_EDGE('',*,*,#1590,.T.);
#2185=ORIENTED_EDGE('',*,*,#1615,.T.);
#2186=ORIENTED_EDGE('',*,*,#1594,.T.);
#2187=ORIENTED_EDGE('',*,*,#1616,.T.);
#2188=ORIENTED_EDGE('',*,*,#1585,.T.);
#2189=ORIENTED_EDGE('',*,*,#1617,.T.);
#2190=ORIENTED_EDGE('',*,*,#1306,.T.);
#2191=ORIENTED_EDGE('',*,*,#1618,.T.);
#2192=ORIENTED_EDGE('',*,*,#1583,.T.);
#2193=ORIENTED_EDGE('',*,*,#1619,.T.);
#2194=ORIENTED_EDGE('',*,*,#1587,.T.);
#2195=ORIENTED_EDGE('',*,*,#1620,.T.);
#2196=ORIENTED_EDGE('',*,*,#1578,.T.);
#2197=ORIENTED_EDGE('',*,*,#1621,.T.);
#2198=ORIENTED_EDGE('',*,*,#1311,.T.);
#2199=ORIENTED_EDGE('',*,*,#1622,.T.);
#2200=ORIENTED_EDGE('',*,*,#1576,.T.);
#2201=ORIENTED_EDGE('',*,*,#1623,.T.);
#2202=ORIENTED_EDGE('',*,*,#1580,.T.);
#2203=ORIENTED_EDGE('',*,*,#1624,.T.);
#2204=ORIENTED_EDGE('',*,*,#1568,.T.);
#2205=ORIENTED_EDGE('',*,*,#1625,.T.);
#2206=ORIENTED_EDGE('',*,*,#1573,.T.);
#2207=ORIENTED_EDGE('',*,*,#1626,.T.);
#2208=ORIENTED_EDGE('',*,*,#1566,.T.);
#2209=ORIENTED_EDGE('',*,*,#1627,.T.);
#2210=ORIENTED_EDGE('',*,*,#1570,.T.);
#2211=ORIENTED_EDGE('',*,*,#1628,.T.);
#2212=ORIENTED_EDGE('',*,*,#1559,.T.);
#2213=ORIENTED_EDGE('',*,*,#1629,.T.);
#2214=ORIENTED_EDGE('',*,*,#1563,.T.);
#2215=ORIENTED_EDGE('',*,*,#1630,.T.);
#2216=ORIENTED_EDGE('',*,*,#1551,.T.);
#2217=ORIENTED_EDGE('',*,*,#1631,.T.);
#2218=ORIENTED_EDGE('',*,*,#1555,.T.);
#2219=ORIENTED_EDGE('',*,*,#1632,.T.);
#2220=ORIENTED_EDGE('',*,*,#1543,.T.);
#2221=ORIENTED_EDGE('',*,*,#1633,.T.);
#2222=ORIENTED_EDGE('',*,*,#1547,.T.);
#2223=ORIENTED_EDGE('',*,*,#1634,.T.);
#2224=ORIENTED_EDGE('',*,*,#1535,.T.);
#2225=ORIENTED_EDGE('',*,*,#1635,.T.);
#2226=ORIENTED_EDGE('',*,*,#1539,.T.);
#2227=ORIENTED_EDGE('',*,*,#1636,.T.);
#2228=ORIENTED_EDGE('',*,*,#1526,.T.);
#2229=ORIENTED_EDGE('',*,*,#1637,.T.);
#2230=ORIENTED_EDGE('',*,*,#1531,.T.);
#2231=ORIENTED_EDGE('',*,*,#1638,.T.);
#2232=ORIENTED_EDGE('',*,*,#1524,.T.);
#2233=ORIENTED_EDGE('',*,*,#1639,.T.);
#2234=ORIENTED_EDGE('',*,*,#1528,.T.);
#2235=ORIENTED_EDGE('',*,*,#1640,.T.);
#2236=ORIENTED_EDGE('',*,*,#1516,.T.);
#2237=ORIENTED_EDGE('',*,*,#1641,.T.);
#2238=ORIENTED_EDGE('',*,*,#1519,.T.);
#2239=ORIENTED_EDGE('',*,*,#1642,.T.);
#2240=ORIENTED_EDGE('',*,*,#1508,.T.);
#2241=ORIENTED_EDGE('',*,*,#1643,.T.);
#2242=ORIENTED_EDGE('',*,*,#1511,.T.);
#2243=ORIENTED_EDGE('',*,*,#1644,.T.);
#2244=ORIENTED_EDGE('',*,*,#1500,.T.);
#2245=ORIENTED_EDGE('',*,*,#1645,.T.);
#2246=ORIENTED_EDGE('',*,*,#1503,.T.);
#2247=ORIENTED_EDGE('',*,*,#1646,.T.);
#2248=ORIENTED_EDGE('',*,*,#1493,.T.);
#2249=ORIENTED_EDGE('',*,*,#1647,.T.);
#2250=ORIENTED_EDGE('',*,*,#1497,.T.);
#2251=ORIENTED_EDGE('',*,*,#1648,.T.);
#2252=ORIENTED_EDGE('',*,*,#1485,.T.);
#2253=ORIENTED_EDGE('',*,*,#1649,.T.);
#2254=ORIENTED_EDGE('',*,*,#1490,.T.);
#2255=ORIENTED_EDGE('',*,*,#1650,.T.);
#2256=ORIENTED_EDGE('',*,*,#1483,.T.);
#2257=ORIENTED_EDGE('',*,*,#1651,.T.);
#2258=ORIENTED_EDGE('',*,*,#1487,.T.);
#2259=ORIENTED_EDGE('',*,*,#1652,.T.);
#2260=ORIENTED_EDGE('',*,*,#1323,.T.);
#2261=ORIENTED_EDGE('',*,*,#1653,.T.);
#2262=ORIENTED_EDGE('',*,*,#1331,.T.);
#2263=ORIENTED_EDGE('',*,*,#1654,.T.);
#2264=ORIENTED_EDGE('',*,*,#1321,.T.);
#2265=ORIENTED_EDGE('',*,*,#1655,.T.);
#2266=ORIENTED_EDGE('',*,*,#1325,.T.);
#2267=ORIENTED_EDGE('',*,*,#1265,.T.);
#2268=ORIENTED_EDGE('',*,*,#1656,.T.);
#2269=ORIENTED_EDGE('',*,*,#1491,.T.);
#2270=ORIENTED_EDGE('',*,*,#1657,.T.);
#2271=ORIENTED_EDGE('',*,*,#1261,.T.);
#2272=ORIENTED_EDGE('',*,*,#1477,.T.);
#2273=ORIENTED_EDGE('',*,*,#1479,.T.);
#2274=ORIENTED_EDGE('',*,*,#1658,.T.);
#2275=ORIENTED_EDGE('',*,*,#1659,.T.);
#2276=ORIENTED_EDGE('',*,*,#1660,.T.);
#2277=ORIENTED_EDGE('',*,*,#1660,.F.);
#2278=ORIENTED_EDGE('',*,*,#1661,.F.);
#2279=ORIENTED_EDGE('',*,*,#1662,.F.);
#2280=ORIENTED_EDGE('',*,*,#1275,.T.);
#2281=ORIENTED_EDGE('',*,*,#1431,.F.);
#2282=ORIENTED_EDGE('',*,*,#1504,.T.);
#2283=ORIENTED_EDGE('',*,*,#1278,.F.);
#2284=ORIENTED_EDGE('',*,*,#1501,.T.);
#2285=ORIENTED_EDGE('',*,*,#1645,.F.);
#2286=ORIENTED_EDGE('',*,*,#1499,.T.);
#2287=ORIENTED_EDGE('',*,*,#1438,.F.);
#2288=ORIENTED_EDGE('',*,*,#1512,.T.);
#2289=ORIENTED_EDGE('',*,*,#1282,.F.);
#2290=ORIENTED_EDGE('',*,*,#1509,.T.);
#2291=ORIENTED_EDGE('',*,*,#1643,.F.);
#2292=ORIENTED_EDGE('',*,*,#1507,.T.);
#2293=ORIENTED_EDGE('',*,*,#1448,.F.);
#2294=ORIENTED_EDGE('',*,*,#1520,.T.);
#2295=ORIENTED_EDGE('',*,*,#1286,.F.);
#2296=ORIENTED_EDGE('',*,*,#1517,.T.);
#2297=ORIENTED_EDGE('',*,*,#1641,.F.);
#2298=ORIENTED_EDGE('',*,*,#1515,.T.);
#2299=ORIENTED_EDGE('',*,*,#1466,.F.);
#2300=ORIENTED_EDGE('',*,*,#1529,.T.);
#2301=ORIENTED_EDGE('',*,*,#1637,.F.);
#2302=ORIENTED_EDGE('',*,*,#1525,.T.);
#2303=ORIENTED_EDGE('',*,*,#1639,.F.);
#2304=ORIENTED_EDGE('',*,*,#1523,.T.);
#2305=ORIENTED_EDGE('',*,*,#1429,.F.);
#2306=ORIENTED_EDGE('',*,*,#1537,.T.);
#2307=ORIENTED_EDGE('',*,*,#1635,.F.);
#2308=ORIENTED_EDGE('',*,*,#1534,.T.);
#2309=ORIENTED_EDGE('',*,*,#1290,.F.);
#2310=ORIENTED_EDGE('',*,*,#1533,.T.);
#2311=ORIENTED_EDGE('',*,*,#1419,.F.);
#2312=ORIENTED_EDGE('',*,*,#1545,.T.);
#2313=ORIENTED_EDGE('',*,*,#1633,.F.);
#2314=ORIENTED_EDGE('',*,*,#1542,.T.);
#2315=ORIENTED_EDGE('',*,*,#1294,.F.);
#2316=ORIENTED_EDGE('',*,*,#1541,.T.);
#2317=ORIENTED_EDGE('',*,*,#1391,.F.);
#2318=ORIENTED_EDGE('',*,*,#1553,.T.);
#2319=ORIENTED_EDGE('',*,*,#1631,.F.);
#2320=ORIENTED_EDGE('',*,*,#1550,.T.);
#2321=ORIENTED_EDGE('',*,*,#1298,.F.);
#2322=ORIENTED_EDGE('',*,*,#1549,.T.);
#2323=ORIENTED_EDGE('',*,*,#1409,.F.);
#2324=ORIENTED_EDGE('',*,*,#1561,.T.);
#2325=ORIENTED_EDGE('',*,*,#1629,.F.);
#2326=ORIENTED_EDGE('',*,*,#1558,.T.);
#2327=ORIENTED_EDGE('',*,*,#1302,.F.);
#2328=ORIENTED_EDGE('',*,*,#1557,.T.);
#2329=ORIENTED_EDGE('',*,*,#1389,.F.);
#2330=ORIENTED_EDGE('',*,*,#1571,.T.);
#2331=ORIENTED_EDGE('',*,*,#1625,.F.);
#2332=ORIENTED_EDGE('',*,*,#1567,.T.);
#2333=ORIENTED_EDGE('',*,*,#1627,.F.);
#2334=ORIENTED_EDGE('',*,*,#1565,.T.);
#2335=ORIENTED_EDGE('',*,*,#1379,.F.);
#2336=ORIENTED_EDGE('',*,*,#1312,.T.);
#2337=ORIENTED_EDGE('',*,*,#1621,.F.);
#2338=ORIENTED_EDGE('',*,*,#1577,.T.);
#2339=ORIENTED_EDGE('',*,*,#1623,.F.);
#2340=ORIENTED_EDGE('',*,*,#1575,.T.);
#2341=ORIENTED_EDGE('',*,*,#1372,.F.);
#2342=ORIENTED_EDGE('',*,*,#1307,.T.);
#2343=ORIENTED_EDGE('',*,*,#1617,.F.);
#2344=ORIENTED_EDGE('',*,*,#1584,.T.);
#2345=ORIENTED_EDGE('',*,*,#1619,.F.);
#2346=ORIENTED_EDGE('',*,*,#1582,.T.);
#2347=ORIENTED_EDGE('',*,*,#1365,.F.);
#2348=ORIENTED_EDGE('',*,*,#1595,.T.);
#2349=ORIENTED_EDGE('',*,*,#1613,.F.);
#2350=ORIENTED_EDGE('',*,*,#1591,.T.);
#2351=ORIENTED_EDGE('',*,*,#1615,.F.);
#2352=ORIENTED_EDGE('',*,*,#1589,.T.);
#2353=ORIENTED_EDGE('',*,*,#1355,.F.);
#2354=ORIENTED_EDGE('',*,*,#1605,.T.);
#2355=ORIENTED_EDGE('',*,*,#1609,.F.);
#2356=ORIENTED_EDGE('',*,*,#1601,.T.);
#2357=ORIENTED_EDGE('',*,*,#1611,.F.);
#2358=ORIENTED_EDGE('',*,*,#1599,.T.);
#2359=ORIENTED_EDGE('',*,*,#1345,.F.);
#2360=ORIENTED_EDGE('',*,*,#1326,.T.);
#2361=ORIENTED_EDGE('',*,*,#1653,.F.);
#2362=ORIENTED_EDGE('',*,*,#1322,.T.);
#2363=ORIENTED_EDGE('',*,*,#1655,.F.);
#2364=ORIENTED_EDGE('',*,*,#1320,.T.);
#2365=ORIENTED_EDGE('',*,*,#1333,.F.);
#2366=ORIENTED_EDGE('',*,*,#1488,.T.);
#2367=ORIENTED_EDGE('',*,*,#1649,.F.);
#2368=ORIENTED_EDGE('',*,*,#1484,.T.);
#2369=ORIENTED_EDGE('',*,*,#1651,.F.);
#2370=ORIENTED_EDGE('',*,*,#1482,.T.);
#2371=ORIENTED_EDGE('',*,*,#1468,.F.);
#2372=ORIENTED_EDGE('',*,*,#1495,.T.);
#2373=ORIENTED_EDGE('',*,*,#1647,.F.);
#2374=ORIENTED_EDGE('',*,*,#1492,.T.);
#2375=ORIENTED_EDGE('',*,*,#1656,.F.);
#2376=ORIENTED_EDGE('',*,*,#1269,.T.);
#2377=ORIENTED_EDGE('',*,*,#1262,.F.);
#2378=ORIENTED_EDGE('',*,*,#1259,.T.);
#2379=ORIENTED_EDGE('',*,*,#1255,.T.);
#2380=ORIENTED_EDGE('',*,*,#1663,.F.);
#2381=ORIENTED_EDGE('',*,*,#1657,.F.);
#2382=ORIENTED_EDGE('',*,*,#1494,.F.);
#2383=ORIENTED_EDGE('',*,*,#1646,.F.);
#2384=ORIENTED_EDGE('',*,*,#1496,.F.);
#2385=ORIENTED_EDGE('',*,*,#1476,.F.);
#2386=ORIENTED_EDGE('',*,*,#1481,.F.);
#2387=ORIENTED_EDGE('',*,*,#1650,.F.);
#2388=ORIENTED_EDGE('',*,*,#1486,.F.);
#2389=ORIENTED_EDGE('',*,*,#1648,.F.);
#2390=ORIENTED_EDGE('',*,*,#1489,.F.);
#2391=ORIENTED_EDGE('',*,*,#1338,.F.);
#2392=ORIENTED_EDGE('',*,*,#1316,.F.);
#2393=ORIENTED_EDGE('',*,*,#1654,.F.);
#2394=ORIENTED_EDGE('',*,*,#1324,.F.);
#2395=ORIENTED_EDGE('',*,*,#1652,.F.);
#2396=ORIENTED_EDGE('',*,*,#1330,.F.);
#2397=ORIENTED_EDGE('',*,*,#1340,.F.);
#2398=ORIENTED_EDGE('',*,*,#1598,.F.);
#2399=ORIENTED_EDGE('',*,*,#1610,.F.);
#2400=ORIENTED_EDGE('',*,*,#1603,.F.);
#2401=ORIENTED_EDGE('',*,*,#1608,.F.);
#2402=ORIENTED_EDGE('',*,*,#1606,.F.);
#2403=ORIENTED_EDGE('',*,*,#1347,.F.);
#2404=ORIENTED_EDGE('',*,*,#1588,.F.);
#2405=ORIENTED_EDGE('',*,*,#1614,.F.);
#2406=ORIENTED_EDGE('',*,*,#1593,.F.);
#2407=ORIENTED_EDGE('',*,*,#1612,.F.);
#2408=ORIENTED_EDGE('',*,*,#1596,.F.);
#2409=ORIENTED_EDGE('',*,*,#1357,.F.);
#2410=ORIENTED_EDGE('',*,*,#1581,.F.);
#2411=ORIENTED_EDGE('',*,*,#1618,.F.);
#2412=ORIENTED_EDGE('',*,*,#1586,.F.);
#2413=ORIENTED_EDGE('',*,*,#1616,.F.);
#2414=ORIENTED_EDGE('',*,*,#1305,.F.);
#2415=ORIENTED_EDGE('',*,*,#1367,.F.);
#2416=ORIENTED_EDGE('',*,*,#1574,.F.);
#2417=ORIENTED_EDGE('',*,*,#1622,.F.);
#2418=ORIENTED_EDGE('',*,*,#1579,.F.);
#2419=ORIENTED_EDGE('',*,*,#1620,.F.);
#2420=ORIENTED_EDGE('',*,*,#1310,.F.);
#2421=ORIENTED_EDGE('',*,*,#1374,.F.);
#2422=ORIENTED_EDGE('',*,*,#1564,.F.);
#2423=ORIENTED_EDGE('',*,*,#1626,.F.);
#2424=ORIENTED_EDGE('',*,*,#1569,.F.);
#2425=ORIENTED_EDGE('',*,*,#1624,.F.);
#2426=ORIENTED_EDGE('',*,*,#1572,.F.);
#2427=ORIENTED_EDGE('',*,*,#1381,.F.);
#2428=ORIENTED_EDGE('',*,*,#1556,.F.);
#2429=ORIENTED_EDGE('',*,*,#1300,.F.);
#2430=ORIENTED_EDGE('',*,*,#1560,.F.);
#2431=ORIENTED_EDGE('',*,*,#1628,.F.);
#2432=ORIENTED_EDGE('',*,*,#1562,.F.);
#2433=ORIENTED_EDGE('',*,*,#1401,.F.);
#2434=ORIENTED_EDGE('',*,*,#1548,.F.);
#2435=ORIENTED_EDGE('',*,*,#1296,.F.);
#2436=ORIENTED_EDGE('',*,*,#1552,.F.);
#2437=ORIENTED_EDGE('',*,*,#1630,.F.);
#2438=ORIENTED_EDGE('',*,*,#1554,.F.);
#2439=ORIENTED_EDGE('',*,*,#1399,.F.);
#2440=ORIENTED_EDGE('',*,*,#1540,.F.);
#2441=ORIENTED_EDGE('',*,*,#1292,.F.);
#2442=ORIENTED_EDGE('',*,*,#1544,.F.);
#2443=ORIENTED_EDGE('',*,*,#1632,.F.);
#2444=ORIENTED_EDGE('',*,*,#1546,.F.);
#2445=ORIENTED_EDGE('',*,*,#1411,.F.);
#2446=ORIENTED_EDGE('',*,*,#1532,.F.);
#2447=ORIENTED_EDGE('',*,*,#1288,.F.);
#2448=ORIENTED_EDGE('',*,*,#1536,.F.);
#2449=ORIENTED_EDGE('',*,*,#1634,.F.);
#2450=ORIENTED_EDGE('',*,*,#1538,.F.);
#2451=ORIENTED_EDGE('',*,*,#1421,.F.);
#2452=ORIENTED_EDGE('',*,*,#1522,.F.);
#2453=ORIENTED_EDGE('',*,*,#1638,.F.);
#2454=ORIENTED_EDGE('',*,*,#1527,.F.);
#2455=ORIENTED_EDGE('',*,*,#1636,.F.);
#2456=ORIENTED_EDGE('',*,*,#1530,.F.);
#2457=ORIENTED_EDGE('',*,*,#1458,.F.);
#2458=ORIENTED_EDGE('',*,*,#1514,.F.);
#2459=ORIENTED_EDGE('',*,*,#1640,.F.);
#2460=ORIENTED_EDGE('',*,*,#1518,.F.);
#2461=ORIENTED_EDGE('',*,*,#1284,.F.);
#2462=ORIENTED_EDGE('',*,*,#1521,.F.);
#2463=ORIENTED_EDGE('',*,*,#1456,.F.);
#2464=ORIENTED_EDGE('',*,*,#1506,.F.);
#2465=ORIENTED_EDGE('',*,*,#1642,.F.);
#2466=ORIENTED_EDGE('',*,*,#1510,.F.);
#2467=ORIENTED_EDGE('',*,*,#1280,.F.);
#2468=ORIENTED_EDGE('',*,*,#1513,.F.);
#2469=ORIENTED_EDGE('',*,*,#1446,.F.);
#2470=ORIENTED_EDGE('',*,*,#1498,.F.);
#2471=ORIENTED_EDGE('',*,*,#1644,.F.);
#2472=ORIENTED_EDGE('',*,*,#1502,.F.);
#2473=ORIENTED_EDGE('',*,*,#1276,.F.);
#2474=ORIENTED_EDGE('',*,*,#1505,.F.);
#2475=ORIENTED_EDGE('',*,*,#1436,.F.);
#2476=ORIENTED_EDGE('',*,*,#1271,.F.);
#2477=ORIENTED_EDGE('',*,*,#1664,.F.);
#2478=ORIENTED_EDGE('',*,*,#1665,.F.);
#2479=ORIENTED_EDGE('',*,*,#1658,.F.);
#2480=ORIENTED_EDGE('',*,*,#1480,.F.);
#2481=ORIENTED_EDGE('',*,*,#1266,.F.);
#2482=ORIENTED_EDGE('',*,*,#1260,.T.);
#2483=ORIENTED_EDGE('',*,*,#1257,.T.);
#2484=ORIENTED_EDGE('',*,*,#1666,.F.);
#2485=ORIENTED_EDGE('',*,*,#1663,.T.);
#2486=ORIENTED_EDGE('',*,*,#1667,.T.);
#2487=ORIENTED_EDGE('',*,*,#1666,.T.);
#2488=ORIENTED_EDGE('',*,*,#1667,.F.);
#2489=ORIENTED_EDGE('',*,*,#1270,.T.);
#2490=ORIENTED_EDGE('',*,*,#1662,.T.);
#2491=ORIENTED_EDGE('',*,*,#1668,.T.);
#2492=ORIENTED_EDGE('',*,*,#1664,.T.);
#2493=ORIENTED_EDGE('',*,*,#1659,.F.);
#2494=ORIENTED_EDGE('',*,*,#1665,.T.);
#2495=ORIENTED_EDGE('',*,*,#1668,.F.);
#2496=ORIENTED_EDGE('',*,*,#1661,.T.);
#2497=PLANE('',#2673);
#2498=PLANE('',#2716);
#2499=PLANE('',#2839);
#2500=PLANE('',#2843);
#2501=PLANE('',#2850);
#2502=PLANE('',#2857);
#2503=PLANE('',#2864);
#2504=PLANE('',#2871);
#2505=PLANE('',#2878);
#2506=PLANE('',#2885);
#2507=PLANE('',#2892);
#2508=PLANE('',#2899);
#2509=PLANE('',#2906);
#2510=PLANE('',#2913);
#2511=PLANE('',#2917);
#2512=PLANE('',#2921);
#2513=PLANE('',#2928);
#2514=PLANE('',#3004);
#2515=PLANE('',#3005);
#2516=PLANE('',#3006);
#2517=PLANE('',#3009);
#2518=PLANE('',#3013);
#2519=ADVANCED_FACE('',(#407),#2497,.T.);
#2520=ADVANCED_FACE('',(#408),#323,.F.);
#2521=ADVANCED_FACE('',(#409),#87,.T.);
#2522=ADVANCED_FACE('',(#410),#324,.T.);
#2523=ADVANCED_FACE('',(#411),#325,.T.);
#2524=ADVANCED_FACE('',(#412),#326,.F.);
#2525=ADVANCED_FACE('',(#413),#327,.F.);
#2526=ADVANCED_FACE('',(#414),#328,.F.);
#2527=ADVANCED_FACE('',(#415),#329,.F.);
#2528=ADVANCED_FACE('',(#416),#330,.F.);
#2529=ADVANCED_FACE('',(#417),#331,.F.);
#2530=ADVANCED_FACE('',(#418),#332,.F.);
#2531=ADVANCED_FACE('',(#419),#333,.T.);
#2532=ADVANCED_FACE('',(#420),#334,.T.);
#2533=ADVANCED_FACE('',(#421),#335,.T.);
#2534=ADVANCED_FACE('',(#422),#2498,.T.);
#2535=ADVANCED_FACE('',(#423),#336,.T.);
#2536=ADVANCED_FACE('',(#424),#88,.T.);
#2537=ADVANCED_FACE('',(#425),#337,.T.);
#2538=ADVANCED_FACE('',(#426),#89,.T.);
#2539=ADVANCED_FACE('',(#427),#90,.T.);
#2540=ADVANCED_FACE('',(#428),#338,.T.);
#2541=ADVANCED_FACE('',(#429),#91,.T.);
#2542=ADVANCED_FACE('',(#430),#92,.T.);
#2543=ADVANCED_FACE('',(#431),#339,.T.);
#2544=ADVANCED_FACE('',(#432),#93,.T.);
#2545=ADVANCED_FACE('',(#433),#94,.T.);
#2546=ADVANCED_FACE('',(#434),#340,.T.);
#2547=ADVANCED_FACE('',(#435),#95,.T.);
#2548=ADVANCED_FACE('',(#436),#96,.T.);
#2549=ADVANCED_FACE('',(#437),#341,.T.);
#2550=ADVANCED_FACE('',(#438),#97,.T.);
#2551=ADVANCED_FACE('',(#439),#98,.T.);
#2552=ADVANCED_FACE('',(#440),#342,.T.);
#2553=ADVANCED_FACE('',(#441),#99,.T.);
#2554=ADVANCED_FACE('',(#442),#100,.T.);
#2555=ADVANCED_FACE('',(#443),#343,.T.);
#2556=ADVANCED_FACE('',(#444),#101,.T.);
#2557=ADVANCED_FACE('',(#445),#102,.T.);
#2558=ADVANCED_FACE('',(#446),#344,.T.);
#2559=ADVANCED_FACE('',(#447),#103,.T.);
#2560=ADVANCED_FACE('',(#448),#104,.T.);
#2561=ADVANCED_FACE('',(#449),#345,.T.);
#2562=ADVANCED_FACE('',(#450),#105,.T.);
#2563=ADVANCED_FACE('',(#451),#106,.T.);
#2564=ADVANCED_FACE('',(#452),#346,.T.);
#2565=ADVANCED_FACE('',(#453),#107,.T.);
#2566=ADVANCED_FACE('',(#454),#108,.T.);
#2567=ADVANCED_FACE('',(#455),#347,.T.);
#2568=ADVANCED_FACE('',(#456),#109,.T.);
#2569=ADVANCED_FACE('',(#457),#110,.T.);
#2570=ADVANCED_FACE('',(#458),#348,.T.);
#2571=ADVANCED_FACE('',(#459),#111,.T.);
#2572=ADVANCED_FACE('',(#460),#112,.T.);
#2573=ADVANCED_FACE('',(#461),#349,.T.);
#2574=ADVANCED_FACE('',(#462),#113,.T.);
#2575=ADVANCED_FACE('',(#463),#114,.T.);
#2576=ADVANCED_FACE('',(#464),#350,.T.);
#2577=ADVANCED_FACE('',(#465),#115,.T.);
#2578=ADVANCED_FACE('',(#466),#116,.T.);
#2579=ADVANCED_FACE('',(#467),#351,.T.);
#2580=ADVANCED_FACE('',(#468),#117,.T.);
#2581=ADVANCED_FACE('',(#469),#118,.T.);
#2582=ADVANCED_FACE('',(#470),#352,.T.);
#2583=ADVANCED_FACE('',(#471),#119,.T.);
#2584=ADVANCED_FACE('',(#472),#353,.T.);
#2585=ADVANCED_FACE('',(#473),#120,.T.);
#2586=ADVANCED_FACE('',(#474),#354,.T.);
#2587=ADVANCED_FACE('',(#475),#2499,.T.);
#2588=ADVANCED_FACE('',(#476),#355,.T.);
#2589=ADVANCED_FACE('',(#477),#2500,.T.);
#2590=ADVANCED_FACE('',(#478),#356,.T.);
#2591=ADVANCED_FACE('',(#479),#357,.T.);
#2592=ADVANCED_FACE('',(#480),#2501,.T.);
#2593=ADVANCED_FACE('',(#481),#358,.T.);
#2594=ADVANCED_FACE('',(#482),#359,.T.);
#2595=ADVANCED_FACE('',(#483),#2502,.T.);
#2596=ADVANCED_FACE('',(#484),#360,.T.);
#2597=ADVANCED_FACE('',(#485),#361,.T.);
#2598=ADVANCED_FACE('',(#486),#2503,.T.);
#2599=ADVANCED_FACE('',(#487),#362,.T.);
#2600=ADVANCED_FACE('',(#488),#363,.T.);
#2601=ADVANCED_FACE('',(#489),#2504,.T.);
#2602=ADVANCED_FACE('',(#490),#364,.T.);
#2603=ADVANCED_FACE('',(#491),#365,.T.);
#2604=ADVANCED_FACE('',(#492),#2505,.T.);
#2605=ADVANCED_FACE('',(#493),#366,.T.);
#2606=ADVANCED_FACE('',(#494),#367,.T.);
#2607=ADVANCED_FACE('',(#495),#2506,.T.);
#2608=ADVANCED_FACE('',(#496),#368,.T.);
#2609=ADVANCED_FACE('',(#497),#369,.T.);
#2610=ADVANCED_FACE('',(#498),#2507,.T.);
#2611=ADVANCED_FACE('',(#499),#370,.T.);
#2612=ADVANCED_FACE('',(#500),#371,.T.);
#2613=ADVANCED_FACE('',(#501),#2508,.T.);
#2614=ADVANCED_FACE('',(#502),#372,.T.);
#2615=ADVANCED_FACE('',(#503),#373,.T.);
#2616=ADVANCED_FACE('',(#504),#2509,.T.);
#2617=ADVANCED_FACE('',(#505),#374,.T.);
#2618=ADVANCED_FACE('',(#506),#375,.T.);
#2619=ADVANCED_FACE('',(#507),#2510,.T.);
#2620=ADVANCED_FACE('',(#508),#376,.T.);
#2621=ADVANCED_FACE('',(#509),#2511,.T.);
#2622=ADVANCED_FACE('',(#510),#377,.T.);
#2623=ADVANCED_FACE('',(#511),#2512,.T.);
#2624=ADVANCED_FACE('',(#512),#378,.T.);
#2625=ADVANCED_FACE('',(#513),#379,.T.);
#2626=ADVANCED_FACE('',(#514),#2513,.T.);
#2627=ADVANCED_FACE('',(#515),#380,.T.);
#2628=ADVANCED_FACE('',(#516),#381,.F.);
#2629=ADVANCED_FACE('',(#517),#382,.F.);
#2630=ADVANCED_FACE('',(#518),#383,.F.);
#2631=ADVANCED_FACE('',(#519),#384,.F.);
#2632=ADVANCED_FACE('',(#520),#385,.F.);
#2633=ADVANCED_FACE('',(#521),#386,.F.);
#2634=ADVANCED_FACE('',(#522),#387,.F.);
#2635=ADVANCED_FACE('',(#523),#388,.F.);
#2636=ADVANCED_FACE('',(#524),#389,.F.);
#2637=ADVANCED_FACE('',(#525),#390,.F.);
#2638=ADVANCED_FACE('',(#526),#391,.F.);
#2639=ADVANCED_FACE('',(#527),#392,.F.);
#2640=ADVANCED_FACE('',(#528),#393,.F.);
#2641=ADVANCED_FACE('',(#529),#394,.F.);
#2642=ADVANCED_FACE('',(#530),#395,.F.);
#2643=ADVANCED_FACE('',(#531),#396,.F.);
#2644=ADVANCED_FACE('',(#532),#397,.F.);
#2645=ADVANCED_FACE('',(#533),#398,.F.);
#2646=ADVANCED_FACE('',(#534),#399,.F.);
#2647=ADVANCED_FACE('',(#535),#400,.F.);
#2648=ADVANCED_FACE('',(#536),#401,.F.);
#2649=ADVANCED_FACE('',(#537),#402,.F.);
#2650=ADVANCED_FACE('',(#538),#403,.F.);
#2651=ADVANCED_FACE('',(#539),#404,.F.);
#2652=ADVANCED_FACE('',(#540),#2514,.F.);
#2653=ADVANCED_FACE('',(#541),#2515,.F.);
#2654=ADVANCED_FACE('',(#542,#15,#16),#2516,.T.);
#2655=ADVANCED_FACE('',(#543,#17,#18),#2517,.F.);
#2656=ADVANCED_FACE('',(#544),#405,.F.);
#2657=ADVANCED_FACE('',(#545),#2518,.F.);
#2658=ADVANCED_FACE('',(#546),#406,.T.);
#2659=CLOSED_SHELL('',(#2519,#2520,#2521,#2522,#2523,#2524,#2525,#2526,
#2527,#2528,#2529,#2530,#2531,#2532,#2533,#2534,#2535,#2536,#2537,#2538,
#2539,#2540,#2541,#2542,#2543,#2544,#2545,#2546,#2547,#2548,#2549,#2550,
#2551,#2552,#2553,#2554,#2555,#2556,#2557,#2558,#2559,#2560,#2561,#2562,
#2563,#2564,#2565,#2566,#2567,#2568,#2569,#2570,#2571,#2572,#2573,#2574,
#2575,#2576,#2577,#2578,#2579,#2580,#2581,#2582,#2583,#2584,#2585,#2586,
#2587,#2588,#2589,#2590,#2591,#2592,#2593,#2594,#2595,#2596,#2597,#2598,
#2599,#2600,#2601,#2602,#2603,#2604,#2605,#2606,#2607,#2608,#2609,#2610,
#2611,#2612,#2613,#2614,#2615,#2616,#2617,#2618,#2619,#2620,#2621,#2622,
#2623,#2624,#2625,#2626,#2627,#2628,#2629,#2630,#2631,#2632,#2633,#2634,
#2635,#2636,#2637,#2638,#2639,#2640,#2641,#2642,#2643,#2644,#2645,#2646,
#2647,#2648,#2649,#2650,#2651,#2652,#2653,#2654,#2655,#2656,#2657,#2658));
#2660=DERIVED_UNIT_ELEMENT(#2662,1.);
#2661=DERIVED_UNIT_ELEMENT(#4883,-3.);
#2662=(
MASS_UNIT()
NAMED_UNIT(*)
SI_UNIT(.KILO.,.GRAM.)
);
#2663=DERIVED_UNIT((#2660,#2661));
#2664=MEASURE_REPRESENTATION_ITEM('density measure',
POSITIVE_RATIO_MEASURE(7850.),#2663);
#2665=PROPERTY_DEFINITION_REPRESENTATION(#2670,#2667);
#2666=PROPERTY_DEFINITION_REPRESENTATION(#2671,#2668);
#2667=REPRESENTATION('material name',(#2669),#4880);
#2668=REPRESENTATION('density',(#2664),#4880);
#2669=DESCRIPTIVE_REPRESENTATION_ITEM('Stal','Stal');
#2670=PROPERTY_DEFINITION('material property','material name',#4890);
#2671=PROPERTY_DEFINITION('material property','density of part',#4890);
#2672=AXIS2_PLACEMENT_3D('',#3845,#3015,#3016);
#2673=AXIS2_PLACEMENT_3D('',#3846,#3017,#3018);
#2674=AXIS2_PLACEMENT_3D('',#3855,#3023,#3024);
#2675=AXIS2_PLACEMENT_3D('',#3856,#3025,#3026);
#2676=AXIS2_PLACEMENT_3D('',#3857,#3027,#3028);
#2677=AXIS2_PLACEMENT_3D('',#3858,#3029,#3030);
#2678=AXIS2_PLACEMENT_3D('',#3865,#3031,#3032);
#2679=AXIS2_PLACEMENT_3D('',#3871,#3033,#3034);
#2680=AXIS2_PLACEMENT_3D('',#3872,#3035,#3036);
#2681=AXIS2_PLACEMENT_3D('',#3877,#3038,#3039);
#2682=AXIS2_PLACEMENT_3D('',#3884,#3041,#3042);
#2683=AXIS2_PLACEMENT_3D('',#3885,#3043,#3044);
#2684=AXIS2_PLACEMENT_3D('',#3890,#3046,#3047);
#2685=AXIS2_PLACEMENT_3D('',#3903,#3049,#3050);
#2686=AXIS2_PLACEMENT_3D('',#3904,#3051,#3052);
#2687=AXIS2_PLACEMENT_3D('',#3907,#3053,#3054);
#2688=AXIS2_PLACEMENT_3D('',#3911,#3056,#3057);
#2689=AXIS2_PLACEMENT_3D('',#3913,#3059,#3060);
#2690=AXIS2_PLACEMENT_3D('',#3916,#3061,#3062);
#2691=AXIS2_PLACEMENT_3D('',#3920,#3064,#3065);
#2692=AXIS2_PLACEMENT_3D('',#3922,#3067,#3068);
#2693=AXIS2_PLACEMENT_3D('',#3925,#3069,#3070);
#2694=AXIS2_PLACEMENT_3D('',#3929,#3072,#3073);
#2695=AXIS2_PLACEMENT_3D('',#3931,#3075,#3076);
#2696=AXIS2_PLACEMENT_3D('',#3934,#3077,#3078);
#2697=AXIS2_PLACEMENT_3D('',#3938,#3080,#3081);
#2698=AXIS2_PLACEMENT_3D('',#3940,#3083,#3084);
#2699=AXIS2_PLACEMENT_3D('',#3943,#3085,#3086);
#2700=AXIS2_PLACEMENT_3D('',#3947,#3088,#3089);
#2701=AXIS2_PLACEMENT_3D('',#3949,#3091,#3092);
#2702=AXIS2_PLACEMENT_3D('',#3952,#3093,#3094);
#2703=AXIS2_PLACEMENT_3D('',#3956,#3096,#3097);
#2704=AXIS2_PLACEMENT_3D('',#3958,#3099,#3100);
#2705=AXIS2_PLACEMENT_3D('',#3961,#3101,#3102);
#2706=AXIS2_PLACEMENT_3D('',#3965,#3104,#3105);
#2707=AXIS2_PLACEMENT_3D('',#3967,#3107,#3108);
#2708=AXIS2_PLACEMENT_3D('',#3975,#3109,#3110);
#2709=AXIS2_PLACEMENT_3D('',#3979,#3112,#3113);
#2710=AXIS2_PLACEMENT_3D('',#3986,#3115,#3116);
#2711=AXIS2_PLACEMENT_3D('',#3989,#3117,#3118);
#2712=AXIS2_PLACEMENT_3D('',#3993,#3120,#3121);
#2713=AXIS2_PLACEMENT_3D('',#4005,#3123,#3124);
#2714=AXIS2_PLACEMENT_3D('',#4008,#3125,#3126);
#2715=AXIS2_PLACEMENT_3D('',#4022,#3128,#3129);
#2716=AXIS2_PLACEMENT_3D('',#4024,#3131,#3132);
#2717=AXIS2_PLACEMENT_3D('',#4033,#3137,#3138);
#2718=AXIS2_PLACEMENT_3D('',#4036,#3139,#3140);
#2719=AXIS2_PLACEMENT_3D('',#4050,#3142,#3143);
#2720=AXIS2_PLACEMENT_3D('',#4052,#3145,#3146);
#2721=AXIS2_PLACEMENT_3D('',#4059,#3147,#3148);
#2722=AXIS2_PLACEMENT_3D('',#4060,#3149,#3150);
#2723=AXIS2_PLACEMENT_3D('',#4061,#3151,#3152);
#2724=AXIS2_PLACEMENT_3D('',#4064,#3154,#3155);
#2725=AXIS2_PLACEMENT_3D('',#4065,#3156,#3157);
#2726=AXIS2_PLACEMENT_3D('',#4071,#3158,#3159);
#2727=AXIS2_PLACEMENT_3D('',#4072,#3160,#3161);
#2728=AXIS2_PLACEMENT_3D('',#4079,#3162,#3163);
#2729=AXIS2_PLACEMENT_3D('',#4080,#3164,#3165);
#2730=AXIS2_PLACEMENT_3D('',#4081,#3166,#3167);
#2731=AXIS2_PLACEMENT_3D('',#4084,#3169,#3170);
#2732=AXIS2_PLACEMENT_3D('',#4085,#3171,#3172);
#2733=AXIS2_PLACEMENT_3D('',#4091,#3173,#3174);
#2734=AXIS2_PLACEMENT_3D('',#4092,#3175,#3176);
#2735=AXIS2_PLACEMENT_3D('',#4100,#3177,#3178);
#2736=AXIS2_PLACEMENT_3D('',#4106,#3179,#3180);
#2737=AXIS2_PLACEMENT_3D('',#4107,#3181,#3182);
#2738=AXIS2_PLACEMENT_3D('',#4112,#3185,#3186);
#2739=AXIS2_PLACEMENT_3D('',#4113,#3187,#3188);
#2740=AXIS2_PLACEMENT_3D('',#4124,#3189,#3190);
#2741=AXIS2_PLACEMENT_3D('',#4125,#3191,#3192);
#2742=AXIS2_PLACEMENT_3D('',#4133,#3193,#3194);
#2743=AXIS2_PLACEMENT_3D('',#4139,#3195,#3196);
#2744=AXIS2_PLACEMENT_3D('',#4140,#3197,#3198);
#2745=AXIS2_PLACEMENT_3D('',#4145,#3201,#3202);
#2746=AXIS2_PLACEMENT_3D('',#4146,#3203,#3204);
#2747=AXIS2_PLACEMENT_3D('',#4157,#3205,#3206);
#2748=AXIS2_PLACEMENT_3D('',#4158,#3207,#3208);
#2749=AXIS2_PLACEMENT_3D('',#4165,#3209,#3210);
#2750=AXIS2_PLACEMENT_3D('',#4166,#3211,#3212);
#2751=AXIS2_PLACEMENT_3D('',#4167,#3213,#3214);
#2752=AXIS2_PLACEMENT_3D('',#4170,#3216,#3217);
#2753=AXIS2_PLACEMENT_3D('',#4171,#3218,#3219);
#2754=AXIS2_PLACEMENT_3D('',#4177,#3220,#3221);
#2755=AXIS2_PLACEMENT_3D('',#4178,#3222,#3223);
#2756=AXIS2_PLACEMENT_3D('',#4185,#3224,#3225);
#2757=AXIS2_PLACEMENT_3D('',#4186,#3226,#3227);
#2758=AXIS2_PLACEMENT_3D('',#4187,#3228,#3229);
#2759=AXIS2_PLACEMENT_3D('',#4190,#3231,#3232);
#2760=AXIS2_PLACEMENT_3D('',#4191,#3233,#3234);
#2761=AXIS2_PLACEMENT_3D('',#4197,#3235,#3236);
#2762=AXIS2_PLACEMENT_3D('',#4198,#3237,#3238);
#2763=AXIS2_PLACEMENT_3D('',#4206,#3239,#3240);
#2764=AXIS2_PLACEMENT_3D('',#4212,#3241,#3242);
#2765=AXIS2_PLACEMENT_3D('',#4213,#3243,#3244);
#2766=AXIS2_PLACEMENT_3D('',#4218,#3247,#3248);
#2767=AXIS2_PLACEMENT_3D('',#4219,#3249,#3250);
#2768=AXIS2_PLACEMENT_3D('',#4230,#3251,#3252);
#2769=AXIS2_PLACEMENT_3D('',#4231,#3253,#3254);
#2770=AXIS2_PLACEMENT_3D('',#4239,#3255,#3256);
#2771=AXIS2_PLACEMENT_3D('',#4245,#3257,#3258);
#2772=AXIS2_PLACEMENT_3D('',#4246,#3259,#3260);
#2773=AXIS2_PLACEMENT_3D('',#4251,#3263,#3264);
#2774=AXIS2_PLACEMENT_3D('',#4252,#3265,#3266);
#2775=AXIS2_PLACEMENT_3D('',#4263,#3267,#3268);
#2776=AXIS2_PLACEMENT_3D('',#4264,#3269,#3270);
#2777=AXIS2_PLACEMENT_3D('',#4272,#3271,#3272);
#2778=AXIS2_PLACEMENT_3D('',#4278,#3273,#3274);
#2779=AXIS2_PLACEMENT_3D('',#4279,#3275,#3276);
#2780=AXIS2_PLACEMENT_3D('',#4284,#3279,#3280);
#2781=AXIS2_PLACEMENT_3D('',#4285,#3281,#3282);
#2782=AXIS2_PLACEMENT_3D('',#4296,#3283,#3284);
#2783=AXIS2_PLACEMENT_3D('',#4297,#3285,#3286);
#2784=AXIS2_PLACEMENT_3D('',#4305,#3287,#3288);
#2785=AXIS2_PLACEMENT_3D('',#4311,#3289,#3290);
#2786=AXIS2_PLACEMENT_3D('',#4312,#3291,#3292);
#2787=AXIS2_PLACEMENT_3D('',#4317,#3295,#3296);
#2788=AXIS2_PLACEMENT_3D('',#4318,#3297,#3298);
#2789=AXIS2_PLACEMENT_3D('',#4329,#3299,#3300);
#2790=AXIS2_PLACEMENT_3D('',#4330,#3301,#3302);
#2791=AXIS2_PLACEMENT_3D('',#4338,#3303,#3304);
#2792=AXIS2_PLACEMENT_3D('',#4344,#3305,#3306);
#2793=AXIS2_PLACEMENT_3D('',#4345,#3307,#3308);
#2794=AXIS2_PLACEMENT_3D('',#4350,#3311,#3312);
#2795=AXIS2_PLACEMENT_3D('',#4351,#3313,#3314);
#2796=AXIS2_PLACEMENT_3D('',#4362,#3315,#3316);
#2797=AXIS2_PLACEMENT_3D('',#4363,#3317,#3318);
#2798=AXIS2_PLACEMENT_3D('',#4370,#3319,#3320);
#2799=AXIS2_PLACEMENT_3D('',#4371,#3321,#3322);
#2800=AXIS2_PLACEMENT_3D('',#4372,#3323,#3324);
#2801=AXIS2_PLACEMENT_3D('',#4375,#3326,#3327);
#2802=AXIS2_PLACEMENT_3D('',#4376,#3328,#3329);
#2803=AXIS2_PLACEMENT_3D('',#4382,#3330,#3331);
#2804=AXIS2_PLACEMENT_3D('',#4383,#3332,#3333);
#2805=AXIS2_PLACEMENT_3D('',#4391,#3334,#3335);
#2806=AXIS2_PLACEMENT_3D('',#4397,#3336,#3337);
#2807=AXIS2_PLACEMENT_3D('',#4398,#3338,#3339);
#2808=AXIS2_PLACEMENT_3D('',#4403,#3342,#3343);
#2809=AXIS2_PLACEMENT_3D('',#4404,#3344,#3345);
#2810=AXIS2_PLACEMENT_3D('',#4415,#3346,#3347);
#2811=AXIS2_PLACEMENT_3D('',#4416,#3348,#3349);
#2812=AXIS2_PLACEMENT_3D('',#4424,#3350,#3351);
#2813=AXIS2_PLACEMENT_3D('',#4430,#3352,#3353);
#2814=AXIS2_PLACEMENT_3D('',#4431,#3354,#3355);
#2815=AXIS2_PLACEMENT_3D('',#4436,#3358,#3359);
#2816=AXIS2_PLACEMENT_3D('',#4437,#3360,#3361);
#2817=AXIS2_PLACEMENT_3D('',#4448,#3362,#3363);
#2818=AXIS2_PLACEMENT_3D('',#4449,#3364,#3365);
#2819=AXIS2_PLACEMENT_3D('',#4457,#3366,#3367);
#2820=AXIS2_PLACEMENT_3D('',#4463,#3368,#3369);
#2821=AXIS2_PLACEMENT_3D('',#4464,#3370,#3371);
#2822=AXIS2_PLACEMENT_3D('',#4469,#3374,#3375);
#2823=AXIS2_PLACEMENT_3D('',#4470,#3376,#3377);
#2824=AXIS2_PLACEMENT_3D('',#4481,#3378,#3379);
#2825=AXIS2_PLACEMENT_3D('',#4482,#3380,#3381);
#2826=AXIS2_PLACEMENT_3D('',#4490,#3382,#3383);
#2827=AXIS2_PLACEMENT_3D('',#4496,#3384,#3385);
#2828=AXIS2_PLACEMENT_3D('',#4497,#3386,#3387);
#2829=AXIS2_PLACEMENT_3D('',#4502,#3390,#3391);
#2830=AXIS2_PLACEMENT_3D('',#4503,#3392,#3393);
#2831=AXIS2_PLACEMENT_3D('',#4514,#3394,#3395);
#2832=AXIS2_PLACEMENT_3D('',#4515,#3396,#3397);
#2833=AXIS2_PLACEMENT_3D('',#4518,#3399,#3400);
#2834=AXIS2_PLACEMENT_3D('',#4519,#3401,#3402);
#2835=AXIS2_PLACEMENT_3D('',#4524,#3403,#3404);
#2836=AXIS2_PLACEMENT_3D('',#4525,#3405,#3406);
#2837=AXIS2_PLACEMENT_3D('',#4527,#3407,#3408);
#2838=AXIS2_PLACEMENT_3D('',#4529,#3409,#3410);
#2839=AXIS2_PLACEMENT_3D('',#4531,#3412,#3413);
#2840=AXIS2_PLACEMENT_3D('',#4540,#3418,#3419);
#2841=AXIS2_PLACEMENT_3D('',#4542,#3420,#3421);
#2842=AXIS2_PLACEMENT_3D('',#4544,#3422,#3423);
#2843=AXIS2_PLACEMENT_3D('',#4546,#3425,#3426);
#2844=AXIS2_PLACEMENT_3D('',#4555,#3431,#3432);
#2845=AXIS2_PLACEMENT_3D('',#4557,#3433,#3434);
#2846=AXIS2_PLACEMENT_3D('',#4559,#3435,#3436);
#2847=AXIS2_PLACEMENT_3D('',#4561,#3438,#3439);
#2848=AXIS2_PLACEMENT_3D('',#4563,#3440,#3441);
#2849=AXIS2_PLACEMENT_3D('',#4565,#3442,#3443);
#2850=AXIS2_PLACEMENT_3D('',#4567,#3445,#3446);
#2851=AXIS2_PLACEMENT_3D('',#4573,#3450,#3451);
#2852=AXIS2_PLACEMENT_3D('',#4574,#3452,#3453);
#2853=AXIS2_PLACEMENT_3D('',#4575,#3454,#3455);
#2854=AXIS2_PLACEMENT_3D('',#4576,#3456,#3457);
#2855=AXIS2_PLACEMENT_3D('',#4578,#3458,#3459);
#2856=AXIS2_PLACEMENT_3D('',#4580,#3460,#3461);
#2857=AXIS2_PLACEMENT_3D('',#4582,#3463,#3464);
#2858=AXIS2_PLACEMENT_3D('',#4588,#3468,#3469);
#2859=AXIS2_PLACEMENT_3D('',#4589,#3470,#3471);
#2860=AXIS2_PLACEMENT_3D('',#4590,#3472,#3473);
#2861=AXIS2_PLACEMENT_3D('',#4591,#3474,#3475);
#2862=AXIS2_PLACEMENT_3D('',#4593,#3476,#3477);
#2863=AXIS2_PLACEMENT_3D('',#4595,#3478,#3479);
#2864=AXIS2_PLACEMENT_3D('',#4597,#3481,#3482);
#2865=AXIS2_PLACEMENT_3D('',#4603,#3486,#3487);
#2866=AXIS2_PLACEMENT_3D('',#4604,#3488,#3489);
#2867=AXIS2_PLACEMENT_3D('',#4605,#3490,#3491);
#2868=AXIS2_PLACEMENT_3D('',#4606,#3492,#3493);
#2869=AXIS2_PLACEMENT_3D('',#4608,#3494,#3495);
#2870=AXIS2_PLACEMENT_3D('',#4610,#3496,#3497);
#2871=AXIS2_PLACEMENT_3D('',#4612,#3499,#3500);
#2872=AXIS2_PLACEMENT_3D('',#4621,#3505,#3506);
#2873=AXIS2_PLACEMENT_3D('',#4623,#3507,#3508);
#2874=AXIS2_PLACEMENT_3D('',#4625,#3509,#3510);
#2875=AXIS2_PLACEMENT_3D('',#4627,#3512,#3513);
#2876=AXIS2_PLACEMENT_3D('',#4628,#3514,#3515);
#2877=AXIS2_PLACEMENT_3D('',#4629,#3516,#3517);
#2878=AXIS2_PLACEMENT_3D('',#4630,#3518,#3519);
#2879=AXIS2_PLACEMENT_3D('',#4636,#3523,#3524);
#2880=AXIS2_PLACEMENT_3D('',#4638,#3525,#3526);
#2881=AXIS2_PLACEMENT_3D('',#4640,#3527,#3528);
#2882=AXIS2_PLACEMENT_3D('',#4642,#3530,#3531);
#2883=AXIS2_PLACEMENT_3D('',#4643,#3532,#3533);
#2884=AXIS2_PLACEMENT_3D('',#4644,#3534,#3535);
#2885=AXIS2_PLACEMENT_3D('',#4645,#3536,#3537);
#2886=AXIS2_PLACEMENT_3D('',#4651,#3541,#3542);
#2887=AXIS2_PLACEMENT_3D('',#4653,#3543,#3544);
#2888=AXIS2_PLACEMENT_3D('',#4655,#3545,#3546);
#2889=AXIS2_PLACEMENT_3D('',#4657,#3548,#3549);
#2890=AXIS2_PLACEMENT_3D('',#4658,#3550,#3551);
#2891=AXIS2_PLACEMENT_3D('',#4659,#3552,#3553);
#2892=AXIS2_PLACEMENT_3D('',#4660,#3554,#3555);
#2893=AXIS2_PLACEMENT_3D('',#4666,#3559,#3560);
#2894=AXIS2_PLACEMENT_3D('',#4668,#3561,#3562);
#2895=AXIS2_PLACEMENT_3D('',#4670,#3563,#3564);
#2896=AXIS2_PLACEMENT_3D('',#4672,#3566,#3567);
#2897=AXIS2_PLACEMENT_3D('',#4673,#3568,#3569);
#2898=AXIS2_PLACEMENT_3D('',#4674,#3570,#3571);
#2899=AXIS2_PLACEMENT_3D('',#4675,#3572,#3573);
#2900=AXIS2_PLACEMENT_3D('',#4681,#3577,#3578);
#2901=AXIS2_PLACEMENT_3D('',#4683,#3579,#3580);
#2902=AXIS2_PLACEMENT_3D('',#4685,#3581,#3582);
#2903=AXIS2_PLACEMENT_3D('',#4687,#3584,#3585);
#2904=AXIS2_PLACEMENT_3D('',#4689,#3586,#3587);
#2905=AXIS2_PLACEMENT_3D('',#4691,#3588,#3589);
#2906=AXIS2_PLACEMENT_3D('',#4693,#3591,#3592);
#2907=AXIS2_PLACEMENT_3D('',#4702,#3597,#3598);
#2908=AXIS2_PLACEMENT_3D('',#4704,#3599,#3600);
#2909=AXIS2_PLACEMENT_3D('',#4706,#3601,#3602);
#2910=AXIS2_PLACEMENT_3D('',#4708,#3604,#3605);
#2911=AXIS2_PLACEMENT_3D('',#4710,#3606,#3607);
#2912=AXIS2_PLACEMENT_3D('',#4712,#3608,#3609);
#2913=AXIS2_PLACEMENT_3D('',#4714,#3611,#3612);
#2914=AXIS2_PLACEMENT_3D('',#4723,#3617,#3618);
#2915=AXIS2_PLACEMENT_3D('',#4725,#3619,#3620);
#2916=AXIS2_PLACEMENT_3D('',#4727,#3621,#3622);
#2917=AXIS2_PLACEMENT_3D('',#4729,#3624,#3625);
#2918=AXIS2_PLACEMENT_3D('',#4738,#3630,#3631);
#2919=AXIS2_PLACEMENT_3D('',#4740,#3632,#3633);
#2920=AXIS2_PLACEMENT_3D('',#4742,#3634,#3635);
#2921=AXIS2_PLACEMENT_3D('',#4744,#3637,#3638);
#2922=AXIS2_PLACEMENT_3D('',#4753,#3643,#3644);
#2923=AXIS2_PLACEMENT_3D('',#4755,#3645,#3646);
#2924=AXIS2_PLACEMENT_3D('',#4757,#3647,#3648);
#2925=AXIS2_PLACEMENT_3D('',#4759,#3650,#3651);
#2926=AXIS2_PLACEMENT_3D('',#4761,#3652,#3653);
#2927=AXIS2_PLACEMENT_3D('',#4763,#3654,#3655);
#2928=AXIS2_PLACEMENT_3D('',#4765,#3657,#3658);
#2929=AXIS2_PLACEMENT_3D('',#4774,#3663,#3664);
#2930=AXIS2_PLACEMENT_3D('',#4776,#3665,#3666);
#2931=AXIS2_PLACEMENT_3D('',#4778,#3667,#3668);
#2932=AXIS2_PLACEMENT_3D('',#4780,#3670,#3671);
#2933=AXIS2_PLACEMENT_3D('',#4781,#3672,#3673);
#2934=AXIS2_PLACEMENT_3D('',#4782,#3674,#3675);
#2935=AXIS2_PLACEMENT_3D('',#4783,#3676,#3677);
#2936=AXIS2_PLACEMENT_3D('',#4784,#3678,#3679);
#2937=AXIS2_PLACEMENT_3D('',#4785,#3680,#3681);
#2938=AXIS2_PLACEMENT_3D('',#4786,#3682,#3683);
#2939=AXIS2_PLACEMENT_3D('',#4787,#3684,#3685);
#2940=AXIS2_PLACEMENT_3D('',#4788,#3686,#3687);
#2941=AXIS2_PLACEMENT_3D('',#4789,#3688,#3689);
#2942=AXIS2_PLACEMENT_3D('',#4790,#3690,#3691);
#2943=AXIS2_PLACEMENT_3D('',#4791,#3692,#3693);
#2944=AXIS2_PLACEMENT_3D('',#4792,#3694,#3695);
#2945=AXIS2_PLACEMENT_3D('',#4793,#3696,#3697);
#2946=AXIS2_PLACEMENT_3D('',#4794,#3698,#3699);
#2947=AXIS2_PLACEMENT_3D('',#4795,#3700,#3701);
#2948=AXIS2_PLACEMENT_3D('',#4796,#3702,#3703);
#2949=AXIS2_PLACEMENT_3D('',#4797,#3704,#3705);
#2950=AXIS2_PLACEMENT_3D('',#4798,#3706,#3707);
#2951=AXIS2_PLACEMENT_3D('',#4799,#3708,#3709);
#2952=AXIS2_PLACEMENT_3D('',#4800,#3710,#3711);
#2953=AXIS2_PLACEMENT_3D('',#4801,#3712,#3713);
#2954=AXIS2_PLACEMENT_3D('',#4802,#3714,#3715);
#2955=AXIS2_PLACEMENT_3D('',#4803,#3716,#3717);
#2956=AXIS2_PLACEMENT_3D('',#4804,#3718,#3719);
#2957=AXIS2_PLACEMENT_3D('',#4805,#3720,#3721);
#2958=AXIS2_PLACEMENT_3D('',#4806,#3722,#3723);
#2959=AXIS2_PLACEMENT_3D('',#4807,#3724,#3725);
#2960=AXIS2_PLACEMENT_3D('',#4808,#3726,#3727);
#2961=AXIS2_PLACEMENT_3D('',#4809,#3728,#3729);
#2962=AXIS2_PLACEMENT_3D('',#4810,#3730,#3731);
#2963=AXIS2_PLACEMENT_3D('',#4811,#3732,#3733);
#2964=AXIS2_PLACEMENT_3D('',#4812,#3734,#3735);
#2965=AXIS2_PLACEMENT_3D('',#4813,#3736,#3737);
#2966=AXIS2_PLACEMENT_3D('',#4814,#3738,#3739);
#2967=AXIS2_PLACEMENT_3D('',#4815,#3740,#3741);
#2968=AXIS2_PLACEMENT_3D('',#4816,#3742,#3743);
#2969=AXIS2_PLACEMENT_3D('',#4817,#3744,#3745);
#2970=AXIS2_PLACEMENT_3D('',#4818,#3746,#3747);
#2971=AXIS2_PLACEMENT_3D('',#4819,#3748,#3749);
#2972=AXIS2_PLACEMENT_3D('',#4820,#3750,#3751);
#2973=AXIS2_PLACEMENT_3D('',#4821,#3752,#3753);
#2974=AXIS2_PLACEMENT_3D('',#4822,#3754,#3755);
#2975=AXIS2_PLACEMENT_3D('',#4823,#3756,#3757);
#2976=AXIS2_PLACEMENT_3D('',#4824,#3758,#3759);
#2977=AXIS2_PLACEMENT_3D('',#4825,#3760,#3761);
#2978=AXIS2_PLACEMENT_3D('',#4826,#3762,#3763);
#2979=AXIS2_PLACEMENT_3D('',#4827,#3764,#3765);
#2980=AXIS2_PLACEMENT_3D('',#4828,#3766,#3767);
#2981=AXIS2_PLACEMENT_3D('',#4829,#3768,#3769);
#2982=AXIS2_PLACEMENT_3D('',#4830,#3770,#3771);
#2983=AXIS2_PLACEMENT_3D('',#4831,#3772,#3773);
#2984=AXIS2_PLACEMENT_3D('',#4832,#3774,#3775);
#2985=AXIS2_PLACEMENT_3D('',#4833,#3776,#3777);
#2986=AXIS2_PLACEMENT_3D('',#4834,#3778,#3779);
#2987=AXIS2_PLACEMENT_3D('',#4835,#3780,#3781);
#2988=AXIS2_PLACEMENT_3D('',#4836,#3782,#3783);
#2989=AXIS2_PLACEMENT_3D('',#4837,#3784,#3785);
#2990=AXIS2_PLACEMENT_3D('',#4838,#3786,#3787);
#2991=AXIS2_PLACEMENT_3D('',#4839,#3788,#3789);
#2992=AXIS2_PLACEMENT_3D('',#4840,#3790,#3791);
#2993=AXIS2_PLACEMENT_3D('',#4841,#3792,#3793);
#2994=AXIS2_PLACEMENT_3D('',#4842,#3794,#3795);
#2995=AXIS2_PLACEMENT_3D('',#4843,#3796,#3797);
#2996=AXIS2_PLACEMENT_3D('',#4844,#3798,#3799);
#2997=AXIS2_PLACEMENT_3D('',#4845,#3800,#3801);
#2998=AXIS2_PLACEMENT_3D('',#4846,#3802,#3803);
#2999=AXIS2_PLACEMENT_3D('',#4847,#3804,#3805);
#3000=AXIS2_PLACEMENT_3D('',#4848,#3806,#3807);
#3001=AXIS2_PLACEMENT_3D('',#4849,#3808,#3809);
#3002=AXIS2_PLACEMENT_3D('',#4850,#3810,#3811);
#3003=AXIS2_PLACEMENT_3D('',#4851,#3812,#3813);
#3004=AXIS2_PLACEMENT_3D('',#4852,#3814,#3815);
#3005=AXIS2_PLACEMENT_3D('',#4855,#3818,#3819);
#3006=AXIS2_PLACEMENT_3D('',#4861,#3823,#3824);
#3007=AXIS2_PLACEMENT_3D('',#4863,#3825,#3826);
#3008=AXIS2_PLACEMENT_3D('',#4866,#3828,#3829);
#3009=AXIS2_PLACEMENT_3D('',#4867,#3830,#3831);
#3010=AXIS2_PLACEMENT_3D('',#4870,#3833,#3834);
#3011=AXIS2_PLACEMENT_3D('',#4872,#3835,#3836);
#3012=AXIS2_PLACEMENT_3D('',#4873,#3837,#3838);
#3013=AXIS2_PLACEMENT_3D('',#4875,#3840,#3841);
#3014=AXIS2_PLACEMENT_3D('',#4877,#3843,#3844);
#3015=DIRECTION('axis',(0.,0.,1.));
#3016=DIRECTION('refdir',(1.,0.,0.));
#3017=DIRECTION('center_axis',(-0.90630778703665,-2.72353045822013E-15,
-0.4226182617407));
#3018=DIRECTION('ref_axis',(-0.4226182617407,-1.51500222398547E-15,0.90630778703665));
#3019=DIRECTION('',(0.4226182617407,1.51500222398547E-15,-0.90630778703665));
#3020=DIRECTION('',(-3.10862446895044E-15,1.,2.22044604925031E-16));
#3021=DIRECTION('',(-0.4226182617407,-1.51500222398547E-15,0.90630778703665));
#3022=DIRECTION('',(-3.10862446895044E-15,1.,2.22044604925031E-16));
#3023=DIRECTION('center_axis',(-3.10862446895044E-15,1.,2.22044604925031E-16));
#3024=DIRECTION('ref_axis',(-0.906307787106806,-2.72353045847163E-15,-0.42261826159025));
#3025=DIRECTION('center_axis',(-3.10862446895044E-15,1.,2.22044604925031E-16));
#3026=DIRECTION('ref_axis',(0.90630778703665,2.72353045822013E-15,0.422618261740699));
#3027=DIRECTION('center_axis',(3.10862446895044E-15,-1.,-2.22044604925031E-16));
#3028=DIRECTION('ref_axis',(0.90630778703665,2.72353045822013E-15,0.422618261740699));
#3029=DIRECTION('center_axis',(-3.17610591024074E-15,1.,2.51827270592783E-16));
#3030=DIRECTION('ref_axis',(0.90630778703665,2.77210271554749E-15,0.422618261740699));
#3031=DIRECTION('center_axis',(-3.17610591024074E-15,1.,2.51827270592783E-16));
#3032=DIRECTION('ref_axis',(-0.90630778703665,-2.77210271554749E-15,-0.422618261740699));
#3033=DIRECTION('center_axis',(3.17610591024074E-15,-1.,-2.51827270592783E-16));
#3034=DIRECTION('ref_axis',(-0.906307787036651,-2.77210271554749E-15,-0.422618261740698));
#3035=DIRECTION('center_axis',(-3.17610591024074E-15,1.,2.51827270592783E-16));
#3036=DIRECTION('ref_axis',(-0.90630778703665,-2.77210271554749E-15,-0.422618261740699));
#3037=DIRECTION('',(3.17610591024074E-15,-1.,-2.51827270592783E-16));
#3038=DIRECTION('center_axis',(3.17610591024074E-15,-1.,-2.51827270592783E-16));
#3039=DIRECTION('ref_axis',(-0.484809620246336,-1.31955360655038E-15,-0.874619707139396));
#3040=DIRECTION('',(3.17610591024074E-15,-1.,-2.51827270592783E-16));
#3041=DIRECTION('center_axis',(3.17610591024074E-15,-1.,-2.51827270592783E-16));
#3042=DIRECTION('ref_axis',(-0.906307787036654,-2.7721027155475E-15,-0.42261826174069));
#3043=DIRECTION('center_axis',(-3.17610591024074E-15,1.,2.51827270592783E-16));
#3044=DIRECTION('ref_axis',(-0.90630778703665,-2.77210271554749E-15,-0.422618261740699));
#3045=DIRECTION('',(3.17610591024074E-15,-1.,-2.51827270592783E-16));
#3046=DIRECTION('center_axis',(3.17610591024074E-15,-1.,-2.51827270592783E-16));
#3047=DIRECTION('ref_axis',(0.681998360062502,2.35027382868569E-15,-0.731353701619167));
#3048=DIRECTION('',(3.17610591024074E-15,-1.,-2.51827270592783E-16));
#3049=DIRECTION('center_axis',(3.17610591024074E-15,-1.,-2.51827270592783E-16));
#3050=DIRECTION('ref_axis',(-0.90630778703665,-2.77210271554749E-15,-0.422618261740699));
#3051=DIRECTION('center_axis',(-3.17610591024074E-15,1.,2.51827270592783E-16));
#3052=DIRECTION('ref_axis',(-0.90630778703665,-2.77210271554749E-15,-0.422618261740699));
#3053=DIRECTION('center_axis',(-3.17610591024074E-15,1.,2.51827270592783E-16));
#3054=DIRECTION('ref_axis',(-0.90630778703665,-2.77210271554749E-15,-0.422618261740699));
#3055=DIRECTION('',(3.17610591024074E-15,-1.,-2.51827270592783E-16));
#3056=DIRECTION('center_axis',(3.17610591024074E-15,-1.,-2.51827270592783E-16));
#3057=DIRECTION('ref_axis',(-0.906307787036652,-2.77210271554749E-15,-0.422618261740695));
#3058=DIRECTION('',(-3.17610591024074E-15,1.,2.51827270592783E-16));
#3059=DIRECTION('center_axis',(-3.17610591024074E-15,1.,2.51827270592783E-16));
#3060=DIRECTION('ref_axis',(-0.90630778703665,-2.77210271554749E-15,-0.422618261740699));
#3061=DIRECTION('center_axis',(-3.17610591024074E-15,1.,2.51827270592783E-16));
#3062=DIRECTION('ref_axis',(-0.90630778703665,-2.77210271554749E-15,-0.422618261740699));
#3063=DIRECTION('',(3.17610591024074E-15,-1.,-2.51827270592783E-16));
#3064=DIRECTION('center_axis',(3.17610591024074E-15,-1.,-2.51827270592783E-16));
#3065=DIRECTION('ref_axis',(-0.90630778703665,-2.77210271554749E-15,-0.422618261740699));
#3066=DIRECTION('',(-3.17610591024074E-15,1.,2.51827270592783E-16));
#3067=DIRECTION('center_axis',(-3.17610591024074E-15,1.,2.51827270592783E-16));
#3068=DIRECTION('ref_axis',(-0.90630778703665,-2.77210271554749E-15,-0.422618261740699));
#3069=DIRECTION('center_axis',(-3.17610591024074E-15,1.,2.51827270592783E-16));
#3070=DIRECTION('ref_axis',(-0.90630778703665,-2.77210271554749E-15,-0.422618261740699));
#3071=DIRECTION('',(3.17610591024074E-15,-1.,-2.51827270592783E-16));
#3072=DIRECTION('center_axis',(3.17610591024074E-15,-1.,-2.51827270592783E-16));
#3073=DIRECTION('ref_axis',(-0.906307787036638,-2.77210271554744E-15,-0.422618261740724));
#3074=DIRECTION('',(-3.17610591024074E-15,1.,2.51827270592783E-16));
#3075=DIRECTION('center_axis',(-3.17610591024074E-15,1.,2.51827270592783E-16));
#3076=DIRECTION('ref_axis',(-0.90630778703665,-2.77210271554749E-15,-0.422618261740699));
#3077=DIRECTION('center_axis',(-3.17610591024074E-15,1.,2.51827270592783E-16));
#3078=DIRECTION('ref_axis',(-0.90630778703665,-2.77210271554749E-15,-0.422618261740699));
#3079=DIRECTION('',(3.17610591024074E-15,-1.,-2.51827270592783E-16));
#3080=DIRECTION('center_axis',(3.17610591024074E-15,-1.,-2.51827270592783E-16));
#3081=DIRECTION('ref_axis',(-0.906307787036649,-2.77210271554748E-15,-0.422618261740701));
#3082=DIRECTION('',(-3.17610591024074E-15,1.,2.51827270592783E-16));
#3083=DIRECTION('center_axis',(-3.17610591024074E-15,1.,2.51827270592783E-16));
#3084=DIRECTION('ref_axis',(-0.90630778703665,-2.77210271554749E-15,-0.422618261740699));
#3085=DIRECTION('center_axis',(-3.17610591024074E-15,1.,2.51827270592783E-16));
#3086=DIRECTION('ref_axis',(-0.90630778703665,-2.77210271554749E-15,-0.422618261740699));
#3087=DIRECTION('',(3.17610591024074E-15,-1.,-2.51827270592783E-16));
#3088=DIRECTION('center_axis',(3.17610591024074E-15,-1.,-2.51827270592783E-16));
#3089=DIRECTION('ref_axis',(-0.906307787036646,-2.77210271554747E-15,-0.422618261740707));
#3090=DIRECTION('',(-3.17610591024074E-15,1.,2.51827270592783E-16));
#3091=DIRECTION('center_axis',(-3.17610591024074E-15,1.,2.51827270592783E-16));
#3092=DIRECTION('ref_axis',(-0.90630778703665,-2.77210271554749E-15,-0.422618261740699));
#3093=DIRECTION('center_axis',(-3.17610591024074E-15,1.,2.51827270592783E-16));
#3094=DIRECTION('ref_axis',(-0.90630778703665,-2.77210271554749E-15,-0.422618261740699));
#3095=DIRECTION('',(3.17610591024074E-15,-1.,-2.51827270592783E-16));
#3096=DIRECTION('center_axis',(3.17610591024074E-15,-1.,-2.51827270592783E-16));
#3097=DIRECTION('ref_axis',(-0.906307787036649,-2.77210271554748E-15,-0.422618261740701));
#3098=DIRECTION('',(-3.17610591024074E-15,1.,2.51827270592783E-16));
#3099=DIRECTION('center_axis',(-3.17610591024074E-15,1.,2.51827270592783E-16));
#3100=DIRECTION('ref_axis',(-0.90630778703665,-2.77210271554749E-15,-0.422618261740699));
#3101=DIRECTION('center_axis',(-3.17610591024074E-15,1.,2.51827270592783E-16));
#3102=DIRECTION('ref_axis',(-0.90630778703665,-2.77210271554749E-15,-0.422618261740699));
#3103=DIRECTION('',(3.17610591024074E-15,-1.,-2.51827270592783E-16));
#3104=DIRECTION('center_axis',(3.17610591024074E-15,-1.,-2.51827270592783E-16));
#3105=DIRECTION('ref_axis',(-0.906307787036635,-2.77210271554743E-15,-0.422618261740732));
#3106=DIRECTION('',(-3.17610591024074E-15,1.,2.51827270592783E-16));
#3107=DIRECTION('center_axis',(-3.17610591024074E-15,1.,2.51827270592783E-16));
#3108=DIRECTION('ref_axis',(-0.90630778703665,-2.77210271554749E-15,-0.422618261740699));
#3109=DIRECTION('center_axis',(3.17610591024074E-15,-1.,-2.51827270592783E-16));
#3110=DIRECTION('ref_axis',(0.874619707139402,2.89997310448224E-15,-0.484809620246326));
#3111=DIRECTION('',(-3.17610591024074E-15,1.,2.51827270592783E-16));
#3112=DIRECTION('center_axis',(3.17610591024074E-15,-1.,-2.51827270592783E-16));
#3113=DIRECTION('ref_axis',(-0.90630778703665,-2.77210271554749E-15,-0.422618261740699));
#3114=DIRECTION('',(3.17610591024074E-15,-1.,-2.51827270592783E-16));
#3115=DIRECTION('center_axis',(-3.17610591024074E-15,1.,2.51827270592783E-16));
#3116=DIRECTION('ref_axis',(-0.90630778703665,-2.77210271554749E-15,-0.422618261740699));
#3117=DIRECTION('center_axis',(3.17610591024074E-15,-1.,-2.51827270592783E-16));
#3118=DIRECTION('ref_axis',(0.681998360062507,2.3502738286857E-15,-0.731353701619163));
#3119=DIRECTION('',(-3.17610591024074E-15,1.,2.51827270592783E-16));
#3120=DIRECTION('center_axis',(3.17610591024074E-15,-1.,-2.51827270592783E-16));
#3121=DIRECTION('ref_axis',(-0.90630778703665,-2.77210271554749E-15,-0.422618261740699));
#3122=DIRECTION('',(3.17610591024074E-15,-1.,-2.51827270592783E-16));
#3123=DIRECTION('center_axis',(-3.17610591024074E-15,1.,2.51827270592783E-16));
#3124=DIRECTION('ref_axis',(-0.90630778703665,-2.77210271554749E-15,-0.422618261740699));
#3125=DIRECTION('center_axis',(3.17610591024074E-15,-1.,-2.51827270592783E-16));
#3126=DIRECTION('ref_axis',(-0.90630778703665,-2.77210271554749E-15,-0.422618261740699));
#3127=DIRECTION('',(3.17610591024074E-15,-1.,-2.51827270592783E-16));
#3128=DIRECTION('center_axis',(3.17610591024074E-15,-1.,-2.51827270592783E-16));
#3129=DIRECTION('ref_axis',(-0.906307787036649,-2.77210271554748E-15,-0.422618261740702));
#3130=DIRECTION('',(3.17610591024074E-15,-1.,-2.51827270592783E-16));
#3131=DIRECTION('center_axis',(-0.90630778703665,-2.77210271554749E-15,
-0.422618261740699));
#3132=DIRECTION('ref_axis',(3.17610591024074E-15,-1.,-2.51827270592783E-16));
#3133=DIRECTION('',(0.422618261740699,1.57051337521673E-15,-0.90630778703665));
#3134=DIRECTION('',(3.17610591024074E-15,-1.,-2.51827270592783E-16));
#3135=DIRECTION('',(0.422618261740699,1.57051337521673E-15,-0.90630778703665));
#3136=DIRECTION('',(-3.17610591024074E-15,1.,2.51827270592783E-16));
#3137=DIRECTION('center_axis',(-3.17610591024074E-15,1.,2.51827270592783E-16));
#3138=DIRECTION('ref_axis',(-0.90630778703665,-2.77210271554749E-15,-0.422618261740699));
#3139=DIRECTION('center_axis',(3.17610591024074E-15,-1.,-2.51827270592783E-16));
#3140=DIRECTION('ref_axis',(-0.90630778703665,-2.77210271554749E-15,-0.422618261740699));
#3141=DIRECTION('',(3.17610591024074E-15,-1.,-2.51827270592783E-16));
#3142=DIRECTION('center_axis',(3.17610591024074E-15,-1.,-2.51827270592783E-16));
#3143=DIRECTION('ref_axis',(0.90630778703665,2.77210271554749E-15,0.422618261740699));
#3144=DIRECTION('',(-3.17610591024074E-15,1.,2.51827270592783E-16));
#3145=DIRECTION('center_axis',(-3.17610591024074E-15,1.,2.51827270592783E-16));
#3146=DIRECTION('ref_axis',(0.90630778703665,2.77210271554749E-15,0.422618261740699));
#3147=DIRECTION('center_axis',(-3.17610591024074E-15,1.,2.51827270592783E-16));
#3148=DIRECTION('ref_axis',(-0.90630778703665,-2.77210271554749E-15,-0.422618261740699));
#3149=DIRECTION('center_axis',(3.17610591024074E-15,-1.,-2.51827270592783E-16));
#3150=DIRECTION('ref_axis',(-0.90630778703665,-2.77210271554749E-15,-0.422618261740699));
#3151=DIRECTION('center_axis',(-3.17610591024074E-15,1.,2.51827270592783E-16));
#3152=DIRECTION('ref_axis',(-0.90630778703665,-2.77210271554749E-15,-0.422618261740699));
#3153=DIRECTION('',(3.17610591024074E-15,-1.,-2.51827270592783E-16));
#3154=DIRECTION('center_axis',(-3.17610591024074E-15,1.,2.51827270592783E-16));
#3155=DIRECTION('ref_axis',(-0.90630778703665,-2.77210271554749E-15,-0.422618261740699));
#3156=DIRECTION('center_axis',(3.17610591024074E-15,-1.,-2.51827270592783E-16));
#3157=DIRECTION('ref_axis',(-0.90630778703665,-2.77210271554749E-15,-0.422618261740699));
#3158=DIRECTION('center_axis',(3.17610591024074E-15,-1.,-2.51827270592783E-16));
#3159=DIRECTION('ref_axis',(-0.90630778703665,-2.77210271554749E-15,-0.422618261740699));
#3160=DIRECTION('center_axis',(3.17610591024074E-15,-1.,-2.51827270592783E-16));
#3161=DIRECTION('ref_axis',(-0.90630778703665,-2.77210271554749E-15,-0.422618261740699));
#3162=DIRECTION('center_axis',(3.17610591024074E-15,-1.,-2.51827270592783E-16));
#3163=DIRECTION('ref_axis',(-0.906307787036665,-2.77210271554754E-15,-0.422618261740667));
#3164=DIRECTION('center_axis',(-3.17610591024074E-15,1.,2.51827270592783E-16));
#3165=DIRECTION('ref_axis',(-0.90630778703665,-2.77210271554749E-15,-0.422618261740699));
#3166=DIRECTION('center_axis',(-3.17610591024074E-15,1.,2.51827270592783E-16));
#3167=DIRECTION('ref_axis',(-0.90630778703665,-2.77210271554749E-15,-0.422618261740699));
#3168=DIRECTION('',(3.17610591024074E-15,-1.,-2.51827270592783E-16));
#3169=DIRECTION('center_axis',(3.17610591024074E-15,-1.,-2.51827270592783E-16));
#3170=DIRECTION('ref_axis',(-0.906307787036658,-2.77210271554751E-15,-0.422618261740683));
#3171=DIRECTION('center_axis',(-3.17610591024074E-15,1.,2.51827270592783E-16));
#3172=DIRECTION('ref_axis',(0.90630778703665,2.77210271554749E-15,0.422618261740699));
#3173=DIRECTION('center_axis',(-3.17610591024074E-15,1.,2.51827270592783E-16));
#3174=DIRECTION('ref_axis',(-0.90630778703665,-2.77210271554749E-15,-0.422618261740699));
#3175=DIRECTION('center_axis',(3.17610591024074E-15,-1.,-2.51827270592783E-16));
#3176=DIRECTION('ref_axis',(-0.90630778703665,-2.77210271554749E-15,-0.422618261740699));
#3177=DIRECTION('center_axis',(3.17610591024074E-15,-1.,-2.51827270592783E-16));
#3178=DIRECTION('ref_axis',(-0.90630778703666,-2.77210271554752E-15,-0.422618261740678));
#3179=DIRECTION('center_axis',(-3.17610591024074E-15,1.,2.51827270592783E-16));
#3180=DIRECTION('ref_axis',(-0.90630778703665,-2.77210271554749E-15,-0.422618261740699));
#3181=DIRECTION('center_axis',(-3.17610591024074E-15,1.,2.51827270592783E-16));
#3182=DIRECTION('ref_axis',(-0.90630778703665,-2.77210271554749E-15,-0.422618261740699));
#3183=DIRECTION('',(3.17610591024074E-15,-1.,-2.51827270592783E-16));
#3184=DIRECTION('',(3.17610591024074E-15,-1.,-2.51827270592783E-16));
#3185=DIRECTION('center_axis',(3.17610591024074E-15,-1.,-2.51827270592783E-16));
#3186=DIRECTION('ref_axis',(-0.906307787036654,-2.7721027155475E-15,-0.422618261740691));
#3187=DIRECTION('center_axis',(-3.17610591024074E-15,1.,2.51827270592783E-16));
#3188=DIRECTION('ref_axis',(0.90630778703665,2.77210271554749E-15,0.422618261740699));
#3189=DIRECTION('center_axis',(-3.17610591024074E-15,1.,2.51827270592783E-16));
#3190=DIRECTION('ref_axis',(-0.90630778703665,-2.77210271554749E-15,-0.422618261740699));
#3191=DIRECTION('center_axis',(3.17610591024074E-15,-1.,-2.51827270592783E-16));
#3192=DIRECTION('ref_axis',(-0.90630778703665,-2.77210271554749E-15,-0.422618261740699));
#3193=DIRECTION('center_axis',(3.17610591024074E-15,-1.,-2.51827270592783E-16));
#3194=DIRECTION('ref_axis',(-0.906307787036642,-2.77210271554746E-15,-0.422618261740716));
#3195=DIRECTION('center_axis',(-3.17610591024074E-15,1.,2.51827270592783E-16));
#3196=DIRECTION('ref_axis',(-0.90630778703665,-2.77210271554749E-15,-0.422618261740699));
#3197=DIRECTION('center_axis',(-3.17610591024074E-15,1.,2.51827270592783E-16));
#3198=DIRECTION('ref_axis',(-0.90630778703665,-2.77210271554749E-15,-0.422618261740699));
#3199=DIRECTION('',(3.17610591024074E-15,-1.,-2.51827270592783E-16));
#3200=DIRECTION('',(3.17610591024074E-15,-1.,-2.51827270592783E-16));
#3201=DIRECTION('center_axis',(3.17610591024074E-15,-1.,-2.51827270592783E-16));
#3202=DIRECTION('ref_axis',(-0.906307787036646,-2.77210271554747E-15,-0.422618261740708));
#3203=DIRECTION('center_axis',(-3.17610591024074E-15,1.,2.51827270592783E-16));
#3204=DIRECTION('ref_axis',(0.90630778703665,2.77210271554749E-15,0.422618261740699));
#3205=DIRECTION('center_axis',(-3.17610591024074E-15,1.,2.51827270592783E-16));
#3206=DIRECTION('ref_axis',(-0.90630778703665,-2.77210271554749E-15,-0.422618261740699));
#3207=DIRECTION('center_axis',(3.17610591024074E-15,-1.,-2.51827270592783E-16));
#3208=DIRECTION('ref_axis',(-0.90630778703665,-2.77210271554749E-15,-0.422618261740699));
#3209=DIRECTION('center_axis',(3.17610591024074E-15,-1.,-2.51827270592783E-16));
#3210=DIRECTION('ref_axis',(-0.90630778703666,-2.77210271554752E-15,-0.422618261740678));
#3211=DIRECTION('center_axis',(-3.17610591024074E-15,1.,2.51827270592783E-16));
#3212=DIRECTION('ref_axis',(-0.90630778703665,-2.77210271554749E-15,-0.422618261740699));
#3213=DIRECTION('center_axis',(-3.17610591024074E-15,1.,2.51827270592783E-16));
#3214=DIRECTION('ref_axis',(-0.90630778703665,-2.77210271554749E-15,-0.422618261740699));
#3215=DIRECTION('',(3.17610591024074E-15,-1.,-2.51827270592783E-16));
#3216=DIRECTION('center_axis',(3.17610591024074E-15,-1.,-2.51827270592783E-16));
#3217=DIRECTION('ref_axis',(-0.90630778703665,-2.77210271554749E-15,-0.422618261740699));
#3218=DIRECTION('center_axis',(-3.17610591024074E-15,1.,2.51827270592783E-16));
#3219=DIRECTION('ref_axis',(0.90630778703665,2.77210271554749E-15,0.422618261740699));
#3220=DIRECTION('center_axis',(-3.17610591024074E-15,1.,2.51827270592783E-16));
#3221=DIRECTION('ref_axis',(-0.90630778703665,-2.77210271554749E-15,-0.422618261740699));
#3222=DIRECTION('center_axis',(3.17610591024074E-15,-1.,-2.51827270592783E-16));
#3223=DIRECTION('ref_axis',(-0.90630778703665,-2.77210271554749E-15,-0.422618261740699));
#3224=DIRECTION('center_axis',(3.17610591024074E-15,-1.,-2.51827270592783E-16));
#3225=DIRECTION('ref_axis',(-0.906307787036645,-2.77210271554747E-15,-0.422618261740709));
#3226=DIRECTION('center_axis',(-3.17610591024074E-15,1.,2.51827270592783E-16));
#3227=DIRECTION('ref_axis',(-0.90630778703665,-2.77210271554749E-15,-0.422618261740699));
#3228=DIRECTION('center_axis',(-3.17610591024074E-15,1.,2.51827270592783E-16));
#3229=DIRECTION('ref_axis',(-0.90630778703665,-2.77210271554749E-15,-0.422618261740699));
#3230=DIRECTION('',(3.17610591024074E-15,-1.,-2.51827270592783E-16));
#3231=DIRECTION('center_axis',(3.17610591024074E-15,-1.,-2.51827270592783E-16));
#3232=DIRECTION('ref_axis',(-0.906307787036621,-2.77210271554738E-15,-0.422618261740761));
#3233=DIRECTION('center_axis',(-3.17610591024074E-15,1.,2.51827270592783E-16));
#3234=DIRECTION('ref_axis',(0.90630778703665,2.77210271554749E-15,0.422618261740699));
#3235=DIRECTION('center_axis',(-3.17610591024074E-15,1.,2.51827270592783E-16));
#3236=DIRECTION('ref_axis',(-0.90630778703665,-2.77210271554749E-15,-0.422618261740699));
#3237=DIRECTION('center_axis',(3.17610591024074E-15,-1.,-2.51827270592783E-16));
#3238=DIRECTION('ref_axis',(-0.90630778703665,-2.77210271554749E-15,-0.422618261740699));
#3239=DIRECTION('center_axis',(3.17610591024074E-15,-1.,-2.51827270592783E-16));
#3240=DIRECTION('ref_axis',(-0.906307787036659,-2.77210271554752E-15,-0.42261826174068));
#3241=DIRECTION('center_axis',(-3.17610591024074E-15,1.,2.51827270592783E-16));
#3242=DIRECTION('ref_axis',(-0.90630778703665,-2.77210271554749E-15,-0.422618261740699));
#3243=DIRECTION('center_axis',(-3.17610591024074E-15,1.,2.51827270592783E-16));
#3244=DIRECTION('ref_axis',(-0.90630778703665,-2.77210271554749E-15,-0.422618261740699));
#3245=DIRECTION('',(3.17610591024074E-15,-1.,-2.51827270592783E-16));
#3246=DIRECTION('',(3.17610591024074E-15,-1.,-2.51827270592783E-16));
#3247=DIRECTION('center_axis',(3.17610591024074E-15,-1.,-2.51827270592783E-16));
#3248=DIRECTION('ref_axis',(-0.906307787036677,-2.77210271554759E-15,-0.422618261740641));
#3249=DIRECTION('center_axis',(-3.17610591024074E-15,1.,2.51827270592783E-16));
#3250=DIRECTION('ref_axis',(0.90630778703665,2.77210271554749E-15,0.422618261740699));
#3251=DIRECTION('center_axis',(-3.17610591024074E-15,1.,2.51827270592783E-16));
#3252=DIRECTION('ref_axis',(-0.90630778703665,-2.77210271554749E-15,-0.422618261740699));
#3253=DIRECTION('center_axis',(-3.17610591024074E-15,1.,2.51827270592783E-16));
#3254=DIRECTION('ref_axis',(0.90630778703665,2.77210271554749E-15,0.422618261740699));
#3255=DIRECTION('center_axis',(-3.17610591024074E-15,1.,2.51827270592783E-16));
#3256=DIRECTION('ref_axis',(-0.90630778703665,-2.77210271554749E-15,-0.422618261740699));
#3257=DIRECTION('center_axis',(3.17610591024074E-15,-1.,-2.51827270592783E-16));
#3258=DIRECTION('ref_axis',(-0.90630778703665,-2.77210271554749E-15,-0.422618261740699));
#3259=DIRECTION('center_axis',(-3.17610591024074E-15,1.,2.51827270592783E-16));
#3260=DIRECTION('ref_axis',(-0.90630778703665,-2.77210271554749E-15,-0.422618261740699));
#3261=DIRECTION('',(3.17610591024074E-15,-1.,-2.51827270592783E-16));
#3262=DIRECTION('',(3.17610591024074E-15,-1.,-2.51827270592783E-16));
#3263=DIRECTION('center_axis',(-3.17610591024074E-15,1.,2.51827270592783E-16));
#3264=DIRECTION('ref_axis',(-0.90630778703665,-2.77210271554749E-15,-0.422618261740699));
#3265=DIRECTION('center_axis',(3.17610591024074E-15,-1.,-2.51827270592783E-16));
#3266=DIRECTION('ref_axis',(-0.90630778703665,-2.77210271554749E-15,-0.422618261740699));
#3267=DIRECTION('center_axis',(3.17610591024074E-15,-1.,-2.51827270592783E-16));
#3268=DIRECTION('ref_axis',(-0.90630778703665,-2.77210271554749E-15,-0.422618261740699));
#3269=DIRECTION('center_axis',(3.17610591024074E-15,-1.,-2.51827270592783E-16));
#3270=DIRECTION('ref_axis',(-0.90630778703665,-2.77210271554749E-15,-0.422618261740699));
#3271=DIRECTION('center_axis',(3.17610591024074E-15,-1.,-2.51827270592783E-16));
#3272=DIRECTION('ref_axis',(-0.906307787036658,-2.77210271554752E-15,-0.422618261740682));
#3273=DIRECTION('center_axis',(-3.17610591024074E-15,1.,2.51827270592783E-16));
#3274=DIRECTION('ref_axis',(-0.90630778703665,-2.77210271554749E-15,-0.422618261740699));
#3275=DIRECTION('center_axis',(-3.17610591024074E-15,1.,2.51827270592783E-16));
#3276=DIRECTION('ref_axis',(-0.90630778703665,-2.77210271554749E-15,-0.422618261740699));
#3277=DIRECTION('',(3.17610591024074E-15,-1.,-2.51827270592783E-16));
#3278=DIRECTION('',(3.17610591024074E-15,-1.,-2.51827270592783E-16));
#3279=DIRECTION('center_axis',(3.17610591024074E-15,-1.,-2.51827270592783E-16));
#3280=DIRECTION('ref_axis',(-0.90630778703665,-2.77210271554749E-15,-0.422618261740699));
#3281=DIRECTION('center_axis',(-3.17610591024074E-15,1.,2.51827270592783E-16));
#3282=DIRECTION('ref_axis',(0.90630778703665,2.77210271554749E-15,0.422618261740699));
#3283=DIRECTION('center_axis',(-3.17610591024074E-15,1.,2.51827270592783E-16));
#3284=DIRECTION('ref_axis',(-0.90630778703665,-2.77210271554749E-15,-0.422618261740699));
#3285=DIRECTION('center_axis',(3.17610591024074E-15,-1.,-2.51827270592783E-16));
#3286=DIRECTION('ref_axis',(-0.90630778703665,-2.77210271554749E-15,-0.422618261740699));
#3287=DIRECTION('center_axis',(3.17610591024074E-15,-1.,-2.51827270592783E-16));
#3288=DIRECTION('ref_axis',(-0.90630778703665,-2.77210271554749E-15,-0.422618261740699));
#3289=DIRECTION('center_axis',(-3.17610591024074E-15,1.,2.51827270592783E-16));
#3290=DIRECTION('ref_axis',(-0.90630778703665,-2.77210271554749E-15,-0.422618261740699));
#3291=DIRECTION('center_axis',(-3.17610591024074E-15,1.,2.51827270592783E-16));
#3292=DIRECTION('ref_axis',(-0.90630778703665,-2.77210271554749E-15,-0.422618261740699));
#3293=DIRECTION('',(3.17610591024074E-15,-1.,-2.51827270592783E-16));
#3294=DIRECTION('',(3.17610591024074E-15,-1.,-2.51827270592783E-16));
#3295=DIRECTION('center_axis',(3.17610591024074E-15,-1.,-2.51827270592783E-16));
#3296=DIRECTION('ref_axis',(-0.90630778703665,-2.77210271554749E-15,-0.422618261740699));
#3297=DIRECTION('center_axis',(-3.17610591024074E-15,1.,2.51827270592783E-16));
#3298=DIRECTION('ref_axis',(0.90630778703665,2.77210271554749E-15,0.422618261740699));
#3299=DIRECTION('center_axis',(-3.17610591024074E-15,1.,2.51827270592783E-16));
#3300=DIRECTION('ref_axis',(-0.90630778703665,-2.77210271554749E-15,-0.422618261740699));
#3301=DIRECTION('center_axis',(3.17610591024074E-15,-1.,-2.51827270592783E-16));
#3302=DIRECTION('ref_axis',(-0.90630778703665,-2.77210271554749E-15,-0.422618261740699));
#3303=DIRECTION('center_axis',(3.17610591024074E-15,-1.,-2.51827270592783E-16));
#3304=DIRECTION('ref_axis',(-0.90630778703665,-2.77210271554749E-15,-0.422618261740699));
#3305=DIRECTION('center_axis',(-3.17610591024074E-15,1.,2.51827270592783E-16));
#3306=DIRECTION('ref_axis',(-0.90630778703665,-2.77210271554749E-15,-0.422618261740699));
#3307=DIRECTION('center_axis',(-3.17610591024074E-15,1.,2.51827270592783E-16));
#3308=DIRECTION('ref_axis',(-0.90630778703665,-2.77210271554749E-15,-0.422618261740699));
#3309=DIRECTION('',(3.17610591024074E-15,-1.,-2.51827270592783E-16));
#3310=DIRECTION('',(3.17610591024074E-15,-1.,-2.51827270592783E-16));
#3311=DIRECTION('center_axis',(3.17610591024074E-15,-1.,-2.51827270592783E-16));
#3312=DIRECTION('ref_axis',(-0.90630778703665,-2.77210271554749E-15,-0.422618261740699));
#3313=DIRECTION('center_axis',(-3.17610591024074E-15,1.,2.51827270592783E-16));
#3314=DIRECTION('ref_axis',(0.90630778703665,2.77210271554749E-15,0.422618261740699));
#3315=DIRECTION('center_axis',(-3.17610591024074E-15,1.,2.51827270592783E-16));
#3316=DIRECTION('ref_axis',(-0.90630778703665,-2.77210271554749E-15,-0.422618261740699));
#3317=DIRECTION('center_axis',(-3.17610591024074E-15,1.,2.51827270592783E-16));
#3318=DIRECTION('ref_axis',(0.90630778703665,2.77210271554749E-15,0.422618261740699));
#3319=DIRECTION('center_axis',(-3.17610591024074E-15,1.,2.51827270592783E-16));
#3320=DIRECTION('ref_axis',(-0.90630778703665,-2.77210271554749E-15,-0.422618261740699));
#3321=DIRECTION('center_axis',(3.17610591024074E-15,-1.,-2.51827270592783E-16));
#3322=DIRECTION('ref_axis',(-0.90630778703665,-2.77210271554749E-15,-0.422618261740699));
#3323=DIRECTION('center_axis',(-3.17610591024074E-15,1.,2.51827270592783E-16));
#3324=DIRECTION('ref_axis',(-0.90630778703665,-2.77210271554749E-15,-0.422618261740699));
#3325=DIRECTION('',(3.17610591024074E-15,-1.,-2.51827270592783E-16));
#3326=DIRECTION('center_axis',(-3.17610591024074E-15,1.,2.51827270592783E-16));
#3327=DIRECTION('ref_axis',(-0.90630778703665,-2.77210271554749E-15,-0.422618261740699));
#3328=DIRECTION('center_axis',(3.17610591024074E-15,-1.,-2.51827270592783E-16));
#3329=DIRECTION('ref_axis',(-0.90630778703665,-2.77210271554749E-15,-0.422618261740699));
#3330=DIRECTION('center_axis',(3.17610591024074E-15,-1.,-2.51827270592783E-16));
#3331=DIRECTION('ref_axis',(-0.906307787036648,-2.77210271554748E-15,-0.422618261740703));
#3332=DIRECTION('center_axis',(-3.17610591024074E-15,1.,2.51827270592783E-16));
#3333=DIRECTION('ref_axis',(0.90630778703665,2.77210271554749E-15,0.422618261740699));
#3334=DIRECTION('center_axis',(-3.17610591024074E-15,1.,2.51827270592783E-16));
#3335=DIRECTION('ref_axis',(-0.90630778703665,-2.77210271554749E-15,-0.422618261740699));
#3336=DIRECTION('center_axis',(3.17610591024074E-15,-1.,-2.51827270592783E-16));
#3337=DIRECTION('ref_axis',(-0.90630778703665,-2.77210271554749E-15,-0.422618261740699));
#3338=DIRECTION('center_axis',(-3.17610591024074E-15,1.,2.51827270592783E-16));
#3339=DIRECTION('ref_axis',(-0.90630778703665,-2.77210271554749E-15,-0.422618261740699));
#3340=DIRECTION('',(3.17610591024074E-15,-1.,-2.51827270592783E-16));
#3341=DIRECTION('',(3.17610591024074E-15,-1.,-2.51827270592783E-16));
#3342=DIRECTION('center_axis',(-3.17610591024074E-15,1.,2.51827270592783E-16));
#3343=DIRECTION('ref_axis',(-0.90630778703665,-2.77210271554749E-15,-0.422618261740699));
#3344=DIRECTION('center_axis',(3.17610591024074E-15,-1.,-2.51827270592783E-16));
#3345=DIRECTION('ref_axis',(-0.90630778703665,-2.77210271554749E-15,-0.422618261740699));
#3346=DIRECTION('center_axis',(3.17610591024074E-15,-1.,-2.51827270592783E-16));
#3347=DIRECTION('ref_axis',(-0.90630778703665,-2.77210271554749E-15,-0.422618261740699));
#3348=DIRECTION('center_axis',(-3.17610591024074E-15,1.,2.51827270592783E-16));
#3349=DIRECTION('ref_axis',(0.90630778703665,2.77210271554749E-15,0.422618261740699));
#3350=DIRECTION('center_axis',(-3.17610591024074E-15,1.,2.51827270592783E-16));
#3351=DIRECTION('ref_axis',(-0.90630778703665,-2.77210271554749E-15,-0.422618261740699));
#3352=DIRECTION('center_axis',(3.17610591024074E-15,-1.,-2.51827270592783E-16));
#3353=DIRECTION('ref_axis',(-0.90630778703665,-2.77210271554749E-15,-0.422618261740698));
#3354=DIRECTION('center_axis',(-3.17610591024074E-15,1.,2.51827270592783E-16));
#3355=DIRECTION('ref_axis',(-0.90630778703665,-2.77210271554749E-15,-0.422618261740699));
#3356=DIRECTION('',(3.17610591024074E-15,-1.,-2.51827270592783E-16));
#3357=DIRECTION('',(3.17610591024074E-15,-1.,-2.51827270592783E-16));
#3358=DIRECTION('center_axis',(-3.17610591024074E-15,1.,2.51827270592783E-16));
#3359=DIRECTION('ref_axis',(-0.90630778703665,-2.77210271554749E-15,-0.422618261740699));
#3360=DIRECTION('center_axis',(3.17610591024074E-15,-1.,-2.51827270592783E-16));
#3361=DIRECTION('ref_axis',(-0.90630778703665,-2.77210271554749E-15,-0.422618261740699));
#3362=DIRECTION('center_axis',(3.17610591024074E-15,-1.,-2.51827270592783E-16));
#3363=DIRECTION('ref_axis',(-0.90630778703665,-2.77210271554749E-15,-0.422618261740699));
#3364=DIRECTION('center_axis',(3.17610591024074E-15,-1.,-2.51827270592783E-16));
#3365=DIRECTION('ref_axis',(-0.90630778703665,-2.77210271554749E-15,-0.422618261740699));
#3366=DIRECTION('center_axis',(3.17610591024074E-15,-1.,-2.51827270592783E-16));
#3367=DIRECTION('ref_axis',(-0.90630778703665,-2.77210271554749E-15,-0.422618261740699));
#3368=DIRECTION('center_axis',(-3.17610591024074E-15,1.,2.51827270592783E-16));
#3369=DIRECTION('ref_axis',(-0.90630778703665,-2.77210271554749E-15,-0.422618261740699));
#3370=DIRECTION('center_axis',(-3.17610591024074E-15,1.,2.51827270592783E-16));
#3371=DIRECTION('ref_axis',(-0.90630778703665,-2.77210271554749E-15,-0.422618261740699));
#3372=DIRECTION('',(3.17610591024074E-15,-1.,-2.51827270592783E-16));
#3373=DIRECTION('',(3.17610591024074E-15,-1.,-2.51827270592783E-16));
#3374=DIRECTION('center_axis',(3.17610591024074E-15,-1.,-2.51827270592783E-16));
#3375=DIRECTION('ref_axis',(-0.90630778703665,-2.77210271554749E-15,-0.422618261740699));
#3376=DIRECTION('center_axis',(-3.17610591024074E-15,1.,2.51827270592783E-16));
#3377=DIRECTION('ref_axis',(0.90630778703665,2.77210271554749E-15,0.422618261740699));
#3378=DIRECTION('center_axis',(-3.17610591024074E-15,1.,2.51827270592783E-16));
#3379=DIRECTION('ref_axis',(-0.90630778703665,-2.77210271554749E-15,-0.422618261740699));
#3380=DIRECTION('center_axis',(-3.17610591024074E-15,1.,2.51827270592783E-16));
#3381=DIRECTION('ref_axis',(0.90630778703665,2.77210271554749E-15,0.422618261740699));
#3382=DIRECTION('center_axis',(-3.17610591024074E-15,1.,2.51827270592783E-16));
#3383=DIRECTION('ref_axis',(-0.90630778703665,-2.77210271554749E-15,-0.422618261740699));
#3384=DIRECTION('center_axis',(3.17610591024074E-15,-1.,-2.51827270592783E-16));
#3385=DIRECTION('ref_axis',(-0.90630778703665,-2.77210271554749E-15,-0.422618261740698));
#3386=DIRECTION('center_axis',(-3.17610591024074E-15,1.,2.51827270592783E-16));
#3387=DIRECTION('ref_axis',(-0.90630778703665,-2.77210271554749E-15,-0.422618261740699));
#3388=DIRECTION('',(3.17610591024074E-15,-1.,-2.51827270592783E-16));
#3389=DIRECTION('',(3.17610591024074E-15,-1.,-2.51827270592783E-16));
#3390=DIRECTION('center_axis',(-3.17610591024074E-15,1.,2.51827270592783E-16));
#3391=DIRECTION('ref_axis',(-0.90630778703665,-2.77210271554749E-15,-0.422618261740699));
#3392=DIRECTION('center_axis',(3.17610591024074E-15,-1.,-2.51827270592783E-16));
#3393=DIRECTION('ref_axis',(-0.90630778703665,-2.77210271554749E-15,-0.422618261740699));
#3394=DIRECTION('center_axis',(3.17610591024074E-15,-1.,-2.51827270592783E-16));
#3395=DIRECTION('ref_axis',(-0.90630778703665,-2.77210271554749E-15,-0.422618261740699));
#3396=DIRECTION('center_axis',(-3.17610591024074E-15,1.,2.51827270592783E-16));
#3397=DIRECTION('ref_axis',(-0.90630778703665,-2.77210271554749E-15,-0.422618261740699));
#3398=DIRECTION('',(-3.17610591024074E-15,1.,2.51827270592783E-16));
#3399=DIRECTION('center_axis',(-3.17610591024074E-15,1.,2.51827270592783E-16));
#3400=DIRECTION('ref_axis',(-0.90630778703665,-2.77210271554749E-15,-0.422618261740699));
#3401=DIRECTION('center_axis',(3.17610591024074E-15,-1.,-2.51827270592783E-16));
#3402=DIRECTION('ref_axis',(-0.90630778703665,-2.77210271554749E-15,-0.422618261740699));
#3403=DIRECTION('center_axis',(3.17610591024074E-15,-1.,-2.51827270592783E-16));
#3404=DIRECTION('ref_axis',(-0.90630778703665,-2.77210271554749E-15,-0.422618261740699));
#3405=DIRECTION('center_axis',(-3.17610591024074E-15,1.,2.51827270592783E-16));
#3406=DIRECTION('ref_axis',(-0.90630778703665,-2.77210271554749E-15,-0.422618261740699));
#3407=DIRECTION('center_axis',(3.17610591024074E-15,-1.,-2.51827270592783E-16));
#3408=DIRECTION('ref_axis',(-0.73135370161917,-2.1511110286258E-15,-0.681998360062499));
#3409=DIRECTION('center_axis',(3.17610591024074E-15,-1.,-2.51827270592783E-16));
#3410=DIRECTION('ref_axis',(-0.906307787036648,-2.77210271554748E-15,-0.422618261740704));
#3411=DIRECTION('',(3.17610591024074E-15,-1.,-2.51827270592783E-16));
#3412=DIRECTION('center_axis',(-0.73135370161917,-2.1511110286258E-15,-0.681998360062499));
#3413=DIRECTION('ref_axis',(0.681998360062499,2.35027382868568E-15,-0.73135370161917));
#3414=DIRECTION('',(0.681998360062499,2.35027382868568E-15,-0.73135370161917));
#3415=DIRECTION('',(3.17610591024074E-15,-1.,-2.51827270592783E-16));
#3416=DIRECTION('',(0.681998360062499,2.35027382868568E-15,-0.73135370161917));
#3417=DIRECTION('',(-3.17610591024074E-15,1.,2.51827270592783E-16));
#3418=DIRECTION('center_axis',(-3.17610591024074E-15,1.,2.51827270592783E-16));
#3419=DIRECTION('ref_axis',(-0.90630778703665,-2.77210271554749E-15,-0.422618261740699));
#3420=DIRECTION('center_axis',(3.17610591024074E-15,-1.,-2.51827270592783E-16));
#3421=DIRECTION('ref_axis',(-0.90630778703665,-2.77210271554749E-15,-0.422618261740699));
#3422=DIRECTION('center_axis',(3.17610591024074E-15,-1.,-2.51827270592783E-16));
#3423=DIRECTION('ref_axis',(0.73135370161917,2.1511110286258E-15,0.681998360062499));
#3424=DIRECTION('',(-3.17610591024074E-15,1.,2.51827270592783E-16));
#3425=DIRECTION('center_axis',(-0.484809620246336,-1.31955360655038E-15,
-0.874619707139397));
#3426=DIRECTION('ref_axis',(0.874619707139396,2.89997310448222E-15,-0.484809620246336));
#3427=DIRECTION('',(-3.10713473891084E-15,1.,2.13595926035317E-16));
#3428=DIRECTION('',(0.874619707139396,2.89997310448222E-15,-0.484809620246336));
#3429=DIRECTION('',(3.17610591024074E-15,-1.,-2.51827270592783E-16));
#3430=DIRECTION('',(0.874619707139396,2.89997310448222E-15,-0.484809620246336));
#3431=DIRECTION('center_axis',(-3.17610591024074E-15,1.,2.51827270592783E-16));
#3432=DIRECTION('ref_axis',(-0.90630778703665,-2.77210271554749E-15,-0.422618261740699));
#3433=DIRECTION('center_axis',(3.17610591024074E-15,-1.,-2.51827270592783E-16));
#3434=DIRECTION('ref_axis',(-0.906307787036651,-2.77210271554749E-15,-0.422618261740698));
#3435=DIRECTION('center_axis',(3.17610591024074E-15,-1.,-2.51827270592783E-16));
#3436=DIRECTION('ref_axis',(0.484809620246336,1.31955360655038E-15,0.874619707139397));
#3437=DIRECTION('',(-3.17610591024074E-15,1.,2.51827270592783E-16));
#3438=DIRECTION('center_axis',(-3.17610591024074E-15,1.,2.51827270592783E-16));
#3439=DIRECTION('ref_axis',(-0.90630778703665,-2.77210271554749E-15,-0.422618261740699));
#3440=DIRECTION('center_axis',(3.17610591024074E-15,-1.,-2.51827270592783E-16));
#3441=DIRECTION('ref_axis',(0.874619707139398,2.89997310448223E-15,-0.484809620246333));
#3442=DIRECTION('center_axis',(3.17610591024074E-15,-1.,-2.51827270592783E-16));
#3443=DIRECTION('ref_axis',(-0.90630778703665,-2.77210271554749E-15,-0.422618261740699));
#3444=DIRECTION('',(3.17610591024074E-15,-1.,-2.51827270592783E-16));
#3445=DIRECTION('center_axis',(0.874619707139398,2.89997310448223E-15,-0.484809620246333));
#3446=DIRECTION('ref_axis',(0.484809620246333,1.31955360655037E-15,0.874619707139398));
#3447=DIRECTION('',(0.484809620246333,1.31955360655037E-15,0.874619707139398));
#3448=DIRECTION('',(0.484809620246333,1.31955360655037E-15,0.874619707139398));
#3449=DIRECTION('',(-3.17610591024074E-15,1.,2.51827270592783E-16));
#3450=DIRECTION('center_axis',(-3.17610591024074E-15,1.,2.51827270592783E-16));
#3451=DIRECTION('ref_axis',(0.820807390945961,2.46312619293363E-15,0.571205065601211));
#3452=DIRECTION('center_axis',(3.17610591024074E-15,-1.,-2.51827270592783E-16));
#3453=DIRECTION('ref_axis',(-0.90630778703665,-2.77210271554749E-15,-0.422618261740699));
#3454=DIRECTION('center_axis',(3.17610591024074E-15,-1.,-2.51827270592783E-16));
#3455=DIRECTION('ref_axis',(-0.874619707139398,-2.89997310448223E-15,0.484809620246333));
#3456=DIRECTION('center_axis',(-3.17610591024074E-15,1.,2.51827270592783E-16));
#3457=DIRECTION('ref_axis',(-0.90630778703665,-2.77210271554749E-15,-0.422618261740699));
#3458=DIRECTION('center_axis',(3.17610591024074E-15,-1.,-2.51827270592783E-16));
#3459=DIRECTION('ref_axis',(0.981627183447665,3.16580280751133E-15,-0.190808995376539));
#3460=DIRECTION('center_axis',(3.17610591024074E-15,-1.,-2.51827270592783E-16));
#3461=DIRECTION('ref_axis',(-0.90630778703665,-2.77210271554749E-15,-0.422618261740699));
#3462=DIRECTION('',(3.17610591024074E-15,-1.,-2.51827270592783E-16));
#3463=DIRECTION('center_axis',(0.981627183447665,3.16580280751133E-15,-0.190808995376539));
#3464=DIRECTION('ref_axis',(0.190808995376539,3.58829083595218E-16,0.981627183447665));
#3465=DIRECTION('',(0.190808995376539,3.58829083595219E-16,0.981627183447665));
#3466=DIRECTION('',(0.190808995376539,3.58829083595219E-16,0.981627183447665));
#3467=DIRECTION('',(-3.17610591024074E-15,1.,2.51827270592783E-16));
#3468=DIRECTION('center_axis',(-3.17610591024074E-15,1.,2.51827270592783E-16));
#3469=DIRECTION('ref_axis',(-0.90630778703665,-2.77210271554749E-15,-0.422618261740699));
#3470=DIRECTION('center_axis',(3.17610591024074E-15,-1.,-2.51827270592783E-16));
#3471=DIRECTION('ref_axis',(-0.90630778703665,-2.77210271554749E-15,-0.422618261740699));
#3472=DIRECTION('center_axis',(3.17610591024074E-15,-1.,-2.51827270592783E-16));
#3473=DIRECTION('ref_axis',(-0.981627183447665,-3.16580280751133E-15,0.190808995376539));
#3474=DIRECTION('center_axis',(-3.17610591024074E-15,1.,2.51827270592783E-16));
#3475=DIRECTION('ref_axis',(-0.90630778703665,-2.77210271554749E-15,-0.422618261740699));
#3476=DIRECTION('center_axis',(3.17610591024074E-15,-1.,-2.51827270592783E-16));
#3477=DIRECTION('ref_axis',(0.992546151641321,3.12174167429605E-15,0.121869343405154));
#3478=DIRECTION('center_axis',(3.17610591024074E-15,-1.,-2.51827270592783E-16));
#3479=DIRECTION('ref_axis',(-0.90630778703665,-2.77210271554748E-15,-0.4226182617407));
#3480=DIRECTION('',(3.17610591024074E-15,-1.,-2.51827270592783E-16));
#3481=DIRECTION('center_axis',(0.992546151641321,3.12174167429605E-15,0.121869343405154));
#3482=DIRECTION('ref_axis',(-0.121869343405154,-6.37020130171472E-16,0.992546151641321));
#3483=DIRECTION('',(-0.121869343405154,-6.37020130171473E-16,0.992546151641321));
#3484=DIRECTION('',(-0.121869343405154,-6.37020130171473E-16,0.992546151641321));
#3485=DIRECTION('',(-3.17610591024074E-15,1.,2.51827270592783E-16));
#3486=DIRECTION('center_axis',(-3.17610591024074E-15,1.,2.51827270592783E-16));
#3487=DIRECTION('ref_axis',(-0.90630778703665,-2.77210271554749E-15,-0.422618261740699));
#3488=DIRECTION('center_axis',(3.17610591024074E-15,-1.,-2.51827270592783E-16));
#3489=DIRECTION('ref_axis',(-0.906307787036648,-2.77210271554748E-15,-0.422618261740704));
#3490=DIRECTION('center_axis',(3.17610591024074E-15,-1.,-2.51827270592783E-16));
#3491=DIRECTION('ref_axis',(-0.992546151641321,-3.12174167429605E-15,-0.121869343405154));
#3492=DIRECTION('center_axis',(-3.17610591024074E-15,1.,2.51827270592783E-16));
#3493=DIRECTION('ref_axis',(-0.90630778703665,-2.77210271554749E-15,-0.422618261740699));
#3494=DIRECTION('center_axis',(3.17610591024074E-15,-1.,-2.51827270592783E-16));
#3495=DIRECTION('ref_axis',(0.90630778703665,2.77210271554749E-15,0.422618261740699));
#3496=DIRECTION('center_axis',(3.17610591024074E-15,-1.,-2.51827270592783E-16));
#3497=DIRECTION('ref_axis',(-0.906307787036651,-2.77210271554749E-15,-0.422618261740698));
#3498=DIRECTION('',(3.17610591024074E-15,-1.,-2.51827270592783E-16));
#3499=DIRECTION('center_axis',(0.90630778703665,2.77210271554749E-15,0.422618261740699));
#3500=DIRECTION('ref_axis',(-3.17610591024074E-15,1.,2.51827270592783E-16));
#3501=DIRECTION('',(-0.422618261740699,-1.57051337521673E-15,0.90630778703665));
#3502=DIRECTION('',(3.17610591024074E-15,-1.,-2.51827270592783E-16));
#3503=DIRECTION('',(-0.422618261740699,-1.57051337521673E-15,0.90630778703665));
#3504=DIRECTION('',(-3.17610591024074E-15,1.,2.51827270592783E-16));
#3505=DIRECTION('center_axis',(-3.17610591024074E-15,1.,2.51827270592783E-16));
#3506=DIRECTION('ref_axis',(-0.90630778703665,-2.77210271554749E-15,-0.422618261740699));
#3507=DIRECTION('center_axis',(3.17610591024074E-15,-1.,-2.51827270592783E-16));
#3508=DIRECTION('ref_axis',(-0.906307787036648,-2.77210271554748E-15,-0.422618261740704));
#3509=DIRECTION('center_axis',(3.17610591024074E-15,-1.,-2.51827270592783E-16));
#3510=DIRECTION('ref_axis',(-0.90630778703665,-2.77210271554749E-15,-0.422618261740699));
#3511=DIRECTION('',(-3.17610591024074E-15,1.,2.51827270592783E-16));
#3512=DIRECTION('center_axis',(-3.17610591024074E-15,1.,2.51827270592783E-16));
#3513=DIRECTION('ref_axis',(-0.90630778703665,-2.77210271554749E-15,-0.422618261740699));
#3514=DIRECTION('center_axis',(3.17610591024074E-15,-1.,-2.51827270592783E-16));
#3515=DIRECTION('ref_axis',(0.731353701619165,2.15111102862578E-15,0.681998360062504));
#3516=DIRECTION('center_axis',(3.17610591024074E-15,-1.,-2.51827270592783E-16));
#3517=DIRECTION('ref_axis',(-0.90630778703665,-2.77210271554749E-15,-0.422618261740699));
#3518=DIRECTION('center_axis',(0.731353701619165,2.15111102862578E-15,0.681998360062504));
#3519=DIRECTION('ref_axis',(-0.681998360062504,-2.3502738286857E-15,0.731353701619165));
#3520=DIRECTION('',(-0.681998360062504,-2.3502738286857E-15,0.731353701619165));
#3521=DIRECTION('',(3.17610591024074E-15,-1.,-2.51827270592783E-16));
#3522=DIRECTION('',(-0.681998360062504,-2.3502738286857E-15,0.731353701619165));
#3523=DIRECTION('center_axis',(-3.17610591024074E-15,1.,2.51827270592783E-16));
#3524=DIRECTION('ref_axis',(-0.90630778703665,-2.77210271554749E-15,-0.422618261740699));
#3525=DIRECTION('center_axis',(3.17610591024074E-15,-1.,-2.51827270592783E-16));
#3526=DIRECTION('ref_axis',(-0.906307787036651,-2.77210271554749E-15,-0.422618261740697));
#3527=DIRECTION('center_axis',(3.17610591024074E-15,-1.,-2.51827270592783E-16));
#3528=DIRECTION('ref_axis',(-0.731353701619165,-2.15111102862578E-15,-0.681998360062504));
#3529=DIRECTION('',(-3.17610591024074E-15,1.,2.51827270592783E-16));
#3530=DIRECTION('center_axis',(-3.17610591024074E-15,1.,2.51827270592783E-16));
#3531=DIRECTION('ref_axis',(-0.90630778703665,-2.77210271554749E-15,-0.422618261740699));
#3532=DIRECTION('center_axis',(3.17610591024074E-15,-1.,-2.51827270592783E-16));
#3533=DIRECTION('ref_axis',(0.484809620246329,1.31955360655036E-15,0.8746197071394));
#3534=DIRECTION('center_axis',(3.17610591024074E-15,-1.,-2.51827270592783E-16));
#3535=DIRECTION('ref_axis',(-0.906307787036651,-2.77210271554749E-15,-0.422618261740696));
#3536=DIRECTION('center_axis',(0.48480962024633,1.31955360655036E-15,0.8746197071394));
#3537=DIRECTION('ref_axis',(-0.8746197071394,-2.89997310448223E-15,0.484809620246329));
#3538=DIRECTION('',(-0.8746197071394,-2.89997310448223E-15,0.484809620246329));
#3539=DIRECTION('',(3.17610591024074E-15,-1.,-2.51827270592783E-16));
#3540=DIRECTION('',(-0.8746197071394,-2.89997310448223E-15,0.484809620246329));
#3541=DIRECTION('center_axis',(-3.17610591024074E-15,1.,2.51827270592783E-16));
#3542=DIRECTION('ref_axis',(-0.90630778703665,-2.77210271554749E-15,-0.422618261740699));
#3543=DIRECTION('center_axis',(3.17610591024074E-15,-1.,-2.51827270592783E-16));
#3544=DIRECTION('ref_axis',(-0.906307787036646,-2.77210271554747E-15,-0.422618261740707));
#3545=DIRECTION('center_axis',(3.17610591024074E-15,-1.,-2.51827270592783E-16));
#3546=DIRECTION('ref_axis',(-0.484809620246329,-1.31955360655036E-15,-0.8746197071394));
#3547=DIRECTION('',(-3.17610591024074E-15,1.,2.51827270592783E-16));
#3548=DIRECTION('center_axis',(-3.17610591024074E-15,1.,2.51827270592783E-16));
#3549=DIRECTION('ref_axis',(0.965173287224277,2.99961169665124E-15,0.261611401947018));
#3550=DIRECTION('center_axis',(3.17610591024074E-15,-1.,-2.51827270592783E-16));
#3551=DIRECTION('ref_axis',(0.190808995376535,3.58829083595206E-16,0.981627183447666));
#3552=DIRECTION('center_axis',(3.17610591024074E-15,-1.,-2.51827270592783E-16));
#3553=DIRECTION('ref_axis',(-0.90630778703665,-2.77210271554749E-15,-0.422618261740699));
#3554=DIRECTION('center_axis',(0.190808995376535,3.58829083595206E-16,0.981627183447666));
#3555=DIRECTION('ref_axis',(-0.981627183447666,-3.16580280751133E-15,0.190808995376535));
#3556=DIRECTION('',(-0.981627183447666,-3.16580280751133E-15,0.190808995376535));
#3557=DIRECTION('',(3.17610591024074E-15,-1.,-2.51827270592783E-16));
#3558=DIRECTION('',(-0.981627183447666,-3.16580280751133E-15,0.190808995376535));
#3559=DIRECTION('center_axis',(-3.17610591024074E-15,1.,2.51827270592783E-16));
#3560=DIRECTION('ref_axis',(-0.90630778703665,-2.77210271554749E-15,-0.422618261740699));
#3561=DIRECTION('center_axis',(3.17610591024074E-15,-1.,-2.51827270592783E-16));
#3562=DIRECTION('ref_axis',(-0.90630778703665,-2.77210271554749E-15,-0.422618261740699));
#3563=DIRECTION('center_axis',(3.17610591024074E-15,-1.,-2.51827270592783E-16));
#3564=DIRECTION('ref_axis',(-0.190808995376535,-3.58829083595206E-16,-0.981627183447666));
#3565=DIRECTION('',(-3.17610591024074E-15,1.,2.51827270592783E-16));
#3566=DIRECTION('center_axis',(-3.17610591024074E-15,1.,2.51827270592783E-16));
#3567=DIRECTION('ref_axis',(0.837091975044772,2.52092759451969E-15,0.547062176827865));
#3568=DIRECTION('center_axis',(3.17610591024074E-15,-1.,-2.51827270592783E-16));
#3569=DIRECTION('ref_axis',(-0.121869343405157,-6.37020130171482E-16,0.992546151641321));
#3570=DIRECTION('center_axis',(3.17610591024074E-15,-1.,-2.51827270592783E-16));
#3571=DIRECTION('ref_axis',(-0.90630778703665,-2.77210271554749E-15,-0.422618261740699));
#3572=DIRECTION('center_axis',(-0.121869343405157,-6.37020130171482E-16,
0.992546151641321));
#3573=DIRECTION('ref_axis',(-0.992546151641321,-3.12174167429605E-15,-0.121869343405157));
#3574=DIRECTION('',(-0.992546151641321,-3.12174167429605E-15,-0.121869343405157));
#3575=DIRECTION('',(3.17610591024074E-15,-1.,-2.51827270592783E-16));
#3576=DIRECTION('',(-0.992546151641321,-3.12174167429605E-15,-0.121869343405157));
#3577=DIRECTION('center_axis',(-3.17610591024074E-15,1.,2.51827270592783E-16));
#3578=DIRECTION('ref_axis',(-0.90630778703665,-2.77210271554749E-15,-0.422618261740699));
#3579=DIRECTION('center_axis',(3.17610591024074E-15,-1.,-2.51827270592783E-16));
#3580=DIRECTION('ref_axis',(-0.90630778703665,-2.77210271554749E-15,-0.422618261740699));
#3581=DIRECTION('center_axis',(3.17610591024074E-15,-1.,-2.51827270592783E-16));
#3582=DIRECTION('ref_axis',(0.121869343405157,6.37020130171482E-16,-0.992546151641321));
#3583=DIRECTION('',(-3.17610591024074E-15,1.,2.51827270592783E-16));
#3584=DIRECTION('center_axis',(-3.17610591024074E-15,1.,2.51827270592783E-16));
#3585=DIRECTION('ref_axis',(-0.90630778703665,-2.77210271554749E-15,-0.422618261740699));
#3586=DIRECTION('center_axis',(3.17610591024074E-15,-1.,-2.51827270592783E-16));
#3587=DIRECTION('ref_axis',(-0.422618261740709,-1.57051337521676E-15,0.906307787036646));
#3588=DIRECTION('center_axis',(3.17610591024074E-15,-1.,-2.51827270592783E-16));
#3589=DIRECTION('ref_axis',(-0.90630778703665,-2.77210271554749E-15,-0.422618261740699));
#3590=DIRECTION('',(3.17610591024074E-15,-1.,-2.51827270592783E-16));
#3591=DIRECTION('center_axis',(-0.422618261740709,-1.57051337521676E-15,
0.906307787036646));
#3592=DIRECTION('ref_axis',(-0.906307787036646,-2.77210271554747E-15,-0.422618261740709));
#3593=DIRECTION('',(-0.906307787036645,-2.77210271554747E-15,-0.422618261740709));
#3594=DIRECTION('',(3.17610591024074E-15,-1.,-2.51827270592783E-16));
#3595=DIRECTION('',(-0.906307787036645,-2.77210271554747E-15,-0.422618261740709));
#3596=DIRECTION('',(-3.17610591024074E-15,1.,2.51827270592783E-16));
#3597=DIRECTION('center_axis',(-3.17610591024074E-15,1.,2.51827270592783E-16));
#3598=DIRECTION('ref_axis',(-0.90630778703665,-2.77210271554749E-15,-0.422618261740699));
#3599=DIRECTION('center_axis',(3.17610591024074E-15,-1.,-2.51827270592783E-16));
#3600=DIRECTION('ref_axis',(-0.90630778703665,-2.77210271554749E-15,-0.422618261740699));
#3601=DIRECTION('center_axis',(3.17610591024074E-15,-1.,-2.51827270592783E-16));
#3602=DIRECTION('ref_axis',(0.422618261740709,1.57051337521676E-15,-0.906307787036646));
#3603=DIRECTION('',(-3.17610591024074E-15,1.,2.51827270592783E-16));
#3604=DIRECTION('center_axis',(-3.17610591024074E-15,1.,2.51827270592783E-16));
#3605=DIRECTION('ref_axis',(-0.90630778703665,-2.77210271554749E-15,-0.422618261740699));
#3606=DIRECTION('center_axis',(3.17610591024074E-15,-1.,-2.51827270592783E-16));
#3607=DIRECTION('ref_axis',(-0.681998360062507,-2.3502738286857E-15,0.731353701619163));
#3608=DIRECTION('center_axis',(3.17610591024074E-15,-1.,-2.51827270592783E-16));
#3609=DIRECTION('ref_axis',(-0.90630778703665,-2.77210271554749E-15,-0.422618261740699));
#3610=DIRECTION('',(3.17610591024074E-15,-1.,-2.51827270592783E-16));
#3611=DIRECTION('center_axis',(-0.681998360062507,-2.3502738286857E-15,
0.731353701619163));
#3612=DIRECTION('ref_axis',(-0.731353701619163,-2.15111102862577E-15,-0.681998360062507));
#3613=DIRECTION('',(-0.731353701619163,-2.15111102862577E-15,-0.681998360062507));
#3614=DIRECTION('',(3.17610591024074E-15,-1.,-2.51827270592783E-16));
#3615=DIRECTION('',(-0.731353701619163,-2.15111102862577E-15,-0.681998360062507));
#3616=DIRECTION('',(-3.17610591024074E-15,1.,2.51827270592783E-16));
#3617=DIRECTION('center_axis',(-3.17610591024074E-15,1.,2.51827270592783E-16));
#3618=DIRECTION('ref_axis',(-0.90630778703665,-2.77210271554749E-15,-0.422618261740699));
#3619=DIRECTION('center_axis',(3.17610591024074E-15,-1.,-2.51827270592783E-16));
#3620=DIRECTION('ref_axis',(-0.874619707139402,-2.89997310448224E-15,0.484809620246326));
#3621=DIRECTION('center_axis',(3.17610591024074E-15,-1.,-2.51827270592783E-16));
#3622=DIRECTION('ref_axis',(-0.906307787036652,-2.77210271554749E-15,-0.422618261740695));
#3623=DIRECTION('',(3.17610591024074E-15,-1.,-2.51827270592783E-16));
#3624=DIRECTION('center_axis',(-0.874619707139402,-2.89997310448224E-15,
0.484809620246326));
#3625=DIRECTION('ref_axis',(-0.484809620246326,-1.31955360655035E-15,-0.874619707139402));
#3626=DIRECTION('',(-0.484809620246326,-1.31955360655035E-15,-0.874619707139402));
#3627=DIRECTION('',(3.17610591024074E-15,-1.,-2.51827270592783E-16));
#3628=DIRECTION('',(-0.484809620246326,-1.31955360655035E-15,-0.874619707139402));
#3629=DIRECTION('',(-3.17610591024074E-15,1.,2.51827270592783E-16));
#3630=DIRECTION('center_axis',(-3.17610591024074E-15,1.,2.51827270592783E-16));
#3631=DIRECTION('ref_axis',(-0.90630778703665,-2.77210271554749E-15,-0.422618261740699));
#3632=DIRECTION('center_axis',(3.17610591024074E-15,-1.,-2.51827270592783E-16));
#3633=DIRECTION('ref_axis',(-0.981627183447667,-3.16580280751133E-15,0.190808995376532));
#3634=DIRECTION('center_axis',(3.17610591024074E-15,-1.,-2.51827270592783E-16));
#3635=DIRECTION('ref_axis',(-0.906307787036646,-2.77210271554747E-15,-0.422618261740707));
#3636=DIRECTION('',(3.17610591024074E-15,-1.,-2.51827270592783E-16));
#3637=DIRECTION('center_axis',(-0.981627183447667,-3.16580280751133E-15,
0.190808995376532));
#3638=DIRECTION('ref_axis',(-0.190808995376532,-3.58829083595195E-16,-0.981627183447667));
#3639=DIRECTION('',(-0.190808995376532,-3.58829083595195E-16,-0.981627183447666));
#3640=DIRECTION('',(3.17610591024074E-15,-1.,-2.51827270592783E-16));
#3641=DIRECTION('',(-0.190808995376532,-3.58829083595195E-16,-0.981627183447666));
#3642=DIRECTION('',(-3.17610591024074E-15,1.,2.51827270592783E-16));
#3643=DIRECTION('center_axis',(-3.17610591024074E-15,1.,2.51827270592783E-16));
#3644=DIRECTION('ref_axis',(-0.90630778703665,-2.77210271554749E-15,-0.422618261740699));
#3645=DIRECTION('center_axis',(3.17610591024074E-15,-1.,-2.51827270592783E-16));
#3646=DIRECTION('ref_axis',(-0.90630778703665,-2.77210271554749E-15,-0.422618261740699));
#3647=DIRECTION('center_axis',(3.17610591024074E-15,-1.,-2.51827270592783E-16));
#3648=DIRECTION('ref_axis',(0.981627183447666,3.16580280751133E-15,-0.190808995376532));
#3649=DIRECTION('',(-3.17610591024074E-15,1.,2.51827270592783E-16));
#3650=DIRECTION('center_axis',(-3.17610591024074E-15,1.,2.51827270592783E-16));
#3651=DIRECTION('ref_axis',(-0.90630778703665,-2.77210271554749E-15,-0.422618261740699));
#3652=DIRECTION('center_axis',(3.17610591024074E-15,-1.,-2.51827270592783E-16));
#3653=DIRECTION('ref_axis',(-0.99254615164132,-3.12174167429605E-15,-0.12186934340516));
#3654=DIRECTION('center_axis',(3.17610591024074E-15,-1.,-2.51827270592783E-16));
#3655=DIRECTION('ref_axis',(-0.906307787036651,-2.77210271554749E-15,-0.422618261740697));
#3656=DIRECTION('',(3.17610591024074E-15,-1.,-2.51827270592783E-16));
#3657=DIRECTION('center_axis',(-0.992546151641321,-3.12174167429605E-15,
-0.121869343405161));
#3658=DIRECTION('ref_axis',(0.121869343405161,6.37020130171494E-16,-0.992546151641321));
#3659=DIRECTION('',(0.12186934340516,6.37020130171493E-16,-0.99254615164132));
#3660=DIRECTION('',(3.17610591024074E-15,-1.,-2.51827270592783E-16));
#3661=DIRECTION('',(0.121869343405161,6.37020130171493E-16,-0.99254615164132));
#3662=DIRECTION('',(-3.17610591024074E-15,1.,2.51827270592783E-16));
#3663=DIRECTION('center_axis',(-3.17610591024074E-15,1.,2.51827270592783E-16));
#3664=DIRECTION('ref_axis',(-0.90630778703665,-2.77210271554749E-15,-0.422618261740699));
#3665=DIRECTION('center_axis',(3.17610591024074E-15,-1.,-2.51827270592783E-16));
#3666=DIRECTION('ref_axis',(-0.90630778703665,-2.77210271554749E-15,-0.422618261740699));
#3667=DIRECTION('center_axis',(3.17610591024074E-15,-1.,-2.51827270592783E-16));
#3668=DIRECTION('ref_axis',(0.992546151641321,3.12174167429605E-15,0.12186934340516));
#3669=DIRECTION('',(-3.17610591024074E-15,1.,2.51827270592783E-16));
#3670=DIRECTION('center_axis',(-3.17610591024074E-15,1.,2.51827270592783E-16));
#3671=DIRECTION('ref_axis',(0.705994276002122,2.06396410282661E-15,0.708217538791747));
#3672=DIRECTION('center_axis',(-3.17610591024074E-15,1.,2.51827270592783E-16));
#3673=DIRECTION('ref_axis',(-0.90630778703665,-2.77210271554749E-15,-0.422618261740699));
#3674=DIRECTION('center_axis',(3.17610591024074E-15,-1.,-2.51827270592783E-16));
#3675=DIRECTION('ref_axis',(-0.90630778703665,-2.77210271554749E-15,-0.422618261740699));
#3676=DIRECTION('center_axis',(-3.17610591024074E-15,1.,2.51827270592783E-16));
#3677=DIRECTION('ref_axis',(-0.90630778703665,-2.77210271554749E-15,-0.422618261740699));
#3678=DIRECTION('center_axis',(-3.17610591024074E-15,1.,2.51827270592783E-16));
#3679=DIRECTION('ref_axis',(-0.90630778703665,-2.77210271554749E-15,-0.422618261740699));
#3680=DIRECTION('center_axis',(3.17610591024074E-15,-1.,-2.51827270592783E-16));
#3681=DIRECTION('ref_axis',(-0.906307787036651,-2.77210271554749E-15,-0.422618261740697));
#3682=DIRECTION('center_axis',(-3.17610591024074E-15,1.,2.51827270592783E-16));
#3683=DIRECTION('ref_axis',(0.890291711859948,2.71298097688466E-15,0.45539067600631));
#3684=DIRECTION('center_axis',(-3.17610591024074E-15,1.,2.51827270592783E-16));
#3685=DIRECTION('ref_axis',(-0.90630778703665,-2.77210271554749E-15,-0.422618261740699));
#3686=DIRECTION('center_axis',(3.17610591024074E-15,-1.,-2.51827270592783E-16));
#3687=DIRECTION('ref_axis',(-0.906307787036649,-2.77210271554748E-15,-0.422618261740701));
#3688=DIRECTION('center_axis',(-3.17610591024074E-15,1.,2.51827270592783E-16));
#3689=DIRECTION('ref_axis',(-0.90630778703665,-2.77210271554749E-15,-0.422618261740699));
#3690=DIRECTION('center_axis',(-3.17610591024074E-15,1.,2.51827270592783E-16));
#3691=DIRECTION('ref_axis',(-0.90630778703665,-2.77210271554749E-15,-0.422618261740699));
#3692=DIRECTION('center_axis',(3.17610591024074E-15,-1.,-2.51827270592783E-16));
#3693=DIRECTION('ref_axis',(-0.90630778703665,-2.77210271554749E-15,-0.422618261740699));
#3694=DIRECTION('center_axis',(-3.17610591024074E-15,1.,2.51827270592783E-16));
#3695=DIRECTION('ref_axis',(0.987441191933821,3.09643237047529E-15,0.157987000959938));
#3696=DIRECTION('center_axis',(-3.17610591024074E-15,1.,2.51827270592783E-16));
#3697=DIRECTION('ref_axis',(-0.90630778703665,-2.77210271554749E-15,-0.422618261740699));
#3698=DIRECTION('center_axis',(3.17610591024074E-15,-1.,-2.51827270592783E-16));
#3699=DIRECTION('ref_axis',(-0.90630778703665,-2.77210271554749E-15,-0.422618261740699));
#3700=DIRECTION('center_axis',(-3.17610591024074E-15,1.,2.51827270592783E-16));
#3701=DIRECTION('ref_axis',(-0.90630778703665,-2.77210271554749E-15,-0.422618261740699));
#3702=DIRECTION('center_axis',(-3.17610591024074E-15,1.,2.51827270592783E-16));
#3703=DIRECTION('ref_axis',(-0.90630778703665,-2.77210271554749E-15,-0.422618261740699));
#3704=DIRECTION('center_axis',(3.17610591024074E-15,-1.,-2.51827270592783E-16));
#3705=DIRECTION('ref_axis',(-0.90630778703665,-2.77210271554749E-15,-0.422618261740699));
#3706=DIRECTION('center_axis',(-3.17610591024074E-15,1.,2.51827270592783E-16));
#3707=DIRECTION('ref_axis',(0.987933048233871,3.17678338953085E-15,-0.154881542500492));
#3708=DIRECTION('center_axis',(-3.17610591024074E-15,1.,2.51827270592783E-16));
#3709=DIRECTION('ref_axis',(-0.90630778703665,-2.77210271554749E-15,-0.422618261740699));
#3710=DIRECTION('center_axis',(3.17610591024074E-15,-1.,-2.51827270592783E-16));
#3711=DIRECTION('ref_axis',(-0.90630778703665,-2.77210271554749E-15,-0.422618261740699));
#3712=DIRECTION('center_axis',(-3.17610591024074E-15,1.,2.51827270592783E-16));
#3713=DIRECTION('ref_axis',(-0.90630778703665,-2.77210271554749E-15,-0.422618261740699));
#3714=DIRECTION('center_axis',(-3.17610591024074E-15,1.,2.51827270592783E-16));
#3715=DIRECTION('ref_axis',(-0.90630778703665,-2.77210271554749E-15,-0.422618261740699));
#3716=DIRECTION('center_axis',(3.17610591024074E-15,-1.,-2.51827270592783E-16));
#3717=DIRECTION('ref_axis',(-0.90630778703665,-2.77210271554749E-15,-0.422618261740699));
#3718=DIRECTION('center_axis',(-3.17610591024074E-15,1.,2.51827270592783E-16));
#3719=DIRECTION('ref_axis',(-0.90630778703665,-2.77210271554749E-15,-0.422618261740699));
#3720=DIRECTION('center_axis',(-3.17610591024074E-15,1.,2.51827270592783E-16));
#3721=DIRECTION('ref_axis',(-0.90630778703665,-2.77210271554749E-15,-0.422618261740699));
#3722=DIRECTION('center_axis',(3.17610591024074E-15,-1.,-2.51827270592783E-16));
#3723=DIRECTION('ref_axis',(-0.90630778703665,-2.77210271554749E-15,-0.422618261740699));
#3724=DIRECTION('center_axis',(-3.17610591024074E-15,1.,2.51827270592783E-16));
#3725=DIRECTION('ref_axis',(-0.90630778703665,-2.77210271554749E-15,-0.422618261740699));
#3726=DIRECTION('center_axis',(-3.17610591024074E-15,1.,2.51827270592783E-16));
#3727=DIRECTION('ref_axis',(-0.90630778703665,-2.77210271554749E-15,-0.422618261740699));
#3728=DIRECTION('center_axis',(3.17610591024074E-15,-1.,-2.51827270592783E-16));
#3729=DIRECTION('ref_axis',(-0.90630778703665,-2.77210271554749E-15,-0.422618261740699));
#3730=DIRECTION('center_axis',(-3.17610591024074E-15,1.,2.51827270592783E-16));
#3731=DIRECTION('ref_axis',(-0.90630778703665,-2.77210271554749E-15,-0.422618261740699));
#3732=DIRECTION('center_axis',(-3.17610591024074E-15,1.,2.51827270592783E-16));
#3733=DIRECTION('ref_axis',(-0.90630778703665,-2.77210271554749E-15,-0.422618261740699));
#3734=DIRECTION('center_axis',(3.17610591024074E-15,-1.,-2.51827270592783E-16));
#3735=DIRECTION('ref_axis',(-0.90630778703665,-2.77210271554749E-15,-0.422618261740699));
#3736=DIRECTION('center_axis',(-3.17610591024074E-15,1.,2.51827270592783E-16));
#3737=DIRECTION('ref_axis',(-0.90630778703665,-2.77210271554749E-15,-0.422618261740699));
#3738=DIRECTION('center_axis',(-3.17610591024074E-15,1.,2.51827270592783E-16));
#3739=DIRECTION('ref_axis',(-0.90630778703665,-2.77210271554749E-15,-0.422618261740699));
#3740=DIRECTION('center_axis',(3.17610591024074E-15,-1.,-2.51827270592783E-16));
#3741=DIRECTION('ref_axis',(-0.90630778703665,-2.77210271554749E-15,-0.422618261740699));
#3742=DIRECTION('center_axis',(-3.17610591024074E-15,1.,2.51827270592783E-16));
#3743=DIRECTION('ref_axis',(-0.90630778703665,-2.77210271554749E-15,-0.422618261740699));
#3744=DIRECTION('center_axis',(-3.17610591024074E-15,1.,2.51827270592783E-16));
#3745=DIRECTION('ref_axis',(-0.90630778703665,-2.77210271554749E-15,-0.422618261740699));
#3746=DIRECTION('center_axis',(3.17610591024074E-15,-1.,-2.51827270592783E-16));
#3747=DIRECTION('ref_axis',(-0.90630778703665,-2.77210271554749E-15,-0.422618261740699));
#3748=DIRECTION('center_axis',(-3.17610591024074E-15,1.,2.51827270592783E-16));
#3749=DIRECTION('ref_axis',(-0.90630778703665,-2.77210271554749E-15,-0.422618261740699));
#3750=DIRECTION('center_axis',(-3.17610591024074E-15,1.,2.51827270592783E-16));
#3751=DIRECTION('ref_axis',(-0.90630778703665,-2.77210271554749E-15,-0.422618261740699));
#3752=DIRECTION('center_axis',(3.17610591024074E-15,-1.,-2.51827270592783E-16));
#3753=DIRECTION('ref_axis',(-0.90630778703665,-2.77210271554749E-15,-0.422618261740699));
#3754=DIRECTION('center_axis',(-3.17610591024074E-15,1.,2.51827270592783E-16));
#3755=DIRECTION('ref_axis',(-0.90630778703665,-2.77210271554749E-15,-0.422618261740699));
#3756=DIRECTION('center_axis',(-3.17610591024074E-15,1.,2.51827270592783E-16));
#3757=DIRECTION('ref_axis',(-0.90630778703665,-2.77210271554749E-15,-0.422618261740699));
#3758=DIRECTION('center_axis',(3.17610591024074E-15,-1.,-2.51827270592783E-16));
#3759=DIRECTION('ref_axis',(-0.906307787036649,-2.77210271554748E-15,-0.422618261740701));
#3760=DIRECTION('center_axis',(-3.17610591024074E-15,1.,2.51827270592783E-16));
#3761=DIRECTION('ref_axis',(-0.90630778703665,-2.77210271554749E-15,-0.422618261740699));
#3762=DIRECTION('center_axis',(-3.17610591024074E-15,1.,2.51827270592783E-16));
#3763=DIRECTION('ref_axis',(-0.90630778703665,-2.77210271554749E-15,-0.422618261740699));
#3764=DIRECTION('center_axis',(3.17610591024074E-15,-1.,-2.51827270592783E-16));
#3765=DIRECTION('ref_axis',(-0.906307787036647,-2.77210271554747E-15,-0.422618261740706));
#3766=DIRECTION('center_axis',(-3.17610591024074E-15,1.,2.51827270592783E-16));
#3767=DIRECTION('ref_axis',(-0.90630778703665,-2.77210271554749E-15,-0.422618261740699));
#3768=DIRECTION('center_axis',(-3.17610591024074E-15,1.,2.51827270592783E-16));
#3769=DIRECTION('ref_axis',(-0.90630778703665,-2.77210271554749E-15,-0.422618261740699));
#3770=DIRECTION('center_axis',(3.17610591024074E-15,-1.,-2.51827270592783E-16));
#3771=DIRECTION('ref_axis',(-0.906307787036653,-2.77210271554749E-15,-0.422618261740693));
#3772=DIRECTION('center_axis',(-3.17610591024074E-15,1.,2.51827270592783E-16));
#3773=DIRECTION('ref_axis',(-0.90630778703665,-2.77210271554749E-15,-0.422618261740699));
#3774=DIRECTION('center_axis',(-3.17610591024074E-15,1.,2.51827270592783E-16));
#3775=DIRECTION('ref_axis',(-0.90630778703665,-2.77210271554749E-15,-0.422618261740699));
#3776=DIRECTION('center_axis',(3.17610591024074E-15,-1.,-2.51827270592783E-16));
#3777=DIRECTION('ref_axis',(-0.90630778703665,-2.77210271554749E-15,-0.422618261740699));
#3778=DIRECTION('center_axis',(-3.17610591024074E-15,1.,2.51827270592783E-16));
#3779=DIRECTION('ref_axis',(-0.90630778703665,-2.77210271554749E-15,-0.422618261740699));
#3780=DIRECTION('center_axis',(-3.17610591024074E-15,1.,2.51827270592783E-16));
#3781=DIRECTION('ref_axis',(-0.90630778703665,-2.77210271554749E-15,-0.422618261740699));
#3782=DIRECTION('center_axis',(3.17610591024074E-15,-1.,-2.51827270592783E-16));
#3783=DIRECTION('ref_axis',(-0.906307787036649,-2.77210271554748E-15,-0.422618261740701));
#3784=DIRECTION('center_axis',(-3.17610591024074E-15,1.,2.51827270592783E-16));
#3785=DIRECTION('ref_axis',(-0.90630778703665,-2.77210271554749E-15,-0.422618261740699));
#3786=DIRECTION('center_axis',(-3.17610591024074E-15,1.,2.51827270592783E-16));
#3787=DIRECTION('ref_axis',(-0.90630778703665,-2.77210271554749E-15,-0.422618261740699));
#3788=DIRECTION('center_axis',(3.17610591024074E-15,-1.,-2.51827270592783E-16));
#3789=DIRECTION('ref_axis',(-0.906307787036651,-2.77210271554749E-15,-0.422618261740697));
#3790=DIRECTION('center_axis',(-3.17610591024074E-15,1.,2.51827270592783E-16));
#3791=DIRECTION('ref_axis',(-0.90630778703665,-2.77210271554749E-15,-0.422618261740699));
#3792=DIRECTION('center_axis',(-3.17610591024074E-15,1.,2.51827270592783E-16));
#3793=DIRECTION('ref_axis',(-0.90630778703665,-2.77210271554749E-15,-0.422618261740699));
#3794=DIRECTION('center_axis',(3.17610591024074E-15,-1.,-2.51827270592783E-16));
#3795=DIRECTION('ref_axis',(-0.906307787036649,-2.77210271554748E-15,-0.422618261740701));
#3796=DIRECTION('center_axis',(-3.17610591024074E-15,1.,2.51827270592783E-16));
#3797=DIRECTION('ref_axis',(0.9963304832346,3.14289735784073E-15,0.0855895331072009));
#3798=DIRECTION('center_axis',(-3.17610591024074E-15,1.,2.51827270592783E-16));
#3799=DIRECTION('ref_axis',(-0.90630778703665,-2.77210271554749E-15,-0.422618261740699));
#3800=DIRECTION('center_axis',(3.17610591024074E-15,-1.,-2.51827270592783E-16));
#3801=DIRECTION('ref_axis',(-0.906307787036651,-2.77210271554749E-15,-0.422618261740697));
#3802=DIRECTION('center_axis',(-3.17610591024074E-15,1.,2.51827270592783E-16));
#3803=DIRECTION('ref_axis',(-0.90630778703665,-2.77210271554749E-15,-0.422618261740699));
#3804=DIRECTION('center_axis',(-3.17610591024074E-15,1.,2.51827270592783E-16));
#3805=DIRECTION('ref_axis',(-0.90630778703665,-2.77210271554749E-15,-0.422618261740699));
#3806=DIRECTION('center_axis',(3.17610591024074E-15,-1.,-2.51827270592783E-16));
#3807=DIRECTION('ref_axis',(-0.90630778703665,-2.77210271554749E-15,-0.422618261740699));
#3808=DIRECTION('center_axis',(-3.17610591024074E-15,1.,2.51827270592783E-16));
#3809=DIRECTION('ref_axis',(-0.90630778703665,-2.77210271554749E-15,-0.422618261740699));
#3810=DIRECTION('center_axis',(-3.17610591024074E-15,1.,2.51827270592783E-16));
#3811=DIRECTION('ref_axis',(-0.90630778703665,-2.77210271554749E-15,-0.422618261740699));
#3812=DIRECTION('center_axis',(3.17610591024074E-15,-1.,-2.51827270592783E-16));
#3813=DIRECTION('ref_axis',(-0.90630778703665,-2.77210271554748E-15,-0.4226182617407));
#3814=DIRECTION('center_axis',(0.984807753012208,3.02283983721984E-15,0.173648177666933));
#3815=DIRECTION('ref_axis',(-0.173648177666933,-7.58478222528783E-16,0.984807753012208));
#3816=DIRECTION('',(-0.173648177666933,-7.58478222528783E-16,0.984807753012208));
#3817=DIRECTION('',(0.173648177666933,7.58478222528783E-16,-0.984807753012208));
#3818=DIRECTION('center_axis',(0.984807753012208,3.02283983721984E-15,0.173648177666933));
#3819=DIRECTION('ref_axis',(-0.173648177666933,-7.58478222528783E-16,0.984807753012208));
#3820=DIRECTION('',(0.173648177666933,7.58478222528783E-16,-0.984807753012208));
#3821=DIRECTION('',(3.10862446895044E-15,-1.,-2.22044604925031E-16));
#3822=DIRECTION('',(-0.173648177666933,-7.58478222528783E-16,0.984807753012208));
#3823=DIRECTION('center_axis',(3.10862446895044E-15,-1.,-2.22044604925031E-16));
#3824=DIRECTION('ref_axis',(0.90630778703665,2.72353045822013E-15,0.422618261740699));
#3825=DIRECTION('center_axis',(-3.10862446895044E-15,1.,2.22044604925031E-16));
#3826=DIRECTION('ref_axis',(-0.984807753012208,-3.02283983721984E-15,-0.17364817766693));
#3827=DIRECTION('',(0.173648177666932,7.58478222528781E-16,-0.984807753012208));
#3828=DIRECTION('center_axis',(3.10862446895044E-15,-1.,-2.22044604925031E-16));
#3829=DIRECTION('ref_axis',(0.90630778703665,2.72353045822013E-15,0.422618261740699));
#3830=DIRECTION('center_axis',(3.10862446895044E-15,-1.,-2.22044604925031E-16));
#3831=DIRECTION('ref_axis',(0.90630778703665,2.72353045822013E-15,0.422618261740699));
#3832=DIRECTION('',(-0.173648177666932,-7.58478222528781E-16,0.984807753012208));
#3833=DIRECTION('center_axis',(3.10862446895044E-15,-1.,-2.22044604925031E-16));
#3834=DIRECTION('ref_axis',(-0.984807753012208,-3.02283983721984E-15,-0.17364817766693));
#3835=DIRECTION('center_axis',(-3.10862446895044E-15,1.,2.22044604925031E-16));
#3836=DIRECTION('ref_axis',(0.90630778703665,2.72353045822013E-15,0.422618261740699));
#3837=DIRECTION('center_axis',(-3.10862446895044E-15,1.,2.22044604925031E-16));
#3838=DIRECTION('ref_axis',(0.90630778703665,2.72353045822013E-15,0.422618261740699));
#3839=DIRECTION('',(-3.10862446895044E-15,1.,2.22044604925031E-16));
#3840=DIRECTION('center_axis',(-0.984807753012208,-3.02283983721984E-15,
-0.173648177666932));
#3841=DIRECTION('ref_axis',(0.173648177666932,7.58478222528781E-16,-0.984807753012208));
#3842=DIRECTION('',(-3.10862446895044E-15,1.,2.22044604925031E-16));
#3843=DIRECTION('center_axis',(-3.10862446895044E-15,1.,2.22044604925031E-16));
#3844=DIRECTION('ref_axis',(-0.984807753012208,-3.02283983721984E-15,-0.17364817766693));
#3845=CARTESIAN_POINT('',(0.,0.,0.));
#3846=CARTESIAN_POINT('Origin',(-7.57028409429276,-355.499981994099,73.8574809821178));
#3847=CARTESIAN_POINT('',(-8.79295897077705,-355.499981994099,76.4795157162715));
#3848=CARTESIAN_POINT('',(-7.57028409429276,-355.499981994099,73.8574809821178));
#3849=CARTESIAN_POINT('',(-8.79295897077705,-355.499981994099,76.4795157162715));
#3850=CARTESIAN_POINT('',(-8.79295897077708,-345.499981994099,76.4795157162715));
#3851=CARTESIAN_POINT('',(-8.79295897077705,-355.499981994099,76.4795157162715));
#3852=CARTESIAN_POINT('',(-7.5702840942928,-345.499981994099,73.8574809821178));
#3853=CARTESIAN_POINT('',(-8.79295897077708,-345.499981994099,76.4795157162715));
#3854=CARTESIAN_POINT('',(-7.57028409429276,-355.499981994099,73.8574809821178));
#3855=CARTESIAN_POINT('Origin',(-10.0848678855396,-355.499981994099,74.2810000000001));
#3856=CARTESIAN_POINT('Origin',(-10.0848678855396,-355.499981994099,74.2810000000001));
#3857=CARTESIAN_POINT('Origin',(-10.0848678855396,-345.499981994099,74.2810000000001));
#3858=CARTESIAN_POINT('Origin',(-10.0848678855396,-355.499981994099,74.2810000000002));
#3859=CARTESIAN_POINT('',(-13.9147186397879,-355.499981994099,64.3279252971277));
#3860=CARTESIAN_POINT('',(-13.8470894621219,-355.164476958268,63.9443811713552));
#3861=CARTESIAN_POINT('Ctrl Pts',(-13.9147186397879,-355.499981994099,64.3279252971277));
#3862=CARTESIAN_POINT('Ctrl Pts',(-13.8814277172047,-355.335730130186,64.1391230931235));
#3863=CARTESIAN_POINT('Ctrl Pts',(-13.8470894621219,-355.164476958268,63.9443811713552));
#3864=CARTESIAN_POINT('',(-14.2203017690787,-355.499981994099,64.4509623888996));
#3865=CARTESIAN_POINT('Origin',(-10.0848678855396,-355.499981994099,74.2810000000002));
#3866=CARTESIAN_POINT('',(-14.1716454586164,-355.164476958272,64.0683485779601));
#3867=CARTESIAN_POINT('Ctrl Pts',(-14.2203017690787,-355.499981994099,64.4509623888995));
#3868=CARTESIAN_POINT('Ctrl Pts',(-14.2091904914502,-355.38682562426,64.3235258988408));
#3869=CARTESIAN_POINT('Ctrl Pts',(-14.193003613011,-355.274891181858,64.1958220843032));
#3870=CARTESIAN_POINT('Ctrl Pts',(-14.1716454586164,-355.164476958272,64.0683485779601));
#3871=CARTESIAN_POINT('Origin',(-10.0848678855396,-355.164476958268,74.2810000000002));
#3872=CARTESIAN_POINT('Origin',(-9.35754908826168,-345.499981994099,64.8749492316807));
#3873=CARTESIAN_POINT('',(-14.162605643423,-345.499981994099,65.7337623541626));
#3874=CARTESIAN_POINT('',(-14.1626056434229,-355.499981994099,65.7337623541626));
#3875=CARTESIAN_POINT('',(-14.162605643423,-345.499981994099,65.7337623541626));
#3876=CARTESIAN_POINT('',(-14.2203017690788,-345.499981994099,64.4509623888996));
#3877=CARTESIAN_POINT('Origin',(-9.35754908826168,-345.499981994099,64.8749492316807));
#3878=CARTESIAN_POINT('',(-14.1716454586155,-345.83548702993,64.0683485779549));
#3879=CARTESIAN_POINT('Ctrl Pts',(-14.1716454586155,-345.83548702993,64.0683485779549));
#3880=CARTESIAN_POINT('Ctrl Pts',(-14.1930040800527,-345.725070391897,64.1958248717834));
#3881=CARTESIAN_POINT('Ctrl Pts',(-14.2091898775563,-345.613144615785,64.3235188580223));
#3882=CARTESIAN_POINT('Ctrl Pts',(-14.2203017690788,-345.499981994099,64.4509623888996));
#3883=CARTESIAN_POINT('',(-14.1716454586164,-345.499981994099,64.0683485779601));
#3884=CARTESIAN_POINT('Origin',(-9.35754908826164,-355.499981994099,64.8749492316807));
#3885=CARTESIAN_POINT('Origin',(-0.914428141039159,-345.499981994099,72.0660917442111));
#3886=CARTESIAN_POINT('',(-3.36512702098133,-345.499981994099,67.8446934595789));
#3887=CARTESIAN_POINT('',(-3.36512702098129,-355.499981994099,67.8446934595789));
#3888=CARTESIAN_POINT('',(-3.36512702098133,-345.499981994099,67.8446934595789));
#3889=CARTESIAN_POINT('',(-2.01386590920345,-345.499981994099,67.3103199801776));
#3890=CARTESIAN_POINT('Origin',(-0.914428141039159,-345.499981994099,72.0660917442111));
#3891=CARTESIAN_POINT('',(-1.6349429242633,-345.83548702993,67.238360711438));
#3892=CARTESIAN_POINT('Ctrl Pts',(-1.63494292426335,-345.83548702993,67.238360711438));
#3893=CARTESIAN_POINT('Ctrl Pts',(-1.76278026118261,-345.725070391897,67.257439796514));
#3894=CARTESIAN_POINT('Ctrl Pts',(-1.88922614538286,-345.613144615785,67.2815058001541));
#3895=CARTESIAN_POINT('Ctrl Pts',(-2.01386590920347,-345.499981994099,67.3103199801775));
#3896=CARTESIAN_POINT('',(-1.63494292426848,-355.164476958272,67.2383607114388));
#3897=CARTESIAN_POINT('',(-1.6349429242685,-345.499981994099,67.2383607114388));
#3898=CARTESIAN_POINT('',(-2.01386590920342,-355.499981994099,67.3103199801776));
#3899=CARTESIAN_POINT('Ctrl Pts',(-2.01386590920339,-355.499981994099,67.3103199801775));
#3900=CARTESIAN_POINT('Ctrl Pts',(-1.88923303130284,-355.38682562426,67.2815073920388));
#3901=CARTESIAN_POINT('Ctrl Pts',(-1.76277746580756,-355.274891181858,67.2574393793184));
#3902=CARTESIAN_POINT('Ctrl Pts',(-1.63494292426845,-355.164476958272,67.2383607114388));
#3903=CARTESIAN_POINT('Origin',(-0.914428141039132,-355.499981994099,72.0660917442111));
#3904=CARTESIAN_POINT('Origin',(-2.13257522279947,-345.499981994099,69.7871728927937));
#3905=CARTESIAN_POINT('',(-2.39949101860407,-345.499981994099,69.4991303148351));
#3906=CARTESIAN_POINT('',(-2.47603757862874,-345.499981994099,69.9775571854632));
#3907=CARTESIAN_POINT('Origin',(-2.13257522279947,-345.499981994099,69.7871728927937));
#3908=CARTESIAN_POINT('',(-2.4760375786287,-355.499981994099,69.9775571854632));
#3909=CARTESIAN_POINT('',(-2.4760375786287,-355.499981994099,69.9775571854632));
#3910=CARTESIAN_POINT('',(-2.39949101860403,-355.499981994099,69.4991303148351));
#3911=CARTESIAN_POINT('Origin',(-2.13257522279944,-355.499981994099,69.7871728927937));
#3912=CARTESIAN_POINT('',(-2.39949101860407,-345.499981994099,69.4991303148351));
#3913=CARTESIAN_POINT('Origin',(-1.13311918324483,-345.499981994099,72.4645100236175));
#3914=CARTESIAN_POINT('',(-1.29796113845412,-345.499981994099,72.1080837359089));
#3915=CARTESIAN_POINT('',(-1.51860327675523,-345.499981994099,72.5394405408817));
#3916=CARTESIAN_POINT('Origin',(-1.13311918324483,-345.499981994099,72.4645100236175));
#3917=CARTESIAN_POINT('',(-1.5186032767552,-355.499981994099,72.5394405408817));
#3918=CARTESIAN_POINT('',(-1.5186032767552,-355.499981994099,72.5394405408817));
#3919=CARTESIAN_POINT('',(-1.29796113845408,-355.499981994099,72.1080837359089));
#3920=CARTESIAN_POINT('Origin',(-1.13311918324481,-355.499981994099,72.4645100236175));
#3921=CARTESIAN_POINT('',(-1.29796113845412,-345.499981994099,72.1080837359089));
#3922=CARTESIAN_POINT('Origin',(-1.0099226771715,-345.499981994099,75.3196578495596));
#3923=CARTESIAN_POINT('',(-1.05655491268814,-345.499981994099,74.9297373405097));
#3924=CARTESIAN_POINT('',(-1.39969463946463,-345.499981994099,75.2717998703172));
#3925=CARTESIAN_POINT('Origin',(-1.0099226771715,-345.499981994099,75.3196578495596));
#3926=CARTESIAN_POINT('',(-1.3996946394646,-355.499981994099,75.2717998703172));
#3927=CARTESIAN_POINT('',(-1.3996946394646,-355.499981994099,75.2717998703172));
#3928=CARTESIAN_POINT('',(-1.05655491268812,-355.499981994099,74.9297373405097));
#3929=CARTESIAN_POINT('Origin',(-1.00992267717146,-355.499981994099,75.3196578495596));
#3930=CARTESIAN_POINT('',(-1.05655491268814,-345.499981994099,74.9297373405097));
#3931=CARTESIAN_POINT('Origin',(-3.45594747305956,-345.499981994099,80.5651749520795));
#3932=CARTESIAN_POINT('',(-3.74314940008234,-345.499981994099,80.2973548223629));
#3933=CARTESIAN_POINT('',(-3.78461853547745,-345.499981994099,80.7800886591716));
#3934=CARTESIAN_POINT('Origin',(-3.45594747305956,-345.499981994099,80.5651749520795));
#3935=CARTESIAN_POINT('',(-3.78461853547741,-355.499981994099,80.7800886591716));
#3936=CARTESIAN_POINT('',(-3.78461853547745,-345.499981994099,80.7800886591716));
#3937=CARTESIAN_POINT('',(-3.74314940008233,-355.499981994099,80.2973548223629));
#3938=CARTESIAN_POINT('Origin',(-3.45594747305953,-355.499981994099,80.5651749520795));
#3939=CARTESIAN_POINT('',(-3.74314940008234,-345.499981994099,80.2973548223629));
#3940=CARTESIAN_POINT('Origin',(-5.72230678706636,-345.499981994099,82.3060545995293));
#3941=CARTESIAN_POINT('',(-5.9126910797358,-345.499981994099,81.9625922437));
#3942=CARTESIAN_POINT('',(-6.10130353051215,-345.499981994099,82.4088847372541));
#3943=CARTESIAN_POINT('Origin',(-5.72230678706636,-345.499981994099,82.3060545995293));
#3944=CARTESIAN_POINT('',(-6.10130353051213,-355.499981994099,82.408884737254));
#3945=CARTESIAN_POINT('',(-6.10130353051214,-345.499981994099,82.408884737254));
#3946=CARTESIAN_POINT('',(-5.91269107973577,-355.499981994099,81.9625922437));
#3947=CARTESIAN_POINT('Origin',(-5.72230678706632,-355.499981994099,82.3060545995293));
#3948=CARTESIAN_POINT('',(-5.9126910797358,-345.499981994099,81.9625922437));
#3949=CARTESIAN_POINT('Origin',(-8.41570397714221,-345.499981994099,83.2613859889341));
#3950=CARTESIAN_POINT('',(-8.49063449440643,-345.499981994099,82.8759018954236));
#3951=CARTESIAN_POINT('',(-8.80792755974186,-345.499981994099,83.2420668269512));
#3952=CARTESIAN_POINT('Origin',(-8.41570397714221,-345.499981994099,83.2613859889341));
#3953=CARTESIAN_POINT('',(-8.80792755974183,-355.499981994099,83.2420668269512));
#3954=CARTESIAN_POINT('',(-8.80792755974186,-345.499981994099,83.2420668269512));
#3955=CARTESIAN_POINT('',(-8.49063449440639,-355.499981994099,82.8759018954236));
#3956=CARTESIAN_POINT('Origin',(-8.41570397714217,-355.499981994099,83.2613859889341));
#3957=CARTESIAN_POINT('',(-8.49063449440643,-345.499981994099,82.8759018954236));
#3958=CARTESIAN_POINT('Origin',(-11.2724905603208,-345.499981994099,83.3376546277135));
#3959=CARTESIAN_POINT('',(-11.2246325810783,-345.499981994099,82.9478826654203));
#3960=CARTESIAN_POINT('',(-11.639547405027,-345.499981994099,83.1980772602024));
#3961=CARTESIAN_POINT('Origin',(-11.2724905603208,-345.499981994099,83.3376546277135));
#3962=CARTESIAN_POINT('',(-11.639547405027,-355.499981994099,83.1980772602024));
#3963=CARTESIAN_POINT('',(-11.639547405027,-345.499981994099,83.1980772602024));
#3964=CARTESIAN_POINT('',(-11.2246325810783,-355.499981994099,82.9478826654203));
#3965=CARTESIAN_POINT('Origin',(-11.2724905603207,-355.499981994099,83.3376546277135));
#3966=CARTESIAN_POINT('',(-11.2246325810783,-345.499981994099,82.9478826654203));
#3967=CARTESIAN_POINT('Origin',(-14.4525140666974,-345.499981994099,82.6432036883406));
#3968=CARTESIAN_POINT('',(-18.801041015515,-345.499981994099,80.4258986003899));
#3969=CARTESIAN_POINT('',(-18.9625325532399,-345.835487029926,80.7761574305608));
#3970=CARTESIAN_POINT('Ctrl Pts',(-18.801041015515,-345.499981994099,80.4258986003899));
#3971=CARTESIAN_POINT('Ctrl Pts',(-18.859149168725,-345.613138363938,80.5398589532311));
#3972=CARTESIAN_POINT('Ctrl Pts',(-18.9130946287215,-345.725072806341,80.6567356687349));
#3973=CARTESIAN_POINT('Ctrl Pts',(-18.9625325532406,-345.835487029927,80.7761574305623));
#3974=CARTESIAN_POINT('',(-17.7702447524752,-345.499981994099,79.0628696851653));
#3975=CARTESIAN_POINT('Origin',(-14.4525140666974,-345.499981994099,82.6432036883406));
#3976=CARTESIAN_POINT('',(-17.7702447524752,-355.499981994099,79.0628696851653));
#3977=CARTESIAN_POINT('',(-17.7702447524752,-345.499981994099,79.0628696851653));
#3978=CARTESIAN_POINT('',(-18.801041015515,-355.499981994099,80.42589860039));
#3979=CARTESIAN_POINT('Origin',(-14.4525140666974,-355.499981994099,82.6432036883406));
#3980=CARTESIAN_POINT('',(-18.9625325532399,-355.164476958272,80.7761574305608));
#3981=CARTESIAN_POINT('Ctrl Pts',(-18.9625325532406,-355.164476958271,80.7761574305623));
#3982=CARTESIAN_POINT('Ctrl Pts',(-18.9130935476545,-355.274893596303,80.6567330573201));
#3983=CARTESIAN_POINT('Ctrl Pts',(-18.859152379178,-355.386819372414,80.5398652494967));
#3984=CARTESIAN_POINT('Ctrl Pts',(-18.801041015515,-355.499981994099,80.42589860039));
#3985=CARTESIAN_POINT('',(-18.9625325532399,-345.499981994099,80.7761574305608));
#3986=CARTESIAN_POINT('Origin',(-11.6546831968793,-345.499981994099,83.5836052037783));
#3987=CARTESIAN_POINT('',(-16.4755630417282,-345.499981994099,82.8185914789505));
#3988=CARTESIAN_POINT('',(-15.9164166374203,-345.499981994099,81.2037403842099));
#3989=CARTESIAN_POINT('Origin',(-11.6546831968793,-345.499981994099,83.5836052037783));
#3990=CARTESIAN_POINT('',(-15.9164166374203,-355.499981994099,81.2037403842099));
#3991=CARTESIAN_POINT('',(-15.9164166374203,-345.499981994099,81.2037403842099));
#3992=CARTESIAN_POINT('',(-16.4755630417282,-355.499981994099,82.8185914789505));
#3993=CARTESIAN_POINT('Origin',(-11.6546831968793,-355.499981994099,83.5836052037783));
#3994=CARTESIAN_POINT('',(-16.5209146900553,-355.164476958272,83.2016110513792));
#3995=CARTESIAN_POINT('Ctrl Pts',(-16.5209146900553,-355.164476958272,83.2016110513792));
#3996=CARTESIAN_POINT('Ctrl Pts',(-16.5107995625079,-355.274893596304,83.0727542300922));
#3997=CARTESIAN_POINT('Ctrl Pts',(-16.4956126014446,-355.386819372414,82.9449376021614));
#3998=CARTESIAN_POINT('Ctrl Pts',(-16.4755630417282,-355.499981994099,82.8185914789505));
#3999=CARTESIAN_POINT('',(-16.5209146900553,-345.835487029926,83.2016110513792));
#4000=CARTESIAN_POINT('',(-16.5209146900553,-345.499981994099,83.2016110513792));
#4001=CARTESIAN_POINT('Ctrl Pts',(-16.4755630417282,-345.499981994099,82.8185914789505));
#4002=CARTESIAN_POINT('Ctrl Pts',(-16.4956114937754,-345.613138363938,82.9449306219725));
#4003=CARTESIAN_POINT('Ctrl Pts',(-16.5107997836922,-345.72507280634,83.0727570477633));
#4004=CARTESIAN_POINT('Ctrl Pts',(-16.5209146900553,-345.835487029926,83.2016110513792));
#4005=CARTESIAN_POINT('Origin',(-15.0251925421459,-345.499981994099,66.2438378157212));
#4006=CARTESIAN_POINT('',(-18.085089927834,-345.499981994099,70.0468834986842));
#4007=CARTESIAN_POINT('',(-19.2084553137221,-345.499981994099,68.7590795658498));
#4008=CARTESIAN_POINT('Origin',(-15.0251925421459,-345.499981994099,66.2438378157212));
#4009=CARTESIAN_POINT('',(-19.3939862870704,-345.83548702993,68.4209390287918));
#4010=CARTESIAN_POINT('Ctrl Pts',(-19.3939862870704,-345.83548702993,68.4209390287918));
#4011=CARTESIAN_POINT('Ctrl Pts',(-19.3363370892602,-345.725070391897,68.536623799569));
#4012=CARTESIAN_POINT('Ctrl Pts',(-19.2743750325906,-345.613144615785,68.6494441775849));
#4013=CARTESIAN_POINT('Ctrl Pts',(-19.2084553137221,-345.499981994099,68.7590795658498));
#4014=CARTESIAN_POINT('',(-19.393986287068,-355.164476958272,68.4209390287964));
#4015=CARTESIAN_POINT('',(-19.3939862870681,-345.499981994099,68.4209390287964));
#4016=CARTESIAN_POINT('',(-19.208455313722,-355.499981994099,68.7590795658498));
#4017=CARTESIAN_POINT('Ctrl Pts',(-19.208455313722,-355.499981994099,68.7590795658498));
#4018=CARTESIAN_POINT('Ctrl Pts',(-19.2743713907518,-355.38682562426,68.6494502345646));
#4019=CARTESIAN_POINT('Ctrl Pts',(-19.3363383498552,-355.274891181858,68.53662126993));
#4020=CARTESIAN_POINT('Ctrl Pts',(-19.393986287068,-355.164476958272,68.4209390287965));
#4021=CARTESIAN_POINT('',(-18.085089927834,-355.499981994099,70.0468834986842));
#4022=CARTESIAN_POINT('Origin',(-15.0251925421458,-355.499981994099,66.2438378157212));
#4023=CARTESIAN_POINT('',(-18.085089927834,-345.499981994099,70.0468834986842));
#4024=CARTESIAN_POINT('Origin',(-17.8411086758863,-345.499981994099,70.2309100254242));
#4025=CARTESIAN_POINT('',(-18.0387844984191,-355.499981994099,70.6548271948631));
#4026=CARTESIAN_POINT('',(-17.9753564599429,-355.499981994099,70.5188053273966));
#4027=CARTESIAN_POINT('',(-21.3880165731066,-355.499981994099,77.837278557423));
#4028=CARTESIAN_POINT('',(-18.0387844984191,-345.499981994099,70.6548271948631));
#4029=CARTESIAN_POINT('',(-18.0387844984191,-355.499981994099,70.6548271948631));
#4030=CARTESIAN_POINT('',(-17.9753564599429,-345.499981994099,70.5188053273966));
#4031=CARTESIAN_POINT('',(-17.8411086758863,-345.499981994099,70.2309100254242));
#4032=CARTESIAN_POINT('',(-17.9753564599429,-345.499981994099,70.5188053273966));
#4033=CARTESIAN_POINT('Origin',(-19.4172707923479,-345.499981994099,75.662680018699));
#4034=CARTESIAN_POINT('',(-20.1794333041932,-355.499981994099,70.8413485860777));
#4035=CARTESIAN_POINT('',(-18.470832906419,-355.499981994099,70.8741119857978));
#4036=CARTESIAN_POINT('Origin',(-19.4172707923479,-355.499981994099,75.662680018699));
#4037=CARTESIAN_POINT('',(-20.5577209944761,-355.164476958272,70.9165761624702));
#4038=CARTESIAN_POINT('Ctrl Pts',(-20.5577209944761,-355.164476958272,70.9165761624701));
#4039=CARTESIAN_POINT('Ctrl Pts',(-20.4320451286096,-355.274893596304,70.8863772728184));
#4040=CARTESIAN_POINT('Ctrl Pts',(-20.3057912626637,-355.386819372414,70.8613234209061));
#4041=CARTESIAN_POINT('Ctrl Pts',(-20.1794333041932,-355.499981994099,70.8413485860777));
#4042=CARTESIAN_POINT('',(-20.5577209944761,-345.835487029926,70.9165761624702));
#4043=CARTESIAN_POINT('',(-20.5577209944761,-345.499981994099,70.9165761624702));
#4044=CARTESIAN_POINT('',(-20.1794333041932,-345.499981994099,70.8413485860777));
#4045=CARTESIAN_POINT('Ctrl Pts',(-20.1794333041933,-345.499981994099,70.8413485860777));
#4046=CARTESIAN_POINT('Ctrl Pts',(-20.305784281821,-345.613138363938,70.8613223173651));
#4047=CARTESIAN_POINT('Ctrl Pts',(-20.4320478767239,-345.72507280634,70.8863779331679));
#4048=CARTESIAN_POINT('Ctrl Pts',(-20.5577209944761,-345.835487029926,70.9165761624701));
#4049=CARTESIAN_POINT('',(-18.470832906419,-345.499981994099,70.8741119857978));
#4050=CARTESIAN_POINT('Origin',(-19.4172707923479,-345.499981994099,75.662680018699));
#4051=CARTESIAN_POINT('',(-18.470832906419,-345.499981994099,70.8741119857978));
#4052=CARTESIAN_POINT('Origin',(-10.0848678855396,-355.499981994099,74.2810000000002));
#4053=CARTESIAN_POINT('',(-19.0054789369186,-355.164476958272,67.8449531954846));
#4054=CARTESIAN_POINT('',(-18.62245936449,-355.499981994099,67.8903048438117));
#4055=CARTESIAN_POINT('Ctrl Pts',(-19.0054789369186,-355.164476958272,67.8449531954845));
#4056=CARTESIAN_POINT('Ctrl Pts',(-18.8766221156316,-355.274893596304,67.8550683230319));
#4057=CARTESIAN_POINT('Ctrl Pts',(-18.7488054877009,-355.386819372414,67.8702552840952));
#4058=CARTESIAN_POINT('Ctrl Pts',(-18.62245936449,-355.499981994099,67.8903048438117));
#4059=CARTESIAN_POINT('Origin',(-10.0848678855396,-355.499981994099,74.2810000000002));
#4060=CARTESIAN_POINT('Origin',(-10.0848678855396,-355.164476958268,74.2810000000002));
#4061=CARTESIAN_POINT('Origin',(-10.0848678855396,-345.499981994099,74.2810000000002));
#4062=CARTESIAN_POINT('',(-19.0054789369186,-345.835487029926,67.8449531954846));
#4063=CARTESIAN_POINT('',(-19.0054789369186,-345.499981994099,67.8449531954846));
#4064=CARTESIAN_POINT('Origin',(-10.0848678855396,-345.83548702993,74.2810000000002));
#4065=CARTESIAN_POINT('Origin',(-10.0848678855396,-345.83548702993,74.2810000000002));
#4066=CARTESIAN_POINT('',(-18.62245936449,-345.499981994099,67.8903048438117));
#4067=CARTESIAN_POINT('Ctrl Pts',(-18.62245936449,-345.499981994099,67.8903048438117));
#4068=CARTESIAN_POINT('Ctrl Pts',(-18.748798507512,-345.613138363938,67.8702563917645));
#4069=CARTESIAN_POINT('Ctrl Pts',(-18.8766249333028,-345.72507280634,67.8550681018476));
#4070=CARTESIAN_POINT('Ctrl Pts',(-19.0054789369186,-345.835487029926,67.8449531954845));
#4071=CARTESIAN_POINT('Origin',(-10.0848678855396,-345.499981994099,74.2810000000002));
#4072=CARTESIAN_POINT('Origin',(-10.0848678855396,-345.83548702993,74.2810000000002));
#4073=CARTESIAN_POINT('',(-20.7492240304553,-345.83548702993,71.5844266161669));
#4074=CARTESIAN_POINT('',(-20.4682824168398,-345.499981994099,71.848685153612));
#4075=CARTESIAN_POINT('Ctrl Pts',(-20.7492240304553,-345.83548702993,71.5844266161669));
#4076=CARTESIAN_POINT('Ctrl Pts',(-20.6586478250583,-345.725070391897,71.6766347894153));
#4077=CARTESIAN_POINT('Ctrl Pts',(-20.5648549931808,-345.613144615785,71.7647860165808));
#4078=CARTESIAN_POINT('Ctrl Pts',(-20.4682824168398,-345.499981994099,71.8486851536119));
#4079=CARTESIAN_POINT('Origin',(-10.0848678855396,-345.499981994099,74.2810000000002));
#4080=CARTESIAN_POINT('Origin',(-10.0848678855396,-345.83548702993,74.2810000000002));
#4081=CARTESIAN_POINT('Origin',(-10.0848678855396,-345.499981994099,74.2810000000002));
#4082=CARTESIAN_POINT('',(-20.7492240304516,-355.164476958272,71.5844266161707));
#4083=CARTESIAN_POINT('',(-20.7492240304517,-345.499981994099,71.5844266161707));
#4084=CARTESIAN_POINT('Origin',(-10.0848678855396,-355.164476958268,74.2810000000002));
#4085=CARTESIAN_POINT('Origin',(-10.0848678855396,-355.499981994099,74.2810000000002));
#4086=CARTESIAN_POINT('',(-20.4682824168398,-355.499981994099,71.848685153612));
#4087=CARTESIAN_POINT('Ctrl Pts',(-20.4682824168398,-355.499981994099,71.8486851536119));
#4088=CARTESIAN_POINT('Ctrl Pts',(-20.5648496578767,-355.38682562426,71.7647906517208));
#4089=CARTESIAN_POINT('Ctrl Pts',(-20.6586498056568,-355.274891181858,71.6766327731309));
#4090=CARTESIAN_POINT('Ctrl Pts',(-20.7492240304516,-355.164476958272,71.5844266161707));
#4091=CARTESIAN_POINT('Origin',(-10.0848678855396,-355.499981994099,74.2810000000002));
#4092=CARTESIAN_POINT('Origin',(-10.0848678855396,-345.83548702993,74.2810000000002));
#4093=CARTESIAN_POINT('',(-21.0605602914376,-345.83548702993,75.0118735944834));
#4094=CARTESIAN_POINT('',(-20.7117085601309,-345.499981994099,75.1763826654728));
#4095=CARTESIAN_POINT('Ctrl Pts',(-21.0605602914376,-345.83548702993,75.0118735944834));
#4096=CARTESIAN_POINT('Ctrl Pts',(-20.9459233085194,-345.725070391897,75.0715791917532));
#4097=CARTESIAN_POINT('Ctrl Pts',(-20.8294807973114,-345.613144615785,75.1264324117677));
#4098=CARTESIAN_POINT('Ctrl Pts',(-20.7117085601309,-345.499981994099,75.1763826654727));
#4099=CARTESIAN_POINT('',(-20.7482808477457,-345.499981994099,74.1290893741989));
#4100=CARTESIAN_POINT('Origin',(-10.0848678855396,-345.499981994099,74.2810000000002));
#4101=CARTESIAN_POINT('',(-21.0848072210726,-345.835487029926,74.3175323759922));
#4102=CARTESIAN_POINT('Ctrl Pts',(-20.7482808477457,-345.499981994099,74.1290893741988));
#4103=CARTESIAN_POINT('Ctrl Pts',(-20.8622755459499,-345.613138363938,74.1871301208373));
#4104=CARTESIAN_POINT('Ctrl Pts',(-20.9746167495656,-345.72507280634,74.2499770241122));
#4105=CARTESIAN_POINT('Ctrl Pts',(-21.0848072210726,-345.835487029926,74.3175323759922));
#4106=CARTESIAN_POINT('Origin',(-10.0848678855396,-345.83548702993,74.2810000000002));
#4107=CARTESIAN_POINT('Origin',(-10.0848678855396,-345.499981994099,74.2810000000002));
#4108=CARTESIAN_POINT('',(-21.0605602914329,-355.164476958272,75.0118735944858));
#4109=CARTESIAN_POINT('',(-21.060560291433,-345.499981994099,75.0118735944858));
#4110=CARTESIAN_POINT('',(-21.0848072210726,-355.164476958272,74.3175323759922));
#4111=CARTESIAN_POINT('',(-21.0848072210726,-345.499981994099,74.3175323759922));
#4112=CARTESIAN_POINT('Origin',(-10.0848678855396,-355.164476958268,74.2810000000002));
#4113=CARTESIAN_POINT('Origin',(-10.0848678855396,-355.499981994099,74.2810000000002));
#4114=CARTESIAN_POINT('',(-20.7117085601309,-355.499981994099,75.1763826654727));
#4115=CARTESIAN_POINT('Ctrl Pts',(-20.7117085601309,-355.499981994099,75.1763826654727));
#4116=CARTESIAN_POINT('Ctrl Pts',(-20.8294742907986,-355.38682562426,75.1264351713482));
#4117=CARTESIAN_POINT('Ctrl Pts',(-20.9459258152467,-355.274891181858,75.0715778861914));
#4118=CARTESIAN_POINT('Ctrl Pts',(-21.0605602914329,-355.164476958272,75.0118735944858));
#4119=CARTESIAN_POINT('',(-20.7482808477457,-355.499981994099,74.1290893741989));
#4120=CARTESIAN_POINT('Ctrl Pts',(-21.0848072210726,-355.164476958272,74.3175323759922));
#4121=CARTESIAN_POINT('Ctrl Pts',(-20.9746143400129,-355.274893596304,74.2499755468685));
#4122=CARTESIAN_POINT('Ctrl Pts',(-20.862281844113,-355.386819372414,74.1871333275662));
#4123=CARTESIAN_POINT('Ctrl Pts',(-20.7482808477457,-355.499981994099,74.1290893741988));
#4124=CARTESIAN_POINT('Origin',(-10.0848678855396,-355.499981994099,74.2810000000002));
#4125=CARTESIAN_POINT('Origin',(-10.0848678855396,-345.83548702993,74.2810000000002));
#4126=CARTESIAN_POINT('',(-20.2975193075849,-345.83548702993,78.367777573076));
#4127=CARTESIAN_POINT('',(-19.9149054966403,-345.499981994099,78.4164338835393));
#4128=CARTESIAN_POINT('Ctrl Pts',(-20.297519307585,-345.83548702993,78.367777573076));
#4129=CARTESIAN_POINT('Ctrl Pts',(-20.1700430137565,-345.725070391897,78.3891361945132));
#4130=CARTESIAN_POINT('Ctrl Pts',(-20.0423490275177,-345.613144615785,78.4053219920168));
#4131=CARTESIAN_POINT('Ctrl Pts',(-19.9149054966403,-345.499981994099,78.4164338835392));
#4132=CARTESIAN_POINT('',(-20.2733192341907,-345.499981994099,77.4317002327971));
#4133=CARTESIAN_POINT('Origin',(-10.0848678855396,-345.499981994099,74.2810000000002));
#4134=CARTESIAN_POINT('',(-20.5351427444232,-345.835487029926,77.7149125460163));
#4135=CARTESIAN_POINT('Ctrl Pts',(-20.2733192341907,-345.499981994099,77.4317002327971));
#4136=CARTESIAN_POINT('Ctrl Pts',(-20.3637990576634,-345.613138363938,77.522126562112));
#4137=CARTESIAN_POINT('Ctrl Pts',(-20.4512211302547,-345.72507280634,77.6166128600864));
#4138=CARTESIAN_POINT('Ctrl Pts',(-20.5351427444232,-345.835487029926,77.7149125460163));
#4139=CARTESIAN_POINT('Origin',(-10.0848678855396,-345.83548702993,74.2810000000002));
#4140=CARTESIAN_POINT('Origin',(-10.0848678855396,-345.499981994099,74.2810000000002));
#4141=CARTESIAN_POINT('',(-20.2975193075798,-355.164476958272,78.3677775730769));
#4142=CARTESIAN_POINT('',(-20.2975193075798,-345.499981994099,78.3677775730769));
#4143=CARTESIAN_POINT('',(-20.5351427444232,-355.164476958272,77.7149125460163));
#4144=CARTESIAN_POINT('',(-20.5351427444232,-345.499981994099,77.7149125460163));
#4145=CARTESIAN_POINT('Origin',(-10.0848678855396,-355.164476958268,74.2810000000002));
#4146=CARTESIAN_POINT('Origin',(-10.0848678855396,-355.499981994099,74.2810000000002));
#4147=CARTESIAN_POINT('',(-19.9149054966403,-355.499981994099,78.4164338835393));
#4148=CARTESIAN_POINT('Ctrl Pts',(-19.9149054966403,-355.499981994099,78.4164338835392));
#4149=CARTESIAN_POINT('Ctrl Pts',(-20.042341986699,-355.38682562426,78.4053226059108));
#4150=CARTESIAN_POINT('Ctrl Pts',(-20.1700458012366,-355.274891181858,78.3891357274715));
#4151=CARTESIAN_POINT('Ctrl Pts',(-20.2975193075798,-355.164476958272,78.3677775730769));
#4152=CARTESIAN_POINT('',(-20.2733192341907,-355.499981994099,77.4317002327971));
#4153=CARTESIAN_POINT('Ctrl Pts',(-20.5351427444232,-355.164476958272,77.7149125460163));
#4154=CARTESIAN_POINT('Ctrl Pts',(-20.4512192951273,-355.274893596304,77.6166107105514));
#4155=CARTESIAN_POINT('Ctrl Pts',(-20.3638040566387,-355.386819372414,77.5221315581319));
#4156=CARTESIAN_POINT('Ctrl Pts',(-20.2733192341907,-355.499981994099,77.4317002327971));
#4157=CARTESIAN_POINT('Origin',(-10.0848678855396,-355.499981994099,74.2810000000002));
#4158=CARTESIAN_POINT('Origin',(-10.0848678855396,-345.83548702993,74.2810000000002));
#4159=CARTESIAN_POINT('',(-18.534792846816,-345.83548702993,81.3236392885624));
#4160=CARTESIAN_POINT('',(-18.1558698618758,-345.499981994099,81.2516800198228));
#4161=CARTESIAN_POINT('Ctrl Pts',(-18.5347928468159,-345.83548702993,81.3236392885624));
#4162=CARTESIAN_POINT('Ctrl Pts',(-18.4069555098967,-345.725070391897,81.3045602034863));
#4163=CARTESIAN_POINT('Ctrl Pts',(-18.2805096256964,-345.613144615785,81.2804941998463));
#4164=CARTESIAN_POINT('Ctrl Pts',(-18.1558698618758,-345.499981994099,81.2516800198228));
#4165=CARTESIAN_POINT('Origin',(-10.0848678855396,-345.499981994099,74.2810000000002));
#4166=CARTESIAN_POINT('Origin',(-10.0848678855396,-345.83548702993,74.2810000000002));
#4167=CARTESIAN_POINT('Origin',(-10.0848678855396,-345.499981994099,74.2810000000002));
#4168=CARTESIAN_POINT('',(-18.5347928468107,-355.164476958272,81.3236392885615));
#4169=CARTESIAN_POINT('',(-18.5347928468108,-345.499981994099,81.3236392885615));
#4170=CARTESIAN_POINT('Origin',(-10.0848678855396,-355.164476958268,74.2810000000002));
#4171=CARTESIAN_POINT('Origin',(-10.0848678855396,-355.499981994099,74.2810000000002));
#4172=CARTESIAN_POINT('',(-18.1558698618758,-355.499981994099,81.2516800198228));
#4173=CARTESIAN_POINT('Ctrl Pts',(-18.1558698618758,-355.499981994099,81.2516800198228));
#4174=CARTESIAN_POINT('Ctrl Pts',(-18.2805027397764,-355.38682562426,81.2804926079615));
#4175=CARTESIAN_POINT('Ctrl Pts',(-18.4069583052716,-355.274891181858,81.304560620682));
#4176=CARTESIAN_POINT('Ctrl Pts',(-18.5347928468108,-355.164476958272,81.3236392885616));
#4177=CARTESIAN_POINT('Origin',(-10.0848678855396,-355.499981994099,74.2810000000002));
#4178=CARTESIAN_POINT('Origin',(-10.0848678855396,-345.83548702993,74.2810000000002));
#4179=CARTESIAN_POINT('',(-15.9449288567481,-345.83548702993,83.5901184015309));
#4180=CARTESIAN_POINT('',(-15.6067883196901,-345.499981994099,83.4045874281826));
#4181=CARTESIAN_POINT('Ctrl Pts',(-15.9449288567481,-345.835487029931,83.590118401531));
#4182=CARTESIAN_POINT('Ctrl Pts',(-15.8292440859709,-345.725070391898,83.5324692037208));
#4183=CARTESIAN_POINT('Ctrl Pts',(-15.716423707955,-345.613144615785,83.4705071470511));
#4184=CARTESIAN_POINT('Ctrl Pts',(-15.6067883196901,-345.499981994099,83.4045874281826));
#4185=CARTESIAN_POINT('Origin',(-10.0848678855396,-345.499981994099,74.2810000000002));
#4186=CARTESIAN_POINT('Origin',(-10.0848678855396,-345.83548702993,74.2810000000002));
#4187=CARTESIAN_POINT('Origin',(-10.0848678855396,-345.499981994099,74.2810000000002));
#4188=CARTESIAN_POINT('',(-15.9449288567434,-355.164476958272,83.5901184015286));
#4189=CARTESIAN_POINT('',(-15.9449288567434,-345.499981994099,83.5901184015286));
#4190=CARTESIAN_POINT('Origin',(-10.0848678855396,-355.164476958268,74.2810000000002));
#4191=CARTESIAN_POINT('Origin',(-10.0848678855396,-355.499981994099,74.2810000000002));
#4192=CARTESIAN_POINT('',(-15.6067883196901,-355.499981994099,83.4045874281826));
#4193=CARTESIAN_POINT('Ctrl Pts',(-15.6067883196901,-355.499981994099,83.4045874281826));
#4194=CARTESIAN_POINT('Ctrl Pts',(-15.7164176509753,-355.38682562426,83.4705035052124));
#4195=CARTESIAN_POINT('Ctrl Pts',(-15.8292466156099,-355.274891181858,83.5324704643158));
#4196=CARTESIAN_POINT('Ctrl Pts',(-15.9449288567434,-355.164476958272,83.5901184015286));
#4197=CARTESIAN_POINT('Origin',(-10.0848678855396,-355.499981994099,74.2810000000002));
#4198=CARTESIAN_POINT('Origin',(-10.0848678855396,-345.83548702993,74.2810000000002));
#4199=CARTESIAN_POINT('',(-12.7814412693728,-345.83548702993,84.945356144916));
#4200=CARTESIAN_POINT('',(-12.5171827319278,-345.499981994099,84.6644145313004));
#4201=CARTESIAN_POINT('Ctrl Pts',(-12.7814412693728,-345.83548702993,84.9453561449159));
#4202=CARTESIAN_POINT('Ctrl Pts',(-12.6892330961244,-345.725070391897,84.8547799395188));
#4203=CARTESIAN_POINT('Ctrl Pts',(-12.6010818689589,-345.613144615785,84.7609871076413));
#4204=CARTESIAN_POINT('Ctrl Pts',(-12.5171827319278,-345.499981994099,84.6644145313004));
#4205=CARTESIAN_POINT('',(-13.5245192994622,-345.499981994099,84.3755654186539));
#4206=CARTESIAN_POINT('Origin',(-10.0848678855396,-345.499981994099,74.2810000000002));
#4207=CARTESIAN_POINT('',(-13.4492917230698,-345.835487029926,84.7538531089367));
#4208=CARTESIAN_POINT('Ctrl Pts',(-13.5245192994622,-345.499981994099,84.3755654186538));
#4209=CARTESIAN_POINT('Ctrl Pts',(-13.5045455681748,-345.613138363938,84.5019163962815));
#4210=CARTESIAN_POINT('Ctrl Pts',(-13.479489952372,-345.72507280634,84.6281799911844));
#4211=CARTESIAN_POINT('Ctrl Pts',(-13.4492917230698,-345.835487029926,84.7538531089367));
#4212=CARTESIAN_POINT('Origin',(-10.0848678855396,-345.83548702993,74.2810000000002));
#4213=CARTESIAN_POINT('Origin',(-10.0848678855396,-345.499981994099,74.2810000000002));
#4214=CARTESIAN_POINT('',(-12.7814412693691,-355.164476958272,84.9453561449122));
#4215=CARTESIAN_POINT('',(-12.7814412693691,-345.499981994099,84.9453561449122));
#4216=CARTESIAN_POINT('',(-13.4492917230697,-355.164476958272,84.7538531089367));
#4217=CARTESIAN_POINT('',(-13.4492917230698,-345.499981994099,84.7538531089367));
#4218=CARTESIAN_POINT('Origin',(-10.0848678855396,-355.164476958268,74.2810000000002));
#4219=CARTESIAN_POINT('Origin',(-10.0848678855396,-355.499981994099,74.2810000000002));
#4220=CARTESIAN_POINT('',(-12.5171827319278,-355.499981994099,84.6644145313004));
#4221=CARTESIAN_POINT('Ctrl Pts',(-12.5171827319278,-355.499981994099,84.6644145313004));
#4222=CARTESIAN_POINT('Ctrl Pts',(-12.6010772338189,-355.38682562426,84.7609817723373));
#4223=CARTESIAN_POINT('Ctrl Pts',(-12.6892351124088,-355.274891181858,84.8547819201174));
#4224=CARTESIAN_POINT('Ctrl Pts',(-12.7814412693691,-355.164476958272,84.9453561449123));
#4225=CARTESIAN_POINT('',(-13.5245192994622,-355.499981994099,84.3755654186539));
#4226=CARTESIAN_POINT('Ctrl Pts',(-13.4492917230698,-355.164476958272,84.7538531089367));
#4227=CARTESIAN_POINT('Ctrl Pts',(-13.4794906127215,-355.274893596304,84.6281772430702));
#4228=CARTESIAN_POINT('Ctrl Pts',(-13.5045444646338,-355.386819372414,84.5019233771243));
#4229=CARTESIAN_POINT('Ctrl Pts',(-13.5245192994622,-355.499981994099,84.3755654186538));
#4230=CARTESIAN_POINT('Origin',(-10.0848678855396,-355.499981994099,74.2810000000002));
#4231=CARTESIAN_POINT('Origin',(-10.0848678855396,-355.499981994099,74.2810000000002));
#4232=CARTESIAN_POINT('',(-6.65095533952343,-355.164476958272,84.7312748588838));
#4233=CARTESIAN_POINT('',(-6.9341676527426,-355.499981994099,84.4694513486513));
#4234=CARTESIAN_POINT('Ctrl Pts',(-6.65095533952342,-355.164476958272,84.7312748588838));
#4235=CARTESIAN_POINT('Ctrl Pts',(-6.74925717498835,-355.274893596304,84.6473514095879));
#4236=CARTESIAN_POINT('Ctrl Pts',(-6.84373632740789,-355.386819372414,84.5599361710993));
#4237=CARTESIAN_POINT('Ctrl Pts',(-6.93416765274259,-355.499981994099,84.4694513486513));
#4238=CARTESIAN_POINT('',(-5.94943400200051,-355.499981994099,84.1110376111009));
#4239=CARTESIAN_POINT('Origin',(-10.0848678855396,-355.499981994099,74.2810000000002));
#4240=CARTESIAN_POINT('',(-5.99809031246287,-355.164476958272,84.4936514220404));
#4241=CARTESIAN_POINT('Ctrl Pts',(-5.9494340020005,-355.499981994099,84.1110376111009));
#4242=CARTESIAN_POINT('Ctrl Pts',(-5.96054527962896,-355.38682562426,84.2384741011596));
#4243=CARTESIAN_POINT('Ctrl Pts',(-5.97673215806826,-355.274891181858,84.3661779156972));
#4244=CARTESIAN_POINT('Ctrl Pts',(-5.99809031246285,-355.164476958272,84.4936514220403));
#4245=CARTESIAN_POINT('Origin',(-10.0848678855396,-355.164476958268,74.2810000000002));
#4246=CARTESIAN_POINT('Origin',(-10.0848678855396,-345.499981994099,74.2810000000002));
#4247=CARTESIAN_POINT('',(-6.65095533952347,-345.835487029926,84.7312748588838));
#4248=CARTESIAN_POINT('',(-6.65095533952347,-345.499981994099,84.7312748588838));
#4249=CARTESIAN_POINT('',(-5.99809031246376,-345.83548702993,84.4936514220455));
#4250=CARTESIAN_POINT('',(-5.99809031246289,-345.499981994099,84.4936514220404));
#4251=CARTESIAN_POINT('Origin',(-10.0848678855396,-345.83548702993,74.2810000000002));
#4252=CARTESIAN_POINT('Origin',(-10.0848678855396,-345.83548702993,74.2810000000002));
#4253=CARTESIAN_POINT('',(-6.93416765274263,-345.499981994099,84.4694513486513));
#4254=CARTESIAN_POINT('Ctrl Pts',(-6.93416765274266,-345.499981994099,84.4694513486513));
#4255=CARTESIAN_POINT('Ctrl Pts',(-6.84374132342773,-345.613138363938,84.559931172124));
#4256=CARTESIAN_POINT('Ctrl Pts',(-6.74925502545343,-345.72507280634,84.6473532447153));
#4257=CARTESIAN_POINT('Ctrl Pts',(-6.65095533952349,-345.835487029926,84.7312748588838));
#4258=CARTESIAN_POINT('',(-5.94943400200055,-345.499981994099,84.1110376111009));
#4259=CARTESIAN_POINT('Ctrl Pts',(-5.99809031246374,-345.83548702993,84.4936514220455));
#4260=CARTESIAN_POINT('Ctrl Pts',(-5.97673169102653,-345.725070391897,84.366175128217));
#4261=CARTESIAN_POINT('Ctrl Pts',(-5.96054589352294,-345.613144615785,84.2384811419782));
#4262=CARTESIAN_POINT('Ctrl Pts',(-5.94943400200053,-345.499981994099,84.1110376111009));
#4263=CARTESIAN_POINT('Origin',(-10.0848678855396,-345.499981994099,74.2810000000002));
#4264=CARTESIAN_POINT('Origin',(-10.0848678855396,-345.83548702993,74.2810000000002));
#4265=CARTESIAN_POINT('',(-9.3539942910564,-345.83548702993,85.2566924058982));
#4266=CARTESIAN_POINT('',(-9.18948522006703,-345.499981994099,84.9078406745915));
#4267=CARTESIAN_POINT('Ctrl Pts',(-9.35399429105636,-345.83548702993,85.2566924058981));
#4268=CARTESIAN_POINT('Ctrl Pts',(-9.29428869378649,-345.725070391897,85.1420554229799));
#4269=CARTESIAN_POINT('Ctrl Pts',(-9.23943547377199,-345.613144615785,85.0256129117719));
#4270=CARTESIAN_POINT('Ctrl Pts',(-9.18948522006699,-345.499981994099,84.9078406745915));
#4271=CARTESIAN_POINT('',(-10.2367785113409,-345.499981994099,84.9444129622064));
#4272=CARTESIAN_POINT('Origin',(-10.0848678855396,-345.499981994099,74.2810000000002));
#4273=CARTESIAN_POINT('',(-10.0483355095475,-345.835487029926,85.2809393355332));
#4274=CARTESIAN_POINT('Ctrl Pts',(-10.236778511341,-345.499981994099,84.9444129622063));
#4275=CARTESIAN_POINT('Ctrl Pts',(-10.1787377647025,-345.613138363938,85.0584076604105));
#4276=CARTESIAN_POINT('Ctrl Pts',(-10.1158908614276,-345.72507280634,85.1707488640261));
#4277=CARTESIAN_POINT('Ctrl Pts',(-10.0483355095476,-345.835487029926,85.2809393355332));
#4278=CARTESIAN_POINT('Origin',(-10.0848678855396,-345.83548702993,74.2810000000002));
#4279=CARTESIAN_POINT('Origin',(-10.0848678855396,-345.499981994099,74.2810000000002));
#4280=CARTESIAN_POINT('',(-9.35399429105397,-355.164476958272,85.2566924058936));
#4281=CARTESIAN_POINT('',(-9.35399429105399,-345.499981994099,85.2566924058936));
#4282=CARTESIAN_POINT('',(-10.0483355095475,-355.164476958272,85.2809393355332));
#4283=CARTESIAN_POINT('',(-10.0483355095475,-345.499981994099,85.2809393355332));
#4284=CARTESIAN_POINT('Origin',(-10.0848678855396,-355.164476958268,74.2810000000002));
#4285=CARTESIAN_POINT('Origin',(-10.0848678855396,-355.499981994099,74.2810000000002));
#4286=CARTESIAN_POINT('',(-9.189485220067,-355.499981994099,84.9078406745915));
#4287=CARTESIAN_POINT('Ctrl Pts',(-9.18948522006699,-355.499981994099,84.9078406745915));
#4288=CARTESIAN_POINT('Ctrl Pts',(-9.23943271419155,-355.38682562426,85.0256064052593));
#4289=CARTESIAN_POINT('Ctrl Pts',(-9.29428999934831,-355.274891181858,85.1420579297073));
#4290=CARTESIAN_POINT('Ctrl Pts',(-9.35399429105394,-355.164476958272,85.2566924058936));
#4291=CARTESIAN_POINT('',(-10.2367785113409,-355.499981994099,84.9444129622064));
#4292=CARTESIAN_POINT('Ctrl Pts',(-10.0483355095475,-355.164476958272,85.2809393355332));
#4293=CARTESIAN_POINT('Ctrl Pts',(-10.1158923386712,-355.274893596304,85.1707464544735));
#4294=CARTESIAN_POINT('Ctrl Pts',(-10.1787345579736,-355.386819372414,85.0584139585737));
#4295=CARTESIAN_POINT('Ctrl Pts',(-10.2367785113409,-355.499981994099,84.9444129622064));
#4296=CARTESIAN_POINT('Origin',(-10.0848678855396,-355.499981994099,74.2810000000002));
#4297=CARTESIAN_POINT('Origin',(-10.0848678855396,-345.83548702993,74.2810000000002));
#4298=CARTESIAN_POINT('',(-3.04222859697743,-345.83548702993,82.7309249612765));
#4299=CARTESIAN_POINT('',(-3.11418786571696,-345.499981994099,82.3520019763363));
#4300=CARTESIAN_POINT('Ctrl Pts',(-3.04222859697744,-345.83548702993,82.7309249612765));
#4301=CARTESIAN_POINT('Ctrl Pts',(-3.06130768205344,-345.725070391897,82.6030876243572));
#4302=CARTESIAN_POINT('Ctrl Pts',(-3.08537368569348,-345.613144615785,82.476641740157));
#4303=CARTESIAN_POINT('Ctrl Pts',(-3.11418786571697,-345.499981994099,82.3520019763363));
#4304=CARTESIAN_POINT('',(-3.93996928514987,-345.499981994099,82.9971731299756));
#4305=CARTESIAN_POINT('Origin',(-10.0848678855396,-345.499981994099,74.2810000000002));
#4306=CARTESIAN_POINT('',(-3.58971045497898,-345.835487029926,83.1586646677005));
#4307=CARTESIAN_POINT('Ctrl Pts',(-3.93996928514989,-345.499981994099,82.9971731299756));
#4308=CARTESIAN_POINT('Ctrl Pts',(-3.82600893230916,-345.613138363938,83.0552812831853));
#4309=CARTESIAN_POINT('Ctrl Pts',(-3.7091322168059,-345.72507280634,83.1092267431816));
#4310=CARTESIAN_POINT('Ctrl Pts',(-3.58971045497902,-345.835487029926,83.1586646677005));
#4311=CARTESIAN_POINT('Origin',(-10.0848678855396,-345.83548702993,74.2810000000002));
#4312=CARTESIAN_POINT('Origin',(-10.0848678855396,-345.499981994099,74.2810000000002));
#4313=CARTESIAN_POINT('',(-3.04222859697819,-355.164476958272,82.7309249612714));
#4314=CARTESIAN_POINT('',(-3.04222859697822,-345.499981994099,82.7309249612714));
#4315=CARTESIAN_POINT('',(-3.58971045497896,-355.164476958272,83.1586646677005));
#4316=CARTESIAN_POINT('',(-3.58971045497899,-345.499981994099,83.1586646677005));
#4317=CARTESIAN_POINT('Origin',(-10.0848678855396,-355.164476958268,74.2810000000002));
#4318=CARTESIAN_POINT('Origin',(-10.0848678855396,-355.499981994099,74.2810000000002));
#4319=CARTESIAN_POINT('',(-3.11418786571694,-355.499981994099,82.3520019763364));
#4320=CARTESIAN_POINT('Ctrl Pts',(-3.11418786571693,-355.499981994099,82.3520019763364));
#4321=CARTESIAN_POINT('Ctrl Pts',(-3.0853752775782,-355.38682562426,82.4766348542369));
#4322=CARTESIAN_POINT('Ctrl Pts',(-3.06130726485776,-355.274891181858,82.6030904197323));
#4323=CARTESIAN_POINT('Ctrl Pts',(-3.04222859697817,-355.164476958272,82.7309249612713));
#4324=CARTESIAN_POINT('',(-3.93996928514982,-355.499981994099,82.9971731299756));
#4325=CARTESIAN_POINT('Ctrl Pts',(-3.58971045497893,-355.164476958272,83.1586646677005));
#4326=CARTESIAN_POINT('Ctrl Pts',(-3.70913482822061,-355.274893596304,83.1092256621147));
#4327=CARTESIAN_POINT('Ctrl Pts',(-3.82600263604353,-355.386819372414,83.0552844936384));
#4328=CARTESIAN_POINT('Ctrl Pts',(-3.9399692851498,-355.499981994099,82.9971731299756));
#4329=CARTESIAN_POINT('Origin',(-10.0848678855396,-355.499981994099,74.2810000000002));
#4330=CARTESIAN_POINT('Origin',(-10.0848678855396,-345.83548702993,74.2810000000002));
#4331=CARTESIAN_POINT('',(-0.775749484008796,-345.83548702993,80.1410609712087));
#4332=CARTESIAN_POINT('',(-0.961280457357161,-345.499981994099,79.8029204341506));
#4333=CARTESIAN_POINT('Ctrl Pts',(-0.775749484008809,-345.83548702993,80.1410609712086));
#4334=CARTESIAN_POINT('Ctrl Pts',(-0.83339868181898,-345.725070391897,80.0253762004313));
#4335=CARTESIAN_POINT('Ctrl Pts',(-0.895360738488677,-345.613144615785,
79.9125558224155));
#4336=CARTESIAN_POINT('Ctrl Pts',(-0.961280457357161,-345.499981994099,
79.8029204341506));
#4337=CARTESIAN_POINT('',(-1.54727640658928,-345.499981994099,80.6716951561888));
#4338=CARTESIAN_POINT('Origin',(-10.0848678855396,-345.499981994099,74.2810000000002));
#4339=CARTESIAN_POINT('',(-1.16425683416061,-345.835487029926,80.7170468045159));
#4340=CARTESIAN_POINT('Ctrl Pts',(-1.54727640658931,-345.499981994099,80.6716951561887));
#4341=CARTESIAN_POINT('Ctrl Pts',(-1.4209372635673,-345.613138363938,80.691743608236));
#4342=CARTESIAN_POINT('Ctrl Pts',(-1.29311083777651,-345.72507280634,80.7069318981528));
#4343=CARTESIAN_POINT('Ctrl Pts',(-1.16425683416066,-345.835487029926,80.7170468045159));
#4344=CARTESIAN_POINT('Origin',(-10.0848678855396,-345.83548702993,74.2810000000002));
#4345=CARTESIAN_POINT('Origin',(-10.0848678855396,-345.499981994099,74.2810000000002));
#4346=CARTESIAN_POINT('',(-0.775749484011106,-355.164476958272,80.1410609712039));
#4347=CARTESIAN_POINT('',(-0.775749484011139,-345.499981994099,80.1410609712039));
#4348=CARTESIAN_POINT('',(-1.16425683416058,-355.164476958272,80.7170468045159));
#4349=CARTESIAN_POINT('',(-1.16425683416061,-345.499981994099,80.7170468045159));
#4350=CARTESIAN_POINT('Origin',(-10.0848678855396,-355.164476958268,74.2810000000002));
#4351=CARTESIAN_POINT('Origin',(-10.0848678855396,-355.499981994099,74.2810000000002));
#4352=CARTESIAN_POINT('',(-0.961280457357125,-355.499981994099,79.8029204341506));
#4353=CARTESIAN_POINT('Ctrl Pts',(-0.961280457357109,-355.499981994099,
79.8029204341506));
#4354=CARTESIAN_POINT('Ctrl Pts',(-0.895364380327323,-355.38682562426,79.9125497654358));
#4355=CARTESIAN_POINT('Ctrl Pts',(-0.833397421223936,-355.274891181858,
80.0253787300704));
#4356=CARTESIAN_POINT('Ctrl Pts',(-0.775749484011102,-355.164476958272,
80.141060971204));
#4357=CARTESIAN_POINT('',(-1.54727640658924,-355.499981994099,80.6716951561888));
#4358=CARTESIAN_POINT('Ctrl Pts',(-1.16425683416056,-355.164476958272,80.7170468045159));
#4359=CARTESIAN_POINT('Ctrl Pts',(-1.29311365544756,-355.274893596304,80.7069316769685));
#4360=CARTESIAN_POINT('Ctrl Pts',(-1.42093028337828,-355.386819372414,80.6917447159052));
#4361=CARTESIAN_POINT('Ctrl Pts',(-1.54727640658922,-355.499981994099,80.6716951561887));
#4362=CARTESIAN_POINT('Origin',(-10.0848678855396,-355.499981994099,74.2810000000002));
#4363=CARTESIAN_POINT('Origin',(-10.0848678855396,-355.499981994099,74.2810000000002));
#4364=CARTESIAN_POINT('',(-1.2072032178393,-355.164476958272,67.7858425694396));
#4365=CARTESIAN_POINT('',(-1.36869475556419,-355.499981994099,68.1361013996104));
#4366=CARTESIAN_POINT('Ctrl Pts',(-1.20720321783928,-355.164476958272,67.7858425694395));
#4367=CARTESIAN_POINT('Ctrl Pts',(-1.25664222342516,-355.274893596304,67.9052669426812));
#4368=CARTESIAN_POINT('Ctrl Pts',(-1.31058339190146,-355.386819372414,68.0221347505041));
#4369=CARTESIAN_POINT('Ctrl Pts',(-1.3686947555642,-355.499981994099,68.1361013996103));
#4370=CARTESIAN_POINT('Origin',(-10.0848678855396,-355.499981994099,74.2810000000002));
#4371=CARTESIAN_POINT('Origin',(-10.0848678855396,-355.164476958268,74.2810000000002));
#4372=CARTESIAN_POINT('Origin',(-10.0848678855396,-345.499981994099,74.2810000000002));
#4373=CARTESIAN_POINT('',(-1.20720321783931,-345.835487029926,67.7858425694396));
#4374=CARTESIAN_POINT('',(-1.20720321783933,-345.499981994099,67.7858425694396));
#4375=CARTESIAN_POINT('Origin',(-10.0848678855396,-345.83548702993,74.2810000000002));
#4376=CARTESIAN_POINT('Origin',(-10.0848678855396,-345.83548702993,74.2810000000002));
#4377=CARTESIAN_POINT('',(-1.36869475556424,-345.499981994099,68.1361013996104));
#4378=CARTESIAN_POINT('Ctrl Pts',(-1.36869475556427,-345.499981994099,68.1361013996104));
#4379=CARTESIAN_POINT('Ctrl Pts',(-1.31058660235457,-345.613138363938,68.0221410467697));
#4380=CARTESIAN_POINT('Ctrl Pts',(-1.25664114235821,-345.72507280634,67.9052643312665));
#4381=CARTESIAN_POINT('Ctrl Pts',(-1.20720321783935,-345.835487029926,67.7858425694396));
#4382=CARTESIAN_POINT('Origin',(-10.0848678855396,-345.499981994099,74.2810000000002));
#4383=CARTESIAN_POINT('Origin',(-10.0848678855396,-355.499981994099,74.2810000000002));
#4384=CARTESIAN_POINT('',(0.365406973344009,-355.164476958272,70.847087453984));
#4385=CARTESIAN_POINT('',(0.103583463111521,-355.499981994099,71.1302997672032));
#4386=CARTESIAN_POINT('Ctrl Pts',(0.365406973344014,-355.164476958272,70.847087453984));
#4387=CARTESIAN_POINT('Ctrl Pts',(0.281483524048162,-355.274893596304,70.9453892894489));
#4388=CARTESIAN_POINT('Ctrl Pts',(0.194068285559564,-355.386819372414,71.0398684418685));
#4389=CARTESIAN_POINT('Ctrl Pts',(0.10358346311153,-355.499981994099,71.1302997672032));
#4390=CARTESIAN_POINT('',(-0.254830274438904,-355.499981994099,70.1455661164611));
#4391=CARTESIAN_POINT('Origin',(-10.0848678855396,-355.499981994099,74.2810000000002));
#4392=CARTESIAN_POINT('',(0.127783536500552,-355.164476958272,70.1942224269234));
#4393=CARTESIAN_POINT('Ctrl Pts',(-0.254830274438856,-355.499981994099,
70.1455661164611));
#4394=CARTESIAN_POINT('Ctrl Pts',(-0.127393784380128,-355.38682562426,70.1566773940896));
#4395=CARTESIAN_POINT('Ctrl Pts',(0.000310030157423292,-355.274891181858,
70.1728642725289));
#4396=CARTESIAN_POINT('Ctrl Pts',(0.127783536500592,-355.164476958272,70.1942224269235));
#4397=CARTESIAN_POINT('Origin',(-10.0848678855396,-355.164476958268,74.2810000000002));
#4398=CARTESIAN_POINT('Origin',(-10.0848678855396,-345.499981994099,74.2810000000002));
#4399=CARTESIAN_POINT('',(0.365406973343982,-345.835487029926,70.847087453984));
#4400=CARTESIAN_POINT('',(0.365406973343982,-345.499981994099,70.847087453984));
#4401=CARTESIAN_POINT('',(0.127783536505697,-345.83548702993,70.1942224269243));
#4402=CARTESIAN_POINT('',(0.12778353650053,-345.499981994099,70.1942224269235));
#4403=CARTESIAN_POINT('Origin',(-10.0848678855396,-345.83548702993,74.2810000000002));
#4404=CARTESIAN_POINT('Origin',(-10.0848678855396,-345.83548702993,74.2810000000002));
#4405=CARTESIAN_POINT('',(0.103583463111472,-345.499981994099,71.1302997672032));
#4406=CARTESIAN_POINT('Ctrl Pts',(0.103583463111455,-345.499981994099,71.1302997672032));
#4407=CARTESIAN_POINT('Ctrl Pts',(0.194063286584165,-345.613138363938,71.0398734378883));
#4408=CARTESIAN_POINT('Ctrl Pts',(0.281485359175472,-345.72507280634,70.945387139914));
#4409=CARTESIAN_POINT('Ctrl Pts',(0.365406973343941,-345.835487029926,70.8470874539841));
#4410=CARTESIAN_POINT('',(-0.25483027443894,-345.499981994099,70.1455661164611));
#4411=CARTESIAN_POINT('Ctrl Pts',(0.127783536505639,-345.83548702993,70.1942224269243));
#4412=CARTESIAN_POINT('Ctrl Pts',(0.000307242677148826,-345.725070391897,
70.1728638054871));
#4413=CARTESIAN_POINT('Ctrl Pts',(-0.127386743561677,-345.613144615785,
70.1566780079835));
#4414=CARTESIAN_POINT('Ctrl Pts',(-0.254830274438991,-345.499981994099,
70.1455661164611));
#4415=CARTESIAN_POINT('Origin',(-10.0848678855396,-345.499981994099,74.2810000000002));
#4416=CARTESIAN_POINT('Origin',(-10.0848678855396,-355.499981994099,74.2810000000002));
#4417=CARTESIAN_POINT('',(0.91507144999341,-355.164476958272,74.2444676240081));
#4418=CARTESIAN_POINT('',(0.578545076666568,-355.499981994099,74.4329106258015));
#4419=CARTESIAN_POINT('Ctrl Pts',(0.915071449993418,-355.164476958272,74.2444676240082));
#4420=CARTESIAN_POINT('Ctrl Pts',(0.804878568933717,-355.274893596304,74.3120244531319));
#4421=CARTESIAN_POINT('Ctrl Pts',(0.692546073033867,-355.386819372414,74.3748666724342));
#4422=CARTESIAN_POINT('Ctrl Pts',(0.578545076666575,-355.499981994099,74.4329106258015));
#4423=CARTESIAN_POINT('',(0.54197278905175,-355.499981994099,73.3856173345276));
#4424=CARTESIAN_POINT('Origin',(-10.0848678855396,-355.499981994099,74.2810000000002));
#4425=CARTESIAN_POINT('',(0.890824520353797,-355.164476958272,73.5501264055145));
#4426=CARTESIAN_POINT('Ctrl Pts',(0.541972789051776,-355.499981994099,73.3856173345276));
#4427=CARTESIAN_POINT('Ctrl Pts',(0.659738519719503,-355.38682562426,73.4355648286522));
#4428=CARTESIAN_POINT('Ctrl Pts',(0.776190044167565,-355.274891181858,73.4904221138089));
#4429=CARTESIAN_POINT('Ctrl Pts',(0.890824520353816,-355.164476958272,73.5501264055146));
#4430=CARTESIAN_POINT('Origin',(-10.0848678855396,-355.164476958268,74.2810000000002));
#4431=CARTESIAN_POINT('Origin',(-10.0848678855396,-345.499981994099,74.2810000000002));
#4432=CARTESIAN_POINT('',(0.915071449993374,-345.835487029926,74.2444676240081));
#4433=CARTESIAN_POINT('',(0.915071449993374,-345.499981994099,74.2444676240081));
#4434=CARTESIAN_POINT('',(0.890824520358411,-345.83548702993,73.5501264055169));
#4435=CARTESIAN_POINT('',(0.890824520353746,-345.499981994099,73.5501264055145));
#4436=CARTESIAN_POINT('Origin',(-10.0848678855396,-345.83548702993,74.2810000000002));
#4437=CARTESIAN_POINT('Origin',(-10.0848678855396,-345.83548702993,74.2810000000002));
#4438=CARTESIAN_POINT('',(0.578545076666517,-345.499981994099,74.4329106258015));
#4439=CARTESIAN_POINT('Ctrl Pts',(0.578545076666479,-345.499981994099,74.4329106258016));
#4440=CARTESIAN_POINT('Ctrl Pts',(0.692539774870695,-345.613138363938,74.3748698791631));
#4441=CARTESIAN_POINT('Ctrl Pts',(0.804880978486322,-345.72507280634,74.3120229758882));
#4442=CARTESIAN_POINT('Ctrl Pts',(0.915071449993323,-345.835487029926,74.2444676240082));
#4443=CARTESIAN_POINT('',(0.541972789051715,-345.499981994099,73.3856173345276));
#4444=CARTESIAN_POINT('Ctrl Pts',(0.890824520358358,-345.83548702993,73.5501264055169));
#4445=CARTESIAN_POINT('Ctrl Pts',(0.776187537440133,-345.725070391897,73.4904208082471));
#4446=CARTESIAN_POINT('Ctrl Pts',(0.659745026232112,-345.613144615785,73.4355675882326));
#4447=CARTESIAN_POINT('Ctrl Pts',(0.541972789051656,-345.499981994099,73.3856173345276));
#4448=CARTESIAN_POINT('Origin',(-10.0848678855396,-345.499981994099,74.2810000000002));
#4449=CARTESIAN_POINT('Origin',(-10.0848678855396,-345.83548702993,74.2810000000002));
#4450=CARTESIAN_POINT('',(0.579488259376135,-345.83548702993,76.9775733838334));
#4451=CARTESIAN_POINT('',(0.298546645760607,-345.499981994099,76.7133148463884));
#4452=CARTESIAN_POINT('Ctrl Pts',(0.579488259376122,-345.83548702993,76.9775733838334));
#4453=CARTESIAN_POINT('Ctrl Pts',(0.488912053979023,-345.725070391897,76.885365210585));
#4454=CARTESIAN_POINT('Ctrl Pts',(0.39511922210157,-345.613144615785,76.7972139834195));
#4455=CARTESIAN_POINT('Ctrl Pts',(0.298546645760594,-345.499981994099,76.7133148463884));
#4456=CARTESIAN_POINT('',(0.00969753311401478,-345.499981994099,77.7206514139227));
#4457=CARTESIAN_POINT('Origin',(-10.0848678855396,-345.499981994099,74.2810000000002));
#4458=CARTESIAN_POINT('',(0.387985223396894,-345.835487029926,77.6454238375303));
#4459=CARTESIAN_POINT('Ctrl Pts',(0.00969753311397509,-345.499981994099,
77.7206514139227));
#4460=CARTESIAN_POINT('Ctrl Pts',(0.136048510741702,-345.613138363938,77.7006776826353));
#4461=CARTESIAN_POINT('Ctrl Pts',(0.262312105644556,-345.72507280634,77.6756220668325));
#4462=CARTESIAN_POINT('Ctrl Pts',(0.387985223396827,-345.835487029926,77.6454238375303));
#4463=CARTESIAN_POINT('Origin',(-10.0848678855396,-345.83548702993,74.2810000000002));
#4464=CARTESIAN_POINT('Origin',(-10.0848678855396,-345.499981994099,74.2810000000002));
#4465=CARTESIAN_POINT('',(0.579488259372503,-355.164476958272,76.9775733838296));
#4466=CARTESIAN_POINT('',(0.579488259372487,-345.499981994099,76.9775733838296));
#4467=CARTESIAN_POINT('',(0.387985223396918,-355.164476958272,77.6454238375303));
#4468=CARTESIAN_POINT('',(0.387985223396883,-345.499981994099,77.6454238375303));
#4469=CARTESIAN_POINT('Origin',(-10.0848678855396,-355.164476958268,74.2810000000002));
#4470=CARTESIAN_POINT('Origin',(-10.0848678855396,-355.499981994099,74.2810000000002));
#4471=CARTESIAN_POINT('',(0.298546645760658,-355.499981994099,76.7133148463884));
#4472=CARTESIAN_POINT('Ctrl Pts',(0.298546645760656,-355.499981994099,76.7133148463884));
#4473=CARTESIAN_POINT('Ctrl Pts',(0.395113886797525,-355.38682562426,76.7972093482795));
#4474=CARTESIAN_POINT('Ctrl Pts',(0.488914034577642,-355.274891181858,76.8853672268694));
#4475=CARTESIAN_POINT('Ctrl Pts',(0.579488259372507,-355.164476958272,76.9775733838297));
#4476=CARTESIAN_POINT('',(0.00969753311405031,-355.499981994099,77.7206514139227));
#4477=CARTESIAN_POINT('Ctrl Pts',(0.387985223396956,-355.164476958272,77.6454238375303));
#4478=CARTESIAN_POINT('Ctrl Pts',(0.262309357530476,-355.274893596304,77.675622727182));
#4479=CARTESIAN_POINT('Ctrl Pts',(0.136055491584621,-355.386819372414,77.7006765790943));
#4480=CARTESIAN_POINT('Ctrl Pts',(0.0096975331141097,-355.499981994099,
77.7206514139227));
#4481=CARTESIAN_POINT('Origin',(-10.0848678855396,-355.499981994099,74.2810000000002));
#4482=CARTESIAN_POINT('Origin',(-10.0848678855396,-355.499981994099,74.2810000000002));
#4483=CARTESIAN_POINT('',(-16.5800253161003,-355.164476958272,65.4033353322999));
#4484=CARTESIAN_POINT('',(-16.2297664859294,-355.499981994099,65.5648268700249));
#4485=CARTESIAN_POINT('Ctrl Pts',(-16.5800253161003,-355.164476958272,65.4033353322999));
#4486=CARTESIAN_POINT('Ctrl Pts',(-16.4606009428586,-355.274893596304,65.4527743378858));
#4487=CARTESIAN_POINT('Ctrl Pts',(-16.3437331350357,-355.386819372414,65.5067155063621));
#4488=CARTESIAN_POINT('Ctrl Pts',(-16.2297664859294,-355.499981994099,65.5648268700248));
#4489=CARTESIAN_POINT('',(-17.0555479053623,-355.499981994099,66.2099980236641));
#4490=CARTESIAN_POINT('Origin',(-10.0848678855396,-355.499981994099,74.2810000000002));
#4491=CARTESIAN_POINT('',(-17.127507174101,-355.164476958272,65.8310750387292));
#4492=CARTESIAN_POINT('Ctrl Pts',(-17.0555479053623,-355.499981994099,66.209998023664));
#4493=CARTESIAN_POINT('Ctrl Pts',(-17.084360493501,-355.38682562426,66.0853651457635));
#4494=CARTESIAN_POINT('Ctrl Pts',(-17.1084285062215,-355.274891181858,65.9589095802682));
#4495=CARTESIAN_POINT('Ctrl Pts',(-17.127507174101,-355.164476958272,65.8310750387291));
#4496=CARTESIAN_POINT('Origin',(-10.0848678855396,-355.164476958268,74.2810000000002));
#4497=CARTESIAN_POINT('Origin',(-10.0848678855396,-345.499981994099,74.2810000000002));
#4498=CARTESIAN_POINT('',(-16.5800253161003,-345.835487029926,65.4033353322999));
#4499=CARTESIAN_POINT('',(-16.5800253161003,-345.499981994099,65.4033353322999));
#4500=CARTESIAN_POINT('',(-17.1275071741018,-345.83548702993,65.831075038724));
#4501=CARTESIAN_POINT('',(-17.1275071741011,-345.499981994099,65.8310750387292));
#4502=CARTESIAN_POINT('Origin',(-10.0848678855396,-345.83548702993,74.2810000000002));
#4503=CARTESIAN_POINT('Origin',(-10.0848678855396,-345.83548702993,74.2810000000002));
#4504=CARTESIAN_POINT('',(-16.2297664859294,-345.499981994099,65.5648268700249));
#4505=CARTESIAN_POINT('Ctrl Pts',(-16.2297664859294,-345.499981994099,65.5648268700248));
#4506=CARTESIAN_POINT('Ctrl Pts',(-16.3437268387702,-345.613138363938,65.5067187168152));
#4507=CARTESIAN_POINT('Ctrl Pts',(-16.4606035542734,-345.72507280634,65.4527732568188));
#4508=CARTESIAN_POINT('Ctrl Pts',(-16.5800253161003,-345.835487029926,65.4033353322999));
#4509=CARTESIAN_POINT('',(-17.0555479053623,-345.499981994099,66.2099980236641));
#4510=CARTESIAN_POINT('Ctrl Pts',(-17.1275071741018,-345.83548702993,65.831075038724));
#4511=CARTESIAN_POINT('Ctrl Pts',(-17.1084280890258,-345.725070391897,65.9589123756432));
#4512=CARTESIAN_POINT('Ctrl Pts',(-17.0843620853858,-345.613144615785,66.0853582598434));
#4513=CARTESIAN_POINT('Ctrl Pts',(-17.0555479053623,-345.499981994099,66.2099980236641));
#4514=CARTESIAN_POINT('Origin',(-10.0848678855396,-345.499981994099,74.2810000000002));
#4515=CARTESIAN_POINT('Origin',(-10.0848678855396,-345.499981994099,74.2810000000002));
#4516=CARTESIAN_POINT('',(-13.847089462122,-345.83548702993,63.9443811713552));
#4517=CARTESIAN_POINT('',(-13.847089462122,-345.499981994099,63.9443811713552));
#4518=CARTESIAN_POINT('Origin',(-10.0848678855396,-345.83548702993,74.2810000000002));
#4519=CARTESIAN_POINT('Origin',(-10.0848678855396,-345.83548702993,74.2810000000002));
#4520=CARTESIAN_POINT('',(-13.9147186397879,-345.499981994099,64.3279252971278));
#4521=CARTESIAN_POINT('Ctrl Pts',(-13.847089462122,-345.83548702993,63.9443811713552));
#4522=CARTESIAN_POINT('Ctrl Pts',(-13.881427717204,-345.664233858016,64.1391230931193));
#4523=CARTESIAN_POINT('Ctrl Pts',(-13.9147186397879,-345.499981994099,64.3279252971277));
#4524=CARTESIAN_POINT('Origin',(-10.0848678855396,-345.499981994099,74.2810000000002));
#4525=CARTESIAN_POINT('Origin',(-12.2997761413287,-345.499981994099,65.1105602554998));
#4526=CARTESIAN_POINT('',(-16.3851172356018,-345.499981994099,67.7819113408288));
#4527=CARTESIAN_POINT('Origin',(-12.2997761413287,-345.499981994099,65.1105602554998));
#4528=CARTESIAN_POINT('',(-16.3851172356018,-355.499981994099,67.7819113408288));
#4529=CARTESIAN_POINT('Origin',(-12.2997761413287,-355.499981994099,65.1105602554998));
#4530=CARTESIAN_POINT('',(-16.3851172356018,-345.499981994099,67.7819113408288));
#4531=CARTESIAN_POINT('Origin',(-16.2099446002615,-345.499981994099,68.0323253214166));
#4532=CARTESIAN_POINT('',(-16.5289430889593,-355.499981994099,68.3744093192413));
#4533=CARTESIAN_POINT('',(-16.4265863709969,-355.499981994099,68.2646451776376));
#4534=CARTESIAN_POINT('',(-21.6667166054985,-355.499981994099,73.8839968775714));
#4535=CARTESIAN_POINT('',(-16.5289430889593,-345.499981994099,68.3744093192413));
#4536=CARTESIAN_POINT('',(-16.5289430889593,-355.499981994099,68.3744093192413));
#4537=CARTESIAN_POINT('',(-16.4265863709969,-345.499981994099,68.2646451776376));
#4538=CARTESIAN_POINT('',(-16.2099446002615,-345.499981994099,68.0323253214166));
#4539=CARTESIAN_POINT('',(-16.4265863709969,-345.499981994099,68.2646451776376));
#4540=CARTESIAN_POINT('Origin',(-19.3874730893177,-345.499981994099,72.7111846886606));
#4541=CARTESIAN_POINT('',(-17.0076082697493,-355.499981994099,68.4494512481195));
#4542=CARTESIAN_POINT('Origin',(-19.3874730893177,-355.499981994099,72.7111846886606));
#4543=CARTESIAN_POINT('',(-17.0076082697494,-345.499981994099,68.4494512481195));
#4544=CARTESIAN_POINT('Origin',(-19.3874730893177,-345.499981994099,72.7111846886606));
#4545=CARTESIAN_POINT('',(-17.0076082697494,-345.499981994099,68.4494512481195));
#4546=CARTESIAN_POINT('Origin',(-13.9792153398809,-345.499981994099,66.4454044320254));
#4547=CARTESIAN_POINT('',(-14.3215466853071,-355.499981994099,66.6351617953913));
#4548=CARTESIAN_POINT('',(-14.3215466853071,-345.499981994099,66.6351617953913));
#4549=CARTESIAN_POINT('',(-14.3215466853071,-347.999981994099,66.6351617953913));
#4550=CARTESIAN_POINT('',(-14.3883107000767,-355.499981994099,66.6721696930894));
#4551=CARTESIAN_POINT('',(-19.9833353492381,-355.499981994099,69.7735424992208));
#4552=CARTESIAN_POINT('',(-14.3883107000767,-345.499981994099,66.6721696930893));
#4553=CARTESIAN_POINT('',(-14.3883107000767,-355.499981994099,66.6721696930894));
#4554=CARTESIAN_POINT('',(-13.9792153398809,-345.499981994099,66.4454044320254));
#4555=CARTESIAN_POINT('Origin',(-18.4470715738801,-345.499981994099,69.9133538188425));
#4556=CARTESIAN_POINT('',(-14.8667375707047,-355.499981994099,66.5956231330647));
#4557=CARTESIAN_POINT('Origin',(-18.44707157388,-355.499981994099,69.9133538188425));
#4558=CARTESIAN_POINT('',(-14.8667375707048,-345.499981994099,66.5956231330647));
#4559=CARTESIAN_POINT('Origin',(-18.4470715738801,-345.499981994099,69.9133538188425));
#4560=CARTESIAN_POINT('',(-14.8667375707048,-345.499981994099,66.5956231330647));
#4561=CARTESIAN_POINT('Origin',(-0.678817117220185,-345.499981994099,75.0083187972782));
#4562=CARTESIAN_POINT('',(-1.95698314828578,-345.499981994099,70.2974356449727));
#4563=CARTESIAN_POINT('Origin',(-0.678817117220185,-345.499981994099,75.0083187972782));
#4564=CARTESIAN_POINT('',(-1.95698314828574,-355.499981994099,70.2974356449727));
#4565=CARTESIAN_POINT('Origin',(-0.678817117220161,-355.499981994099,75.0083187972782));
#4566=CARTESIAN_POINT('',(-1.95698314828578,-345.499981994099,70.2974356449727));
#4567=CARTESIAN_POINT('Origin',(-2.24927231756483,-345.499981994099,70.386652545659));
#4568=CARTESIAN_POINT('',(-2.40327564183978,-355.499981994099,70.1088231941964));
#4569=CARTESIAN_POINT('',(-0.159945050631747,-355.499981994099,74.1558987115969));
#4570=CARTESIAN_POINT('',(-2.40327564183981,-345.499981994099,70.1088231941964));
#4571=CARTESIAN_POINT('',(-2.24927231756483,-345.499981994099,70.386652545659));
#4572=CARTESIAN_POINT('',(-2.40327564183981,-345.499981994099,70.1088231941964));
#4573=CARTESIAN_POINT('Origin',(-5.71722170438189,-345.499981994099,65.9187963116597));
#4574=CARTESIAN_POINT('Origin',(-5.71722170438185,-355.499981994099,65.9187963116597));
#4575=CARTESIAN_POINT('Origin',(-5.71722170438189,-345.499981994099,65.9187963116597));
#4576=CARTESIAN_POINT('Origin',(-1.36393587841362,-345.499981994099,77.8793508189396));
#4577=CARTESIAN_POINT('',(-1.12380105858864,-345.499981994099,73.0040596742024));
#4578=CARTESIAN_POINT('Origin',(-1.36393587841362,-345.499981994099,77.8793508189396));
#4579=CARTESIAN_POINT('',(-1.12380105858861,-355.499981994099,73.0040596742024));
#4580=CARTESIAN_POINT('Origin',(-1.3639358784136,-355.499981994099,77.8793508189396));
#4581=CARTESIAN_POINT('',(-1.12380105858864,-345.499981994099,73.0040596742024));
#4582=CARTESIAN_POINT('Origin',(-1.42935411617152,-345.499981994099,72.9985876683848));
#4583=CARTESIAN_POINT('',(-1.48996599011621,-355.499981994099,72.686766608867));
#4584=CARTESIAN_POINT('',(-0.269342873921847,-355.499981994099,78.966328163271));
#4585=CARTESIAN_POINT('',(-1.48996599011622,-345.499981994099,72.686766608867));
#4586=CARTESIAN_POINT('',(-1.42935411617152,-345.499981994099,72.9985876683848));
#4587=CARTESIAN_POINT('',(-1.48996599011622,-345.499981994099,72.686766608867));
#4588=CARTESIAN_POINT('Origin',(-3.34692647395586,-345.499981994099,67.6777485870113));
#4589=CARTESIAN_POINT('Origin',(-3.34692647395582,-355.499981994099,67.6777485870113));
#4590=CARTESIAN_POINT('Origin',(-3.34692647395586,-345.499981994099,67.6777485870113));
#4591=CARTESIAN_POINT('Origin',(-2.90272022677076,-345.499981994099,80.3981511912589));
#4592=CARTESIAN_POINT('',(-1.16779062533737,-345.499981994099,75.8356795194876));
#4593=CARTESIAN_POINT('Origin',(-2.90272022677076,-345.499981994099,80.3981511912589));
#4594=CARTESIAN_POINT('',(-1.16779062533735,-355.499981994099,75.8356795194876));
#4595=CARTESIAN_POINT('Origin',(-2.90272022677074,-355.499981994099,80.3981511912588));
#4596=CARTESIAN_POINT('',(-1.16779062533737,-345.499981994099,75.8356795194876));
#4597=CARTESIAN_POINT('Origin',(-1.45669790903449,-345.499981994099,75.7360542452212));
#4598=CARTESIAN_POINT('',(-1.41798522011944,-355.499981994099,75.4207646955389));
#4599=CARTESIAN_POINT('',(-2.33607699524871,-355.499981994099,82.8980221648654));
#4600=CARTESIAN_POINT('',(-1.41798522011948,-345.499981994099,75.4207646955389));
#4601=CARTESIAN_POINT('',(-1.45669790903449,-345.499981994099,75.7360542452212));
#4602=CARTESIAN_POINT('',(-1.41798522011948,-345.499981994099,75.4207646955389));
#4603=CARTESIAN_POINT('Origin',(-1.63618789489393,-345.499981994099,70.083073118224));
#4604=CARTESIAN_POINT('Origin',(-1.6361878948939,-355.499981994099,70.083073118224));
#4605=CARTESIAN_POINT('Origin',(-1.63618789489393,-345.499981994099,70.083073118224));
#4606=CARTESIAN_POINT('Origin',(-5.14454322893335,-345.499981994099,82.3181621842792));
#4607=CARTESIAN_POINT('',(-2.08464584324519,-345.499981994099,78.5151165013161));
#4608=CARTESIAN_POINT('Origin',(-5.14454322893335,-345.499981994099,82.3181621842792));
#4609=CARTESIAN_POINT('',(-2.08464584324517,-355.499981994099,78.5151165013161));
#4610=CARTESIAN_POINT('Origin',(-5.14454322893331,-355.499981994099,82.3181621842792));
#4611=CARTESIAN_POINT('',(-2.08464584324519,-345.499981994099,78.5151165013161));
#4612=CARTESIAN_POINT('Origin',(-2.32862709519288,-345.499981994099,78.3310899745763));
#4613=CARTESIAN_POINT('',(-2.13095127266005,-355.499981994099,77.9071728051373));
#4614=CARTESIAN_POINT('',(-2.19437931113626,-355.499981994099,78.0431946726039));
#4615=CARTESIAN_POINT('',(-5.54361138582375,-355.499981994099,85.2256460351638));
#4616=CARTESIAN_POINT('',(-2.13095127266008,-345.499981994099,77.9071728051373));
#4617=CARTESIAN_POINT('',(-2.13095127266005,-355.499981994099,77.9071728051373));
#4618=CARTESIAN_POINT('',(-2.1943793111363,-345.499981994099,78.0431946726039));
#4619=CARTESIAN_POINT('',(-2.32862709519288,-345.499981994099,78.3310899745763));
#4620=CARTESIAN_POINT('',(-2.1943793111363,-345.499981994099,78.0431946726039));
#4621=CARTESIAN_POINT('Origin',(-0.752464978731282,-345.499981994099,72.8993199813014));
#4622=CARTESIAN_POINT('',(-1.69890286466015,-355.499981994099,77.6878880142026));
#4623=CARTESIAN_POINT('Origin',(-0.752464978731247,-355.499981994099,72.8993199813014));
#4624=CARTESIAN_POINT('',(-1.69890286466018,-345.499981994099,77.6878880142026));
#4625=CARTESIAN_POINT('Origin',(-0.752464978731282,-345.499981994099,72.8993199813014));
#4626=CARTESIAN_POINT('',(-1.69890286466018,-345.499981994099,77.6878880142026));
#4627=CARTESIAN_POINT('Origin',(-7.86995962975055,-345.499981994099,83.4514397445006));
#4628=CARTESIAN_POINT('Origin',(-7.86995962975055,-345.499981994099,83.4514397445006));
#4629=CARTESIAN_POINT('Origin',(-7.86995962975052,-355.499981994099,83.4514397445006));
#4630=CARTESIAN_POINT('Origin',(-3.95979117081772,-345.499981994099,80.5296746785838));
#4631=CARTESIAN_POINT('',(-3.64079268211992,-355.499981994099,80.1875906807592));
#4632=CARTESIAN_POINT('',(-8.88092291662153,-355.499981994099,85.8069423806929));
#4633=CARTESIAN_POINT('',(-3.64079268211996,-345.499981994099,80.1875906807592));
#4634=CARTESIAN_POINT('',(-3.64079268211992,-355.499981994099,80.1875906807592));
#4635=CARTESIAN_POINT('',(-3.95979117081772,-345.499981994099,80.5296746785838));
#4636=CARTESIAN_POINT('Origin',(-0.782262681761487,-345.499981994099,75.8508153113399));
#4637=CARTESIAN_POINT('',(-3.16212750132987,-355.499981994099,80.1125487518809));
#4638=CARTESIAN_POINT('Origin',(-0.782262681761472,-355.499981994099,75.8508153113399));
#4639=CARTESIAN_POINT('',(-3.16212750132989,-345.499981994099,80.1125487518809));
#4640=CARTESIAN_POINT('Origin',(-0.782262681761487,-345.499981994099,75.8508153113399));
#4641=CARTESIAN_POINT('',(-3.16212750132989,-345.499981994099,80.1125487518809));
#4642=CARTESIAN_POINT('Origin',(-10.8121866828176,-345.499981994099,83.6870507683196));
#4643=CARTESIAN_POINT('Origin',(-10.8121866828176,-345.499981994099,83.6870507683196));
#4644=CARTESIAN_POINT('Origin',(-10.8121866828176,-355.499981994099,83.6870507683196));
#4645=CARTESIAN_POINT('Origin',(-6.19052043119841,-345.499981994099,82.116595567975));
#4646=CARTESIAN_POINT('',(-5.78142507100251,-355.499981994099,81.8898303069111));
#4647=CARTESIAN_POINT('',(-11.5077157288972,-355.499981994099,85.0639650498315));
#4648=CARTESIAN_POINT('',(-5.78142507100253,-345.499981994099,81.8898303069111));
#4649=CARTESIAN_POINT('',(-5.78142507100251,-355.499981994099,81.8898303069111));
#4650=CARTESIAN_POINT('',(-6.19052043119841,-345.499981994099,82.116595567975));
#4651=CARTESIAN_POINT('Origin',(-1.7226641971992,-345.499981994099,78.648646181158));
#4652=CARTESIAN_POINT('',(-5.30299820037448,-355.499981994099,81.9663768669358));
#4653=CARTESIAN_POINT('Origin',(-1.72266419719917,-355.499981994099,78.648646181158));
#4654=CARTESIAN_POINT('',(-5.30299820037452,-345.499981994099,81.9663768669358));
#4655=CARTESIAN_POINT('Origin',(-1.7226641971992,-345.499981994099,78.648646181158));
#4656=CARTESIAN_POINT('',(-5.30299820037452,-345.499981994099,81.9663768669358));
#4657=CARTESIAN_POINT('Origin',(-13.683218704479,-345.499981994099,83.0019320071262));
#4658=CARTESIAN_POINT('Origin',(-13.683218704479,-345.499981994099,83.0019320071262));
#4659=CARTESIAN_POINT('Origin',(-13.683218704479,-355.499981994099,83.0019320071262));
#4660=CARTESIAN_POINT('Origin',(-8.80245555392423,-345.499981994099,82.9365137693683));
#4661=CARTESIAN_POINT('',(-8.34330842642116,-355.499981994099,82.8472646087846));
#4662=CARTESIAN_POINT('',(-13.0328593138532,-355.499981994099,83.7588209600007));
#4663=CARTESIAN_POINT('',(-8.3433084264212,-345.499981994099,82.8472646087846));
#4664=CARTESIAN_POINT('',(-8.34330842642116,-355.499981994099,82.8472646087846));
#4665=CARTESIAN_POINT('',(-8.80245555392423,-345.499981994099,82.9365137693683));
#4666=CARTESIAN_POINT('Origin',(-3.48161647255067,-345.499981994099,81.018941411584));
#4667=CARTESIAN_POINT('',(-7.91195162144825,-355.499981994099,83.0679067470857));
#4668=CARTESIAN_POINT('Origin',(-3.48161647255063,-355.499981994099,81.018941411584));
#4669=CARTESIAN_POINT('',(-7.91195162144827,-345.499981994099,83.0679067470857));
#4670=CARTESIAN_POINT('Origin',(-3.48161647255067,-345.499981994099,81.018941411584));
#4671=CARTESIAN_POINT('',(-7.91195162144827,-345.499981994099,83.0679067470857));
#4672=CARTESIAN_POINT('Origin',(-16.2020190767983,-345.499981994099,81.463147658769));
#4673=CARTESIAN_POINT('Origin',(-16.2020190767983,-345.499981994099,81.463147658769));
#4674=CARTESIAN_POINT('Origin',(-16.2020190767983,-355.499981994099,81.463147658769));
#4675=CARTESIAN_POINT('Origin',(-11.5399221307606,-345.499981994099,82.9091699765053));
#4676=CARTESIAN_POINT('',(-11.0756677558566,-355.499981994099,82.9661732460752));
#4677=CARTESIAN_POINT('',(-13.6038591969363,-355.499981994099,82.6557503701037));
#4678=CARTESIAN_POINT('',(-11.0756677558566,-345.499981994099,82.9661732460752));
#4679=CARTESIAN_POINT('',(-11.0756677558566,-355.499981994099,82.9661732460752));
#4680=CARTESIAN_POINT('',(-11.5399221307606,-345.499981994099,82.9091699765053));
#4681=CARTESIAN_POINT('Origin',(-5.88694100376343,-345.499981994099,82.7296799906459));
#4682=CARTESIAN_POINT('',(-10.7336052260491,-355.499981994099,83.3093129728517));
#4683=CARTESIAN_POINT('Origin',(-5.88694100376339,-355.499981994099,82.7296799906459));
#4684=CARTESIAN_POINT('',(-10.7336052260491,-345.499981994099,83.3093129728517));
#4685=CARTESIAN_POINT('Origin',(-5.88694100376343,-345.499981994099,82.7296799906459));
#4686=CARTESIAN_POINT('',(-10.7336052260491,-345.499981994099,83.3093129728517));
#4687=CARTESIAN_POINT('Origin',(-18.1220300698186,-345.499981994099,79.2213246566064));
#4688=CARTESIAN_POINT('',(-14.3189843868556,-345.499981994099,82.2812220422946));
#4689=CARTESIAN_POINT('Origin',(-18.1220300698186,-345.499981994099,79.2213246566064));
#4690=CARTESIAN_POINT('',(-14.3189843868556,-355.499981994099,82.2812220422946));
#4691=CARTESIAN_POINT('Origin',(-18.1220300698186,-355.499981994099,79.2213246566064));
#4692=CARTESIAN_POINT('',(-14.3189843868556,-345.499981994099,82.2812220422946));
#4693=CARTESIAN_POINT('Origin',(-14.1349578601158,-345.499981994099,82.0372407903469));
#4694=CARTESIAN_POINT('',(-13.7110406906768,-355.499981994099,82.2349166128797));
#4695=CARTESIAN_POINT('',(-13.8470625581433,-355.499981994099,82.1714885744035));
#4696=CARTESIAN_POINT('',(-13.77905162441,-355.499981994099,82.2032025936416));
#4697=CARTESIAN_POINT('',(-13.7110406906768,-345.499981994099,82.2349166128797));
#4698=CARTESIAN_POINT('',(-13.7110406906768,-355.499981994099,82.2349166128797));
#4699=CARTESIAN_POINT('',(-13.8470625581434,-345.499981994099,82.1714885744035));
#4700=CARTESIAN_POINT('',(-14.1349578601158,-345.499981994099,82.0372407903469));
#4701=CARTESIAN_POINT('',(-13.8470625581434,-345.499981994099,82.1714885744035));
#4702=CARTESIAN_POINT('Origin',(-8.70318786684086,-345.499981994099,83.6134029068086));
#4703=CARTESIAN_POINT('',(-13.4917558997421,-355.499981994099,82.6669650208796));
#4704=CARTESIAN_POINT('Origin',(-8.70318786684083,-355.499981994099,83.6134029068086));
#4705=CARTESIAN_POINT('',(-13.4917558997421,-345.499981994099,82.6669650208796));
#4706=CARTESIAN_POINT('Origin',(-8.70318786684086,-345.499981994099,83.6134029068086));
#4707=CARTESIAN_POINT('',(-13.4917558997421,-345.499981994099,82.6669650208796));
#4708=CARTESIAN_POINT('Origin',(-19.2553076300401,-345.499981994099,76.4959082557892));
#4709=CARTESIAN_POINT('',(-16.5839565447111,-345.499981994099,80.5812493500623));
#4710=CARTESIAN_POINT('Origin',(-19.2553076300401,-345.499981994099,76.4959082557892));
#4711=CARTESIAN_POINT('',(-16.583956544711,-355.499981994099,80.5812493500623));
#4712=CARTESIAN_POINT('Origin',(-19.25530763004,-355.499981994099,76.4959082557892));
#4713=CARTESIAN_POINT('',(-16.5839565447111,-345.499981994099,80.5812493500623));
#4714=CARTESIAN_POINT('Origin',(-16.3335425641232,-345.499981994099,80.4060767147221));
#4715=CARTESIAN_POINT('',(-15.9914585662985,-355.499981994099,80.7250752034198));
#4716=CARTESIAN_POINT('',(-16.1012227079022,-355.499981994099,80.6227184854574));
#4717=CARTESIAN_POINT('',(-14.2383348555056,-355.499981994099,82.3598895115999));
#4718=CARTESIAN_POINT('',(-15.9914585662986,-345.499981994099,80.7250752034198));
#4719=CARTESIAN_POINT('',(-15.9914585662985,-355.499981994099,80.7250752034198));
#4720=CARTESIAN_POINT('',(-16.1012227079023,-345.499981994099,80.6227184854574));
#4721=CARTESIAN_POINT('',(-16.3335425641232,-345.499981994099,80.4060767147221));
#4722=CARTESIAN_POINT('',(-16.1012227079023,-345.499981994099,80.6227184854574));
#4723=CARTESIAN_POINT('Origin',(-19.490918653859,-345.499981994099,73.5536812027222));
#4724=CARTESIAN_POINT('',(-18.2127526227935,-345.499981994099,78.2645643550276));
#4725=CARTESIAN_POINT('Origin',(-19.490918653859,-345.499981994099,73.5536812027222));
#4726=CARTESIAN_POINT('',(-18.2127526227934,-355.499981994099,78.2645643550276));
#4727=CARTESIAN_POINT('Origin',(-19.490918653859,-355.499981994099,73.5536812027222));
#4728=CARTESIAN_POINT('',(-18.2127526227935,-345.499981994099,78.2645643550276));
#4729=CARTESIAN_POINT('Origin',(-17.9204634535144,-345.499981994099,78.1753474543414));
#4730=CARTESIAN_POINT('',(-17.6936981924505,-355.499981994099,78.5844428145373));
#4731=CARTESIAN_POINT('',(-17.7664601292394,-355.499981994099,78.453176805804));
#4732=CARTESIAN_POINT('',(-15.4503676012425,-355.499981994099,82.6315183319379));
#4733=CARTESIAN_POINT('',(-17.6936981924505,-345.499981994099,78.5844428145373));
#4734=CARTESIAN_POINT('',(-17.6936981924505,-355.499981994099,78.5844428145373));
#4735=CARTESIAN_POINT('',(-17.7664601292394,-345.499981994099,78.453176805804));
#4736=CARTESIAN_POINT('',(-17.9204634535144,-345.499981994099,78.1753474543414));
#4737=CARTESIAN_POINT('',(-17.7664601292394,-345.499981994099,78.453176805804));
#4738=CARTESIAN_POINT('Origin',(-18.8057998926656,-345.499981994099,70.6826491810607));
#4739=CARTESIAN_POINT('',(-19.0459347124906,-345.499981994099,75.557940325798));
#4740=CARTESIAN_POINT('Origin',(-18.8057998926656,-345.499981994099,70.6826491810607));
#4741=CARTESIAN_POINT('',(-19.0459347124905,-355.499981994099,75.5579403257979));
#4742=CARTESIAN_POINT('Origin',(-18.8057998926655,-355.499981994099,70.6826491810607));
#4743=CARTESIAN_POINT('',(-19.0459347124906,-345.499981994099,75.557940325798));
#4744=CARTESIAN_POINT('Origin',(-18.7403816549077,-345.499981994099,75.5634123316156));
#4745=CARTESIAN_POINT('',(-18.6511324943239,-355.499981994099,76.0225594591186));
#4746=CARTESIAN_POINT('',(-18.679769780963,-355.499981994099,75.8752333911333));
#4747=CARTESIAN_POINT('',(-17.4305093781296,-355.499981994099,82.3021210135226));
#4748=CARTESIAN_POINT('',(-18.651132494324,-345.499981994099,76.0225594591186));
#4749=CARTESIAN_POINT('',(-18.6511324943239,-355.499981994099,76.0225594591186));
#4750=CARTESIAN_POINT('',(-18.679769780963,-345.499981994099,75.8752333911333));
#4751=CARTESIAN_POINT('',(-18.7403816549077,-345.499981994099,75.5634123316156));
#4752=CARTESIAN_POINT('',(-18.679769780963,-345.499981994099,75.8752333911333));
#4753=CARTESIAN_POINT('Origin',(-16.8228092971234,-345.499981994099,80.8842514129891));
#4754=CARTESIAN_POINT('',(-18.8717746326251,-355.499981994099,76.4539162640915));
#4755=CARTESIAN_POINT('Origin',(-16.8228092971234,-355.499981994099,80.8842514129891));
#4756=CARTESIAN_POINT('',(-18.8717746326251,-345.499981994099,76.4539162640915));
#4757=CARTESIAN_POINT('Origin',(-16.8228092971234,-345.499981994099,80.8842514129891));
#4758=CARTESIAN_POINT('',(-18.8717746326251,-345.499981994099,76.4539162640915));
#4759=CARTESIAN_POINT('Origin',(-17.2670155443084,-345.499981994099,68.1638488087415));
#4760=CARTESIAN_POINT('',(-19.0019451457418,-345.499981994099,72.7263204805128));
#4761=CARTESIAN_POINT('Origin',(-17.2670155443084,-345.499981994099,68.1638488087415));
#4762=CARTESIAN_POINT('',(-19.0019451457418,-355.499981994099,72.7263204805128));
#4763=CARTESIAN_POINT('Origin',(-17.2670155443084,-355.499981994099,68.1638488087415));
#4764=CARTESIAN_POINT('',(-19.0019451457418,-345.499981994099,72.7263204805128));
#4765=CARTESIAN_POINT('Origin',(-18.7130378620447,-345.499981994099,72.8259457547792));
#4766=CARTESIAN_POINT('',(-18.7700411316145,-355.499981994099,73.2902001296832));
#4767=CARTESIAN_POINT('',(-18.7517505509597,-355.499981994099,73.1412353044614));
#4768=CARTESIAN_POINT('',(-19.6881329067439,-355.499981994099,80.7674575990096));
#4769=CARTESIAN_POINT('',(-18.7700411316146,-345.499981994099,73.2902001296832));
#4770=CARTESIAN_POINT('',(-18.7700411316145,-355.499981994099,73.2902001296832));
#4771=CARTESIAN_POINT('',(-18.7517505509597,-345.499981994099,73.1412353044614));
#4772=CARTESIAN_POINT('',(-18.7130378620447,-345.499981994099,72.8259457547792));
#4773=CARTESIAN_POINT('',(-18.7517505509597,-345.499981994099,73.1412353044614));
#4774=CARTESIAN_POINT('Origin',(-18.5335478761853,-345.499981994099,78.4789268817764));
#4775=CARTESIAN_POINT('',(-19.113180858391,-355.499981994099,73.6322626594906));
#4776=CARTESIAN_POINT('Origin',(-18.5335478761853,-355.499981994099,78.4789268817764));
#4777=CARTESIAN_POINT('',(-19.1131808583911,-345.499981994099,73.6322626594906));
#4778=CARTESIAN_POINT('Origin',(-18.5335478761853,-345.499981994099,78.4789268817764));
#4779=CARTESIAN_POINT('',(-19.1131808583911,-345.499981994099,73.6322626594906));
#4780=CARTESIAN_POINT('Origin',(-19.1598130939077,-345.499981994099,73.2423421504407));
#4781=CARTESIAN_POINT('Origin',(-19.1598130939077,-345.499981994099,73.2423421504407));
#4782=CARTESIAN_POINT('Origin',(-19.1598130939077,-355.499981994099,73.2423421504408));
#4783=CARTESIAN_POINT('Origin',(-19.1415225132529,-345.499981994099,73.093377325219));
#4784=CARTESIAN_POINT('Origin',(-19.1415225132529,-345.499981994099,73.093377325219));
#4785=CARTESIAN_POINT('Origin',(-19.1415225132529,-355.499981994099,73.093377325219));
#4786=CARTESIAN_POINT('Origin',(-19.0366165878344,-345.499981994099,76.0974899763828));
#4787=CARTESIAN_POINT('Origin',(-19.0366165878344,-345.499981994099,76.0974899763828));
#4788=CARTESIAN_POINT('Origin',(-19.0366165878343,-355.499981994099,76.0974899763828));
#4789=CARTESIAN_POINT('Origin',(-19.0652538744734,-345.499981994099,75.9501639083976));
#4790=CARTESIAN_POINT('Origin',(-19.0652538744734,-345.499981994099,75.9501639083976));
#4791=CARTESIAN_POINT('Origin',(-19.0652538744734,-355.499981994099,75.9501639083976));
#4792=CARTESIAN_POINT('Origin',(-18.0371605482798,-345.499981994099,78.7748271072067));
#4793=CARTESIAN_POINT('Origin',(-18.0371605482798,-345.499981994099,78.7748271072067));
#4794=CARTESIAN_POINT('Origin',(-18.0371605482797,-355.499981994099,78.7748271072067));
#4795=CARTESIAN_POINT('Origin',(-18.1099224850687,-345.499981994099,78.6435610984734));
#4796=CARTESIAN_POINT('Origin',(-18.1099224850687,-345.499981994099,78.6435610984734));
#4797=CARTESIAN_POINT('Origin',(-18.1099224850687,-355.499981994099,78.6435610984734));
#4798=CARTESIAN_POINT('Origin',(-16.2592786960152,-345.499981994099,81.0122771304427));
#4799=CARTESIAN_POINT('Origin',(-16.2592786960152,-345.499981994099,81.0122771304427));
#4800=CARTESIAN_POINT('Origin',(-16.2592786960152,-355.499981994099,81.0122771304427));
#4801=CARTESIAN_POINT('Origin',(-16.3690428376189,-345.499981994099,80.9099204124803));
#4802=CARTESIAN_POINT('Origin',(-16.3690428376189,-345.499981994099,80.9099204124803));
#4803=CARTESIAN_POINT('Origin',(-16.3690428376188,-355.499981994099,80.9099204124803));
#4804=CARTESIAN_POINT('Origin',(-13.8770024939715,-345.499981994099,82.5908228485854));
#4805=CARTESIAN_POINT('Origin',(-13.8770024939715,-345.499981994099,82.5908228485854));
#4806=CARTESIAN_POINT('Origin',(-13.8770024939714,-355.499981994099,82.5908228485854));
#4807=CARTESIAN_POINT('Origin',(-14.0130243614381,-345.499981994099,82.5273948101092));
#4808=CARTESIAN_POINT('Origin',(-14.0130243614381,-345.499981994099,82.5273948101092));
#4809=CARTESIAN_POINT('Origin',(-14.013024361438,-355.499981994099,82.5273948101092));
#4810=CARTESIAN_POINT('Origin',(-11.123525735099,-345.499981994099,83.3559452083683));
#4811=CARTESIAN_POINT('Origin',(-11.123525735099,-345.499981994099,83.3559452083683));
#4812=CARTESIAN_POINT('Origin',(-11.123525735099,-355.499981994099,83.3559452083683));
#4813=CARTESIAN_POINT('Origin',(-8.26837790915699,-345.499981994099,83.232748702295));
#4814=CARTESIAN_POINT('Origin',(-8.26837790915699,-345.499981994099,83.232748702295));
#4815=CARTESIAN_POINT('Origin',(-8.26837790915694,-355.499981994099,83.232748702295));
#4816=CARTESIAN_POINT('Origin',(-5.5910407783331,-345.499981994099,82.2332926627404));
#4817=CARTESIAN_POINT('Origin',(-5.5910407783331,-345.499981994099,82.2332926627404));
#4818=CARTESIAN_POINT('Origin',(-5.59104077833306,-355.499981994099,82.2332926627404));
#4819=CARTESIAN_POINT('Origin',(-3.35359075509714,-345.499981994099,80.4554108104758));
#4820=CARTESIAN_POINT('Origin',(-3.35359075509714,-345.499981994099,80.4554108104758));
#4821=CARTESIAN_POINT('Origin',(-3.35359075509712,-355.499981994099,80.4554108104758));
#4822=CARTESIAN_POINT('Origin',(-1.77504503695439,-345.499981994099,78.073134608432));
#4823=CARTESIAN_POINT('Origin',(-1.77504503695439,-345.499981994099,78.073134608432));
#4824=CARTESIAN_POINT('Origin',(-1.77504503695436,-355.499981994099,78.073134608432));
#4825=CARTESIAN_POINT('Origin',(-1.8384730754306,-345.499981994099,78.2091564758986));
#4826=CARTESIAN_POINT('Origin',(-1.8384730754306,-345.499981994099,78.2091564758986));
#4827=CARTESIAN_POINT('Origin',(-1.83847307543057,-355.499981994099,78.2091564758986));
#4828=CARTESIAN_POINT('Origin',(-1.02821325782631,-345.499981994099,75.4686226747813));
#4829=CARTESIAN_POINT('Origin',(-1.02821325782631,-345.499981994099,75.4686226747813));
#4830=CARTESIAN_POINT('Origin',(-1.02821325782627,-355.499981994099,75.4686226747813));
#4831=CARTESIAN_POINT('Origin',(-1.10448189660582,-345.499981994099,72.6118360916028));
#4832=CARTESIAN_POINT('Origin',(-1.10448189660582,-345.499981994099,72.6118360916028));
#4833=CARTESIAN_POINT('Origin',(-1.10448189660579,-355.499981994099,72.6118360916028));
#4834=CARTESIAN_POINT('Origin',(-2.05981328601055,-345.499981994099,69.9184389015269));
#4835=CARTESIAN_POINT('Origin',(-2.05981328601055,-345.499981994099,69.9184389015269));
#4836=CARTESIAN_POINT('Origin',(-2.05981328601053,-355.499981994099,69.9184389015269));
#4837=CARTESIAN_POINT('Origin',(-14.5786949927462,-345.499981994099,66.3287073372601));
#4838=CARTESIAN_POINT('Origin',(-14.5786949927462,-345.499981994099,66.3287073372601));
#4839=CARTESIAN_POINT('Origin',(-14.5786949927462,-355.499981994099,66.3287073372601));
#4840=CARTESIAN_POINT('Origin',(-16.8161450159821,-345.499981994099,68.1065891895247));
#4841=CARTESIAN_POINT('Origin',(-16.8161450159821,-345.499981994099,68.1065891895247));
#4842=CARTESIAN_POINT('Origin',(-16.8161450159821,-355.499981994099,68.1065891895247));
#4843=CARTESIAN_POINT('Origin',(-16.7137882980197,-345.499981994099,67.996825047921));
#4844=CARTESIAN_POINT('Origin',(-16.7137882980197,-345.499981994099,67.996825047921));
#4845=CARTESIAN_POINT('Origin',(-16.7137882980197,-355.499981994099,67.996825047921));
#4846=CARTESIAN_POINT('Origin',(-18.3946907341248,-345.499981994099,70.4888653915684));
#4847=CARTESIAN_POINT('Origin',(-18.3946907341248,-345.499981994099,70.4888653915684));
#4848=CARTESIAN_POINT('Origin',(-18.3946907341248,-355.499981994099,70.4888653915685));
#4849=CARTESIAN_POINT('Origin',(-18.3312626956486,-345.499981994099,70.3528435241018));
#4850=CARTESIAN_POINT('Origin',(-18.3312626956486,-345.499981994099,70.3528435241018));
#4851=CARTESIAN_POINT('Origin',(-18.3312626956486,-355.499981994099,70.3528435241018));
#4852=CARTESIAN_POINT('Origin',(-11.4086677953915,-350.499981994099,50.1154047042649));
#4853=CARTESIAN_POINT('',(-15.5013105271068,-355.499981994099,73.3259350228321));
#4854=CARTESIAN_POINT('',(-15.5013105271068,-345.499981994099,73.3259350228321));
#4855=CARTESIAN_POINT('Origin',(-11.4086677953915,-350.499981994099,50.1154047042649));
#4856=CARTESIAN_POINT('',(-11.4086677953915,-345.499981994099,50.1154047042649));
#4857=CARTESIAN_POINT('',(-15.5013105271068,-345.499981994099,73.3259350228321));
#4858=CARTESIAN_POINT('',(-11.4086677953915,-355.499981994099,50.1154047042649));
#4859=CARTESIAN_POINT('',(-11.4086677953915,-350.499981994099,50.1154047042649));
#4860=CARTESIAN_POINT('',(-15.5013105271068,-355.499981994099,73.3259350228321));
#4861=CARTESIAN_POINT('Origin',(-8.03854651968195,-355.499981994099,62.6757348407166));
#4862=CARTESIAN_POINT('',(-0.575782512257179,-355.499981994099,52.0255346586012));
#4863=CARTESIAN_POINT('Origin',(-5.9922251538243,-355.499981994099,51.070469681433));
#4864=CARTESIAN_POINT('',(-0.575782512257135,-355.499981994099,52.0255346586012));
#4865=CARTESIAN_POINT('',(-7.89547150660127,-355.499981994099,50.1829713317776));
#4866=CARTESIAN_POINT('Origin',(-5.9922251538243,-355.499981994099,51.070469681433));
#4867=CARTESIAN_POINT('Origin',(-8.03854651968198,-345.499981994099,62.6757348407166));
#4868=CARTESIAN_POINT('',(-0.575782512257197,-345.499981994099,52.0255346586012));
#4869=CARTESIAN_POINT('',(-0.575782512257152,-345.499981994099,52.0255346586012));
#4870=CARTESIAN_POINT('Origin',(-5.99222515382434,-345.499981994099,51.070469681433));
#4871=CARTESIAN_POINT('',(-7.89547150660131,-345.499981994099,50.1829713317776));
#4872=CARTESIAN_POINT('Origin',(-5.99222515382434,-345.499981994099,51.070469681433));
#4873=CARTESIAN_POINT('Origin',(-5.99222515382432,-350.499981994099,51.070469681433));
#4874=CARTESIAN_POINT('',(-7.89547150660129,-350.499981994099,50.1829713317775));
#4875=CARTESIAN_POINT('Origin',(-4.66842524397241,-350.499981994099,75.2360649771683));
#4876=CARTESIAN_POINT('',(-0.575782512257197,-350.499981994099,52.0255346586012));
#4877=CARTESIAN_POINT('Origin',(-5.99222515382432,-350.499981994099,51.070469681433));
#4878=UNCERTAINTY_MEASURE_WITH_UNIT(LENGTH_MEASURE(0.01),#4882,
'DISTANCE_ACCURACY_VALUE',
'Maximum model space distance between geometric entities at asserted c
onnectivities');
#4879=UNCERTAINTY_MEASURE_WITH_UNIT(LENGTH_MEASURE(0.01),#4882,
'DISTANCE_ACCURACY_VALUE',
'Maximum model space distance between geometric entities at asserted c
onnectivities');
#4880=(
GEOMETRIC_REPRESENTATION_CONTEXT(3)
GLOBAL_UNCERTAINTY_ASSIGNED_CONTEXT((#4878))
GLOBAL_UNIT_ASSIGNED_CONTEXT((#4882,#4884,#4885))
REPRESENTATION_CONTEXT('','3D')
);
#4881=(
GEOMETRIC_REPRESENTATION_CONTEXT(3)
GLOBAL_UNCERTAINTY_ASSIGNED_CONTEXT((#4879))
GLOBAL_UNIT_ASSIGNED_CONTEXT((#4882,#4884,#4885))
REPRESENTATION_CONTEXT('','3D')
);
#4882=(
LENGTH_UNIT()
NAMED_UNIT(*)
SI_UNIT(.MILLI.,.METRE.)
);
#4883=(
LENGTH_UNIT()
NAMED_UNIT(*)
SI_UNIT($,.METRE.)
);
#4884=(
NAMED_UNIT(*)
PLANE_ANGLE_UNIT()
SI_UNIT($,.RADIAN.)
);
#4885=(
NAMED_UNIT(*)
SI_UNIT($,.STERADIAN.)
SOLID_ANGLE_UNIT()
);
#4886=SHAPE_DEFINITION_REPRESENTATION(#4887,#4888);
#4887=PRODUCT_DEFINITION_SHAPE('',$,#4890);
#4888=SHAPE_REPRESENTATION('',(#2672),#4880);
#4889=PRODUCT_DEFINITION_CONTEXT('part definition',#4894,'design');
#4890=PRODUCT_DEFINITION('link Nema','link Nema',#4891,#4889);
#4891=PRODUCT_DEFINITION_FORMATION('',$,#4896);
#4892=PRODUCT_RELATED_PRODUCT_CATEGORY('link Nema','link Nema',(#4896));
#4893=APPLICATION_PROTOCOL_DEFINITION('international standard',
'automotive_design',2009,#4894);
#4894=APPLICATION_CONTEXT(
'Core Data for Automotive Mechanical Design Process');
#4895=PRODUCT_CONTEXT('part definition',#4894,'mechanical');
#4896=PRODUCT('link Nema','link Nema',$,(#4895));
#4897=PRESENTATION_STYLE_ASSIGNMENT((#4898));
#4898=SURFACE_STYLE_USAGE(.BOTH.,#4899);
#4899=SURFACE_SIDE_STYLE('',(#4900));
#4900=SURFACE_STYLE_FILL_AREA(#4901);
#4901=FILL_AREA_STYLE('Stal \X2\2014\X0\ satynowa',(#4902));
#4902=FILL_AREA_STYLE_COLOUR('Stal \X2\2014\X0\ satynowa',#4903);
#4903=COLOUR_RGB('Stal \X2\2014\X0\ satynowa',0.627450980392157,0.627450980392157,
0.627450980392157);
ENDSEC;
END-ISO-10303-21;
